DIPP-MOTION XYGraphData,,,,,,,,
Info,,,,,,,,
[ポイント_X_座標値] - [ポイント_Y_座標値],,,,,,,,
横軸単位,mm,,,,,,,
縦軸単位,mm,,,,,,,
系列名,[1]P 1,[2]P 2,[3]P 3,[4]P 4,,,,
色,255,65280,16711680,65535,,,,
時間,P 1(X),P 1(Y),P 2(X),P 2(Y),P 3(X),P 3(Y),P 4(X),P 4(Y)
0,-9.09E-13,-1.05E-12,-26.44708397,-212.6887675,-60.95169828,-328.8142883,-22.94318183,-329.0205587
0.001,-2.05E-12,-3.64E-12,-26.39987425,-212.7493737,-60.91570546,-328.7840641,-22.8707066,-329.0743421
0.002,2.84E-12,1.59E-12,-26.35744618,-212.7952529,-60.8831891,-328.7453036,-22.80238116,-329.1140095
0.003,2.84E-12,6.54E-13,-26.28752912,-212.8726422,-60.82057334,-328.7504345,-22.70530297,-329.1864091
0.004,1.48E-11,-9.09E-13,-26.21398424,-212.9028435,-60.7507799,-328.7260584,-22.60270132,-329.213454
0.005,-3.75E-12,-1.36E-12,-26.20463581,-212.9864317,-60.74141898,-328.7722228,-22.56176859,-329.2963298
0.006,-4.55E-13,7.39E-13,-26.13138175,-213.0144017,-60.66444804,-328.7782219,-22.45377085,-329.3266429
0.007,1.19E-11,-9.66E-13,-26.08885791,-213.1073332,-60.61456239,-328.8629338,-22.37271204,-329.4255837
0.008,-6.82E-13,-7.39E-13,-26.06326184,-213.1339773,-60.57801907,-328.8934089,-22.30415191,-329.4633278
0.009,6.82E-13,1.42E-12,-25.99228218,-213.2359614,-60.49256626,-329.0095734,-22.18642395,-329.5802393
0.01,-2.73E-12,-2.05E-12,-25.90534752,-213.286637,-60.38769201,-329.0830777,-22.04967727,-329.6488483
0.011,1.25E-12,1.36E-12,-25.93527211,-213.3609976,-60.39651559,-329.1864574,-22.02769221,-329.74257
0.012,4.43E-12,-5.68E-13,-25.88392705,-213.4215736,-60.32147519,-329.2811776,-21.92356799,-329.8237494
0.013,-6.59E-12,-2.87E-12,-25.84805672,-213.4934215,-60.26009508,-329.3906738,-21.83548996,-329.9167015
0.014,0,-1.99E-12,-25.81584773,-213.5840413,-60.20134175,-329.5208249,-21.75308564,-330.0281852
0.015,9.09E-13,2.84E-13,-25.75618011,-213.6381486,-60.11487512,-329.6147254,-21.646676,-330.1021746
0.016,-4.89E-12,4.75E-12,-25.76925684,-213.7282135,-60.10167804,-329.7432244,-21.61790498,-330.2103984
0.017,-1.26E-11,-7.67E-13,-25.69015419,-213.794119,-59.99760668,-329.8445836,-21.50328977,-330.2919982
0.018,1.59E-12,8.53E-13,-25.63091911,-213.8963121,-59.91548787,-329.9776289,-21.41631825,-330.4066796
0.019,1.25E-11,-2.33E-12,-25.57341102,-213.97981,-59.8379609,-330.0857565,-21.34029079,-330.4987184
0.02,-1.40E-11,-1.88E-12,-25.54616969,-214.0556662,-59.7940604,-330.1772853,-21.30448216,-330.5782569
0.021,-5.57E-12,-1.39E-12,-25.47817757,-214.1583685,-59.7129136,-330.2873458,-21.23790505,-330.6802344
0.022,-3.30E-12,8.53E-14,-25.43000227,-214.2293351,-59.6554446,-330.3570493,-21.20055868,-330.7465148
0.023,-5.46E-12,1.71E-12,-25.37074335,-214.3352482,-59.5908656,-330.4538498,-21.16097425,-330.844226
0.024,1.15E-11,-3.69E-12,-25.21922606,-214.4385622,-59.43811444,-330.540973,-21.03740865,-330.9362678
0.025,-5.34E-12,-2.64E-12,-25.25266347,-214.5128018,-59.47451678,-330.5927152,-21.10650655,-330.9966107
0.026,4.21E-12,1.39E-12,-25.16899115,-214.6185204,-59.39812084,-330.6704013,-21.06563519,-331.0862535
0.027,5.23E-12,-2.10E-12,-25.05897697,-214.7146855,-59.29980706,-330.7337705,-21.00499405,-331.1646094
0.028,-2.73E-12,-2.27E-13,-25.03850444,-214.8101828,-59.29557158,-330.7924799,-21.03989829,-331.2410098
0.029,-4.43E-12,-3.38E-12,-24.94208415,-214.9131903,-59.22003757,-330.8554792,-21.00429009,-331.3240782
0.03,-1.25E-12,3.47E-12,-24.84889622,-215.0105624,-59.15249778,-330.9103942,-20.97678125,-331.4011146
0.031,1.71E-12,-3.69E-13,-24.79019572,-215.1067323,-59.12431987,-330.9624296,-20.98805844,-331.4769977
0.032,2.61E-12,2.84E-14,-24.65854096,-215.1980571,-59.02817478,-331.0087142,-20.93011162,-331.5485303
0.033,2.03E-11,-6.54E-13,-24.59819155,-215.300348,-59.00844224,-331.0656777,-20.94663955,-331.6318164
0.034,4.77E-12,4.83E-13,-24.50903726,-215.4017048,-58.96467482,-331.122083,-20.93651383,-331.7152927
0.035,-2.05E-12,-2.22E-12,-24.31783493,-215.50581,-58.82327928,-331.1821498,-20.82546025,-331.802853
0.036,1.19E-11,-3.69E-12,-24.30099084,-215.5942596,-58.86031189,-331.2280119,-20.88885408,-331.8763051
0.037,1.14E-13,1.11E-12,-24.20262417,-215.6930212,-58.81954177,-331.286174,-20.86978349,-331.961828
0.038,-7.39E-12,-1.48E-12,-24.06392111,-215.7931735,-58.74188035,-331.3494243,-20.80774544,-332.0512852
0.039,1.24E-11,-4.55E-13,-23.97906273,-215.8798023,-58.72059424,-331.401652,-20.79732533,-332.1289288
0.04,-3.30E-12,4.26E-13,-23.86618523,-215.9851853,-58.67295032,-331.474867,-20.75655205,-332.2266548
0.041,1.07E-11,1.28E-12,-23.75050821,-216.0981635,-58.62329891,-331.5576427,-20.71053798,-332.3329223
0.042,-1.71E-12,-4.21E-12,-23.63962344,-216.1964224,-58.57836246,-331.627397,-20.66676757,-332.4250353
0.043,-3.98E-12,3.13E-13,-23.5355665,-216.2740332,-58.53930724,-331.6779332,-20.62716915,-332.4966831
0.044,-6.82E-13,-1.02E-12,-23.43863312,-216.3787199,-58.50555971,-331.7567076,-20.59193117,-332.5952079
0.045,-5.68E-12,-4.32E-12,-23.33540379,-216.4886214,-58.46283103,-331.8415914,-20.54752684,-332.698367
0.046,4.43E-12,4.01E-12,-23.21806533,-216.585889,-58.40274064,-331.9134516,-20.48633764,-332.7869132
0.047,1.25E-12,0,-23.12371885,-216.6640843,-58.36201918,-331.9669179,-20.4458562,-332.8553622
0.048,-1.93E-12,-2.36E-12,-23.01976743,-216.7500629,-58.30800481,-332.0291631,-20.39418276,-332.930773
0.049,3.41E-13,7.11E-13,-22.91366588,-216.8415218,-58.2480875,-332.0982016,-20.33946928,-333.0110456
0.05,6.93E-12,-1.39E-12,-22.82140261,-216.9454392,-58.19819074,-332.1813288,-20.29840128,-333.1033616
0.051,7.39E-12,1.56E-12,-22.70900721,-217.0455424,-58.12427923,-332.2625892,-20.23770552,-333.1916515
0.052,-9.09E-12,-2.07E-12,-22.63041986,-217.1233554,-58.08022827,-332.3238243,-20.2120193,-333.2576426
0.053,3.41E-13,-3.98E-13,-22.51292334,-217.1912123,-57.99320622,-332.3767813,-20.14932255,-333.313872
0.054,1.52E-11,-1.82E-12,-22.3911857,-217.2487092,-57.89857295,-332.4231947,-20.08498047,-333.3601394
0.055,1.25E-12,-8.53E-14,-22.30409802,-217.3115747,-57.8360229,-332.4795406,-20.05858126,-333.4123763
0.056,1.13E-11,5.12E-13,-22.20715659,-217.3799758,-57.76185571,-332.546734,-20.0263549,-333.4718138
0.057,-8.30E-12,-1.68E-12,-22.09228304,-217.4389004,-57.66879637,-332.6105108,-19.98028995,-333.5237262
0.058,6.59E-12,-2.10E-12,-21.97274744,-217.4882536,-57.57091831,-332.6715239,-19.93383525,-333.5689027
0.059,4.55E-13,-2.64E-12,-21.88281217,-217.5239038,-57.50328728,-332.7263897,-19.92143187,-333.6040961
0.06,1.82E-12,3.61E-12,-21.7411937,-217.5568109,-57.38542309,-332.7868161,-19.86197501,-333.641151
0.061,-5.91E-12,2.33E-12,-21.63022142,-217.5759949,-57.30006235,-332.8414054,-19.83757666,-333.6688061
0.062,-5.00E-12,-5.68E-14,-21.52704703,-217.5822871,-57.22492882,-332.8904665,-19.82533593,-333.6875066
0.063,1.76E-11,2.02E-12,-21.42120322,-217.5799882,-57.14969078,-332.9367732,-19.81429646,-333.7001631
0.064,1.11E-11,1.99E-12,-21.25085618,-217.5830106,-57.01264997,-332.992711,-19.74213537,-333.7192975
0.065,-9.09E-13,-3.13E-12,-21.16112141,-217.5659712,-56.95905748,-333.03137,-19.75347911,-333.7181362
0.066,-7.62E-12,-1.51E-12,-21.04582474,-217.5575562,-56.8828747,-333.0799097,-19.74166444,-333.7239752
0.067,7.50E-12,3.04E-12,-20.8578767,-217.5548459,-56.73714776,-333.1338833,-19.65911286,-333.7325045
0.068,-1.05E-11,-4.09E-12,-20.74644873,-217.5435513,-56.67118365,-333.1774753,-19.65450672,-333.7280447
0.069,-7.16E-12,1.56E-12,-20.62373244,-217.5398221,-56.59730957,-333.2253082,-19.63954858,-333.7253551
0.07,1.65E-11,-2.56E-13,-20.43347612,-217.5495232,-56.45887036,-333.2826307,-19.55749767,-333.7289103
0.071,1.13E-11,1.71E-12,-20.30018482,-217.5559726,-56.38010826,-333.3299368,-19.53236999,-333.7206379
0.072,4.66E-12,2.13E-12,-20.13697958,-217.5767824,-56.27362734,-333.3828721,-19.47698685,-333.7167195
0.073,-7.50E-12,-1.36E-12,-19.97258637,-217.6001895,-56.16765608,-333.4307085,-19.41903051,-333.7074067
0.074,2.47E-11,-1.99E-13,-19.82602978,-217.6237726,-56.08071187,-333.4719968,-19.37882509,-333.6913623
0.075,2.16E-12,-5.40E-13,-19.71140689,-217.6482528,-56.02638454,-333.5084303,-19.37093795,-333.6708998
0.076,-2.16E-12,9.66E-13,-19.55690314,-217.6776195,-55.93235228,-333.5449705,-19.32402479,-333.6516009
0.077,1.21E-11,-6.54E-13,-19.40633863,-217.7091181,-55.84192795,-333.579835,-19.28237596,-333.6323032
0.078,-1.33E-11,1.28E-12,-19.35199566,-217.7266479,-55.84688663,-333.5978951,-19.33874405,-333.5984985
0.079,7.28E-12,3.24E-12,-19.21003925,-217.764942,-55.7628861,-333.634856,-19.30976436,-333.5865121
0.08,-8.64E-12,2.70E-12,-18.98505112,-217.8187214,-55.59400084,-333.686411,-19.20048887,-333.5926574
0.081,-4.21E-12,-4.09E-12,-18.84611457,-217.8409105,-55.50880689,-333.7064565,-19.18047114,-333.5714511
0.082,-7.96E-12,-2.76E-12,-18.73757821,-217.8502333,-55.45114565,-333.7146888,-19.19453006,-333.5432095
0.083,-5.46E-12,-1.90E-12,-18.57702877,-217.8526902,-55.33882245,-333.7167329,-19.16144849,-333.5141782
0.084,-1.05E-11,-1.73E-12,-18.45134888,-217.8451245,-55.25810931,-333.7101265,-19.16847593,-333.4825148
0.085,2.84E-12,4.58E-12,-18.31759091,-217.8677947,-55.16605726,-333.7345139,-19.17364094,-333.4884838
0.086,-6.37E-12,1.14E-13,-18.1630893,-217.8775811,-55.04955504,-333.7468233,-19.16525416,-333.4889715
0.087,2.16E-11,2.96E-12,-17.99292244,-217.8527322,-54.91478872,-333.7246676,-19.14872275,-333.4627125
0.088,-3.18E-12,3.41E-13,-17.85110465,-217.8216797,-54.80646863,-333.6965697,-19.16854442,-333.4370813
0.089,1.31E-11,-1.93E-12,-17.71594334,-217.815413,-54.7035982,-333.6936093,-19.20302237,-333.4425305
0.09,4.21E-12,-2.33E-12,-17.58222745,-217.7959811,-54.60166236,-333.6779266,-19.24694132,-333.4405729
0.091,-6.03E-12,-3.98E-12,-17.40790448,-217.7375396,-54.45930464,-333.6237677,-19.25824454,-333.4048275
0.092,-2.03E-11,-6.25E-13,-17.26090186,-217.6828094,-54.34514848,-333.5739444,-19.30485526,-333.3774788
0.093,7.05E-12,-1.71E-13,-17.11340078,-217.6759348,-54.23207108,-333.5726918,-19.35895044,-333.4021346
0.094,6.59E-12,-5.68E-14,-16.95673245,-217.6213182,-54.11208159,-333.5234109,-19.41183901,-333.3815687
0.095,-4.55E-13,2.84E-13,-16.75766944,-217.5508682,-53.95173992,-333.458916,-19.42938064,-333.3479682
0.096,-5.00E-12,2.19E-12,-16.5686383,-217.5290379,-53.80313496,-333.4431655,-19.46296399,-333.3646642
0.097,-5.23E-12,3.13E-13,-16.42404536,-217.4660004,-53.70033536,-333.385838,-19.54595749,-333.3407081
0.098,6.82E-13,3.27E-12,-16.26125996,-217.3780652,-53.58037281,-333.3027485,-19.61469257,-333.2912876
0.099,-1.82E-12,-2.84E-13,-16.07017852,-217.3642154,-53.43280605,-333.2923852,-19.65802779,-333.3142637
0.1,3.52E-12,2.93E-12,-15.86443461,-217.2964946,-53.27093099,-333.2262975,-19.68855878,-333.2805585
0.101,7.84E-12,-5.12E-13,-15.66840541,-217.2355203,-53.11878716,-333.1646081,-19.72962486,-333.2496675
0.102,1.13E-11,-9.66E-13,-15.50738241,-217.2000861,-53.00132834,-333.1256161,-19.80547959,-333.2392625
0.103,6.71E-12,3.84E-12,-15.36264203,-217.1136684,-52.89949333,-333.0323032,-19.89636152,-333.1716981
0.104,-2.09E-11,6.85E-12,-15.18059508,-217.0864022,-52.76018963,-332.9942761,-19.94847794,-333.1559536
0.105,5.00E-12,2.07E-12,-14.98596647,-217.0376876,-52.60749197,-332.932065,-19.98520333,-333.111932
0.106,1.38E-11,2.87E-12,-14.78235569,-217.0017345,-52.44464281,-332.8813319,-20.00938881,-333.0743173
0.107,7.84E-12,-8.81E-13,-14.64818085,-216.9627657,-52.34985391,-332.8264787,-20.09897176,-333.0292012
0.108,7.73E-12,-1.96E-12,-14.48142095,-216.9042802,-52.22074502,-332.7517361,-20.15144352,-332.9596468
0.109,-7.39E-12,-2.05E-12,-14.33402465,-216.8806572,-52.10890556,-332.7122151,-20.21843518,-332.9211765
0.11,1.71E-12,2.96E-12,-14.15426532,-216.8273679,-51.96224964,-332.6441189,-20.24790249,-332.850405
0.111,1.14E-13,2.25E-12,-13.97848192,-216.8008364,-51.81675699,-332.6046033,-20.27586683,-332.8048996
0.112,9.66E-12,1.42E-13,-13.81862764,-216.7273374,-51.68402151,-332.5206751,-20.31396377,-332.7120785
0.113,1.51E-11,3.69E-13,-13.68442504,-216.6919776,-51.57340654,-332.4781725,-20.37159829,-332.6581916
0.114,-3.07E-12,1.22E-12,-13.55605054,-216.6202987,-51.46472925,-332.4033692,-20.42862922,-332.5699239
0.115,5.68E-13,-4.55E-13,-13.47650753,-216.5612643,-51.40149843,-332.3450875,-20.528607,-332.4965093
0.116,6.71E-12,-2.42E-12,-13.28926996,-216.4887574,-51.22705008,-332.277562,-20.51490928,-332.412594
0.117,-4.32E-12,-1.96E-12,-13.14207987,-216.4229026,-51.08972411,-332.2201683,-20.53591764,-332.3379649
0.118,-8.07E-12,-1.65E-12,-13.00585462,-216.3509163,-50.96103577,-332.1593737,-20.56318897,-332.2595009
0.119,1.22E-11,9.38E-13,-12.875736,-216.2820662,-50.83672472,-332.1036967,-20.59250458,-332.1861321
0.12,1.15E-11,3.69E-13,-12.75677992,-216.1884621,-50.72244475,-332.0244978,-20.62955991,-332.0896304
0.121,9.44E-12,1.48E-12,-12.66364815,-216.1140175,-50.6334555,-331.9649416,-20.68965628,-332.0135718
0.122,-1.01E-11,9.95E-13,-12.515223,-216.0417797,-50.48923715,-331.9073259,-20.6923155,-331.9406659
0.123,3.07E-12,1.79E-12,-12.49637238,-215.9544943,-50.47525551,-331.8336475,-20.82304504,-331.8533206
0.124,-8.41E-12,1.28E-12,-12.25750895,-215.874893,-50.24252111,-331.7658886,-20.73289708,-331.77393
0.125,-2.39E-12,3.13E-12,-12.17248208,-215.8007757,-50.16548118,-331.7011002,-20.79636051,-331.6999563
0.126,1.82E-12,-1.56E-12,-11.99554657,-215.7297863,-49.99879169,-331.6352616,-20.76889122,-331.6280153
0.127,3.75E-12,-2.84E-13,-11.90988937,-215.6503924,-49.92503494,-331.5579694,-20.832457,-331.5479845
0.128,1.44E-11,2.56E-13,-11.75808115,-215.5715746,-49.78573656,-331.4785288,-20.82868511,-331.4693745
0.129,-5.80E-12,3.27E-12,-11.64451394,-215.5075948,-49.68424358,-331.4115265,-20.86058052,-331.4064565
0.13,-5.91E-12,-9.09E-13,-11.52372525,-215.4245459,-49.5740485,-331.3233799,-20.8825345,-331.3255999
0.131,6.48E-12,6.25E-13,-11.39630525,-215.3492792,-49.45469647,-331.241265,-20.89459769,-331.2537993
0.132,4.32E-12,-6.25E-13,-11.32091258,-215.2755857,-49.38380112,-331.1592977,-20.95488921,-331.1849889
0.133,1.33E-11,-9.66E-13,-11.20867633,-215.2000588,-49.27144651,-331.0743958,-20.97399863,-331.1159053
0.134,-5.80E-12,-2.36E-12,-11.10511965,-215.1286542,-49.1621108,-330.9928399,-20.99690959,-331.0526473
0.135,-7.62E-12,5.68E-14,-11.03508884,-215.0325079,-49.07959527,-330.8860905,-21.04792886,-330.966494
0.136,-3.18E-12,-5.68E-13,-10.90726695,-214.9767947,-48.93206221,-330.8198716,-21.03572425,-330.9229879
0.137,1.25E-12,-5.68E-13,-10.86494295,-214.8743961,-48.86272936,-330.7067776,-21.10401897,-330.8345418
0.138,1.02E-12,3.52E-12,-10.78458031,-214.7937437,-48.74854204,-330.6149512,-21.13026385,-330.7691171
0.139,-1.71E-12,-1.28E-12,-10.69095699,-214.7580746,-48.61476006,-330.567341,-21.1402242,-330.7494806
0.14,6.59E-12,1.59E-12,-10.6512331,-214.6477582,-48.5290254,-330.4440275,-21.20204747,-330.6555315
0.141,-1.71E-12,-1.76E-12,-10.58296705,-214.577083,-48.4093783,-330.3590104,-21.23427942,-330.6010879
0.142,-2.49E-11,-1.62E-12,-10.53358165,-214.5053974,-48.30372345,-330.2713494,-21.28533022,-330.5450279
0.143,1.14E-13,1.96E-12,-10.48333716,-214.4277504,-48.19280295,-330.1758047,-21.33644748,-330.4819305
0.144,4.55E-13,-4.26E-13,-10.42908668,-214.3632718,-48.07395175,-330.0912174,-21.38434944,-330.4306044
0.145,3.41E-13,-1.51E-12,-10.3934161,-214.2919678,-47.97095208,-329.9981777,-21.45332608,-330.3697441
0.146,7.73E-12,-5.12E-13,-10.34490153,-214.241178,-47.85116848,-329.923653,-21.50966081,-330.3273672
0.147,-3.87E-12,-1.21E-12,-10.30118577,-214.1705047,-47.73181457,-329.8278161,-21.56953564,-330.2632952
0.148,-6.93E-12,2.27E-13,-10.28539095,-214.0844257,-47.63558332,-329.7157151,-21.65461194,-330.1822251
0.149,2.17E-11,-1.62E-12,-10.25043527,-214.0403843,-47.51496377,-329.6453633,-21.71634714,-330.1418193
0.15,3.87E-12,2.54E-12,-10.23623097,-213.965512,-47.40943897,-329.5444625,-21.79319269,-330.0694283
0.151,-8.07E-12,1.58E-12,-10.22976692,-213.8942637,-47.30556862,-329.4480381,-21.87067669,-329.9997263
0.152,8.98E-12,1.42E-14,-10.21554785,-213.8491272,-47.18742829,-329.3791478,-21.93184309,-329.95542
0.153,7.96E-13,2.56E-13,-10.22380345,-213.754543,-47.08481848,-329.2628026,-22.00546081,-329.8611693
0.154,3.98E-12,-4.79E-12,-10.22128004,-213.6803679,-46.96405636,-329.1694294,-22.05681541,-329.7870499
0.155,-4.55E-12,-1.28E-12,-10.25276386,-213.5906892,-46.86949898,-329.0636859,-22.12923232,-329.6973682
0.156,6.14E-12,-2.00E-12,-10.26566522,-213.5165562,-46.74812749,-328.9771916,-22.1686611,-329.6233929
0.157,1.25E-12,1.85E-13,-10.3122661,-213.4312623,-46.65179469,-328.88381,-22.22592295,-329.5386362
0.158,-5.57E-12,3.69E-13,-10.29757972,-213.3665122,-46.48568698,-328.8156717,-22.20483192,-329.4752765
0.159,3.52E-12,-8.10E-13,-10.4010102,-213.2424213,-46.42981077,-328.6921997,-22.28612621,-329.3526893
0.16,-5.68E-13,2.36E-12,-10.4576485,-213.1275594,-46.32046937,-328.5809812,-22.306513,-329.2391968
0.161,6.14E-12,-3.69E-13,-10.55826904,-213.0327437,-46.24964958,-328.4918504,-22.35838297,-329.145368
0.162,1.24E-11,-2.29E-12,-10.60172115,-212.9245197,-46.11741312,-328.39037,-22.34220171,-329.0375007
0.163,-5.46E-12,-9.24E-13,-10.65842709,-212.8246584,-45.9953946,-328.2973283,-22.33000771,-328.937118
0.164,-1.59E-12,-3.08E-12,-10.75680344,-212.7386833,-45.91322299,-328.2172655,-22.35183381,-328.8494954
0.165,1.63E-11,-3.13E-13,-10.82044672,-212.6371937,-45.79570718,-328.1197984,-22.33289277,-328.7449843
0.166,1.25E-12,-1.93E-12,-10.8908361,-212.5328617,-45.68473992,-328.0167749,-22.31628002,-328.636009
0.167,4.55E-12,9.24E-13,-10.95348286,-212.4526053,-45.56778342,-327.9341248,-22.28912306,-328.5492394
0.168,9.32E-12,-6.11E-13,-11.02252453,-212.3745113,-45.46015041,-327.8493543,-22.26717569,-328.4625146
0.169,-1.71E-12,1.78E-12,-11.00720832,-212.3120112,-45.27245156,-327.776119,-22.16148964,-328.3898229
0.17,2.16E-12,-1.42E-13,-11.16468659,-212.220545,-45.26079842,-327.6702701,-22.22861749,-328.2873481
0.171,1.09E-11,6.82E-13,-11.22906533,-212.1565636,-45.15863378,-327.5892261,-22.20244312,-328.2128415
0.172,-1.05E-11,3.71E-12,-11.32510352,-212.0677844,-45.09005345,-327.4816714,-22.20750336,-328.1153203
0.173,3.07E-12,3.41E-12,-11.38912788,-212.0095461,-44.99072095,-327.403912,-22.17990281,-328.0514232
0.174,-1.47E-11,-1.34E-12,-11.4686345,-211.9500956,-44.90746921,-327.325162,-22.16691544,-327.9906972
0.175,2.73E-12,2.16E-12,-11.53112082,-211.8892821,-44.80713248,-327.2462379,-22.13581655,-327.9342913
0.176,-4.32E-12,1.61E-12,-11.63017149,-211.8315173,-44.74263222,-327.1725186,-22.13974023,-327.8875932
0.177,8.87E-12,-5.83E-13,-11.63910085,-211.8012466,-44.5866196,-327.1294168,-22.05139707,-327.8749666
0.178,1.71E-12,-1.22E-12,-11.7953391,-211.731587,-44.57586163,-327.0510166,-22.10735127,-327.8292547
0.179,-1.64E-11,-1.39E-12,-11.93038117,-211.6516603,-44.54119006,-326.9674072,-22.13823176,-327.7793055
0.18,-4.09E-12,2.90E-12,-12.00787577,-211.6068029,-44.44678678,-326.9249263,-22.10801764,-327.7702156
0.181,6.59E-12,-1.42E-12,-12.10487876,-211.5657795,-44.36895557,-326.8928541,-22.09280987,-327.7700241
0.182,1.47E-11,-1.45E-12,-12.17986463,-211.5082316,-44.26563382,-326.850653,-22.05133748,-327.7576755
0.183,1.90E-11,1.42E-13,-12.31325577,-211.4645076,-44.21851394,-326.8286495,-22.06427737,-327.7628211
0.184,1.71E-12,-2.13E-13,-12.48378014,-211.3958726,-44.20662208,-326.7876994,-22.11061203,-327.7460292
0.185,-1.17E-11,1.56E-13,-12.57554139,-211.3437382,-44.11436007,-326.7688042,-22.07469966,-327.7480143
0.186,-2.72E-11,-1.44E-12,-12.69137833,-211.2801038,-44.0448649,-326.7435539,-22.05963356,-327.740079
0.187,-7.16E-12,-3.96E-12,-12.78535386,-211.2379212,-43.95249766,-326.7444904,-22.0197312,-327.754478
0.188,-4.09E-12,3.55E-13,-12.93637092,-211.1828908,-43.91645946,-326.7369047,-22.03415001,-327.7562147
0.189,-2.27E-12,7.67E-13,-13.07329009,-211.1183584,-43.86590907,-326.7237326,-22.0308853,-327.7472714
0.19,6.82E-13,2.00E-12,-13.2374122,-211.069259,-43.8424455,-326.7294997,-22.05291791,-327.7534162
0.191,-7.96E-12,-2.22E-12,-13.35793079,-210.9971914,-43.7759974,-326.7160372,-22.03040839,-327.7372852
0.192,1.00E-11,-4.26E-14,-13.46115703,-210.9604553,-43.69257727,-326.7399284,-21.98960113,-327.7562665
0.193,-7.73E-12,2.74E-12,-13.64046632,-210.8528308,-43.6860518,-326.6935079,-22.02459473,-327.7034997
0.194,-1.18E-11,1.86E-12,-13.7928187,-210.8224742,-43.65387232,-326.7234863,-22.03307242,-327.7265004
0.195,4.55E-13,-1.28E-12,-13.91855816,-210.7520339,-43.59687414,-326.7110669,-22.01610141,-327.7072768
0.196,3.98E-12,2.50E-12,-13.96090647,-210.7290392,-43.45877034,-326.7423333,-21.91762666,-327.7327172
0.197,8.07E-12,-4.26E-13,-14.11968265,-210.659298,-43.43987122,-326.7216482,-21.93819041,-327.7079894
0.198,8.53E-12,-2.37E-12,-14.26447707,-210.6339497,-43.4095069,-326.7389797,-21.94810623,-327.7235922
0.199,1.51E-11,1.76E-12,-14.41973457,-210.586024,-43.39357422,-326.726089,-21.97254214,-327.7119145
0.2,-2.61E-12,-2.49E-12,-14.48973292,-210.5637511,-43.29708055,-326.7302708,-21.91649916,-327.7205463
0.201,2.84E-12,3.51E-12,-14.59353679,-210.5180981,-43.23991893,-326.7024167,-21.89986397,-327.7006743
0.202,-8.07E-12,-1.24E-12,-14.77496249,-210.511477,-43.26483608,-326.7053772,-21.96537693,-327.7154442
0.203,-1.59E-12,1.82E-12,-14.91162591,-210.4807931,-43.24847289,-326.6774067,-21.9896726,-327.7034053
0.204,-1.56E-11,-5.63E-12,-14.94366456,-210.5060623,-43.12999188,-326.6998701,-21.91190712,-327.746218
0.205,-7.73E-12,8.10E-13,-15.0661548,-210.4570203,-43.10349442,-326.6438522,-21.92617553,-327.7152619
0.206,2.84E-12,2.69E-12,-15.21201142,-210.4896395,-43.1009203,-326.6666746,-21.96441126,-327.7681538
0.207,4.66E-12,-5.40E-13,-15.39580704,-210.4556586,-43.13586715,-326.621425,-22.04020559,-327.7582767
0.208,4.66E-12,-3.84E-13,-15.40626796,-210.48893,-42.9960863,-326.6433049,-21.94135018,-327.8208115
0.209,9.66E-12,-2.98E-12,-15.58501976,-210.4362861,-43.02222831,-326.5804958,-22.00793063,-327.8035482
0.21,6.93E-12,1.31E-12,-15.69593223,-210.4394802,-42.97718798,-326.5761002,-22.0024056,-327.849065
0.211,9.21E-12,5.68E-13,-15.92715246,-210.4044117,-43.04813744,-326.5373665,-22.11151109,-327.8640864
0.212,1.82E-12,2.27E-12,-15.98755065,-210.3875791,-42.94311304,-326.5213705,-22.04342019,-327.9063159
0.213,2.73E-12,1.05E-12,-16.10976862,-210.371017,-42.89581273,-326.5096977,-22.03087327,-327.9554795
0.214,-1.01E-11,-1.14E-12,-16.40395333,-210.2863637,-43.01770382,-326.4329051,-22.18499306,-327.9411766
0.215,2.50E-12,-3.18E-12,-16.44514837,-210.2966885,-42.88515025,-326.4529813,-22.08179884,-328.0244384
0.216,7.50E-12,-2.67E-12,-16.58558613,-210.2601935,-42.85170474,-326.4270473,-22.07449874,-328.0614284
0.217,1.24E-11,-2.13E-12,-16.46660942,-210.3059217,-42.56003045,-326.4830651,-21.80541129,-328.1791511
0.218,1.19E-11,1.44E-12,-16.97072637,-210.1786546,-42.89395586,-326.3647352,-22.15802035,-328.1203495
0.219,9.55E-12,2.61E-12,-17.19535104,-210.123109,-42.95221536,-326.3156935,-22.23071572,-328.127702
0.22,2.61E-12,-4.83E-13,-17.24948026,-210.1136409,-42.84512614,-326.3092147,-22.13346993,-328.173526
0.221,-4.43E-12,-3.74E-12,-17.46202061,-210.1070063,-42.9029151,-326.300974,-22.19616529,-328.212539
0.222,2.16E-12,-1.56E-12,-17.6754582,-210.0760204,-42.96938872,-326.2627057,-22.26226365,-328.2155181
0.223,5.57E-12,-1.69E-12,-17.6762192,-210.1101428,-42.83231678,-326.2841147,-22.11916479,-328.2698424
0.224,2.61E-12,7.11E-13,-17.86219724,-210.1111384,-42.88890327,-326.2673548,-22.16450287,-328.2790573
0.225,8.64E-12,-1.99E-12,-18.09307672,-210.1003362,-42.99824231,-326.2352844,-22.25774067,-328.2660657
0.226,3.75E-12,-3.55E-13,-18.12022114,-210.1414873,-42.91110718,-326.2531847,-22.1500201,-328.2961934
0.227,-7.39E-12,-3.44E-12,-18.19209172,-210.2051499,-42.87536885,-326.2931437,-22.08958079,-328.341573
0.228,3.18E-12,1.79E-12,-18.41034447,-210.2161894,-42.99209307,-326.2815564,-22.17785715,-328.3286441
0.229,-5.80E-12,-3.48E-12,-18.56074129,-210.2438632,-43.04645152,-326.2892102,-22.20038949,-328.3282384
0.23,-5.23E-12,-1.42E-13,-18.54410146,-210.3258798,-42.93816399,-326.3540189,-22.05777546,-328.3796389
0.231,-1.11E-11,3.08E-12,-18.7340483,-210.3496046,-43.04084242,-326.3649496,-22.12341682,-328.3717855
0.232,-6.14E-12,-9.24E-13,-18.91446049,-210.3683071,-43.13776002,-326.3754523,-22.18097064,-328.3595218
0.233,3.30E-12,4.09E-12,-18.50576768,-210.5424501,-42.64874091,-326.5461703,-21.65064497,-328.5048851
0.234,-1.48E-12,-1.71E-12,-19.08224274,-210.4789081,-43.14745252,-326.484159,-22.10649109,-328.4163243
0.235,-9.55E-12,-2.16E-12,-19.22835183,-210.512465,-43.21775548,-326.5243826,-22.13275355,-328.4301977
0.236,-5.23E-12,1.99E-12,-19.32235267,-210.5485392,-43.23743349,-326.5734382,-22.10759994,-328.4544957
0.237,-1.71E-12,1.02E-12,-19.56050608,-210.5528523,-43.40298071,-326.5947765,-22.22790829,-328.4540631
0.238,6.59E-12,-1.42E-12,-19.68976474,-210.5870941,-43.46166089,-326.6488825,-22.24132627,-328.4907785
0.239,1.18E-11,1.85E-12,-19.65277582,-210.6665727,-43.35643226,-326.7498596,-22.09046775,-328.57844
0.24,-2.27E-13,-2.80E-12,-19.84798191,-210.6782969,-43.4860485,-326.7835118,-22.17456348,-328.604881
0.241,-2.39E-12,-3.74E-12,-20.09181416,-210.6770797,-43.66725183,-326.8034474,-22.31014683,-328.6242231
0.242,3.07E-12,-5.54E-13,-20.28562097,-210.6827474,-43.8017017,-326.8282878,-22.39866845,-328.6556011
0.243,1.71E-12,-1.53E-12,-19.86550278,-210.8186514,-43.32580966,-326.9801798,-21.87633102,-328.8216749
0.244,1.97E-11,8.95E-13,-20.41445152,-210.7540817,-43.82287869,-326.9272084,-22.32622873,-328.7910432
0.245,8.53E-12,1.53E-12,-20.45052472,-210.8047184,-43.8112774,-326.983849,-22.26652133,-328.8786943
0.246,-6.82E-13,-1.34E-12,-20.62395097,-210.8198612,-43.94154543,-326.9981965,-22.34753965,-328.9332367
0.247,4.32E-12,3.55E-13,-20.8652399,-210.814398,-44.1436709,-326.9831664,-22.49989557,-328.9688668
0.248,1.30E-11,-1.26E-12,-21.09554655,-210.8247768,-44.3397211,-326.9771699,-22.64484638,-329.0213412
0.249,-1.59E-12,3.69E-13,-21.10237275,-210.851606,-44.31731211,-326.9821012,-22.56999614,-329.0905766
0.25,9.89E-12,-7.82E-13,-21.28698069,-210.8657955,-44.4779611,-326.9705855,-22.67684996,-329.1472212
0.251,4.89E-12,9.95E-14,-21.18267205,-210.9213861,-44.35436692,-326.9977803,-22.49809466,-329.2444553
0.252,9.21E-12,1.61E-12,-21.40034477,-210.9323837,-44.5571832,-326.9791529,-22.64437185,-329.2957688
0.253,7.62E-12,1.69E-12,-21.57286352,-210.9554099,-44.71903032,-326.9727857,-22.74828986,-329.3572671
0.254,3.41E-13,2.22E-12,-21.63298563,-211.0015689,-44.77242133,-326.9912438,-22.7423497,-329.439538
0.255,-1.36E-12,3.54E-12,-21.74112904,-211.0352188,-44.87752986,-327.0003465,-22.78671298,-329.5064236
0.256,1.51E-11,-3.98E-13,-21.94865759,-211.0475833,-45.08547545,-326.9927784,-22.9324872,-329.5486314
0.257,-1.88E-11,2.44E-12,-21.97607907,-211.1052514,-45.11652161,-327.0365895,-22.89970153,-329.6313481
0.258,-1.52E-11,-4.60E-12,-22.10534841,-211.1356759,-45.25217093,-327.0594195,-22.97042294,-329.6829146
0.259,6.14E-12,-7.82E-13,-22.31422253,-211.1597726,-45.47022966,-327.0823386,-23.12221064,-329.7241605
0.26,-3.30E-12,1.61E-12,-22.28703805,-211.2298112,-45.45474325,-327.1566184,-23.03920357,-329.8072696
0.261,-2.05E-12,1.90E-12,-22.45382762,-211.2586961,-45.63545312,-327.1941653,-23.15123664,-329.8450599
0.262,-5.46E-12,-2.47E-12,-22.68488232,-211.2921406,-45.88235917,-327.2396948,-23.32840324,-329.8831589
0.263,7.39E-12,8.67E-13,-22.68540108,-211.3643777,-45.90036912,-327.3264421,-23.27570457,-329.9557137
0.264,1.36E-12,1.42E-13,-22.8637158,-211.409154,-46.0974342,-327.388792,-23.40118534,-329.998021
0.265,-3.98E-12,-2.71E-12,-23.07322946,-211.4499264,-46.32670278,-327.4478659,-23.55808742,-330.0321139
0.266,-8.41E-12,-1.08E-12,-23.09705966,-211.5237033,-46.37088263,-327.5400787,-23.52921205,-330.0953194
0.267,1.13E-11,-1.19E-12,-23.22923345,-211.5857227,-46.52359091,-327.6200751,-23.6082699,-330.1431939
0.268,2.38E-11,-6.34E-12,-23.45368172,-211.6291526,-46.76834867,-327.6804299,-23.77887549,-330.1692243
0.269,-4.32E-12,1.49E-12,-23.08026801,-211.8022729,-46.41460957,-327.8688295,-23.35057597,-330.3220086
0.27,-1.71E-12,-1.39E-12,-23.73052979,-211.7589196,-47.08350122,-327.8385166,-23.94459244,-330.2557016
0.271,3.87E-12,-1.69E-12,-23.89472862,-211.836778,-47.26487533,-327.9265834,-24.0508701,-330.3083072
0.272,9.66E-12,-4.26E-14,-23.93122367,-211.9183863,-47.31668119,-328.0149745,-24.02745173,-330.362682
0.273,-7.50E-12,-1.78E-12,-24.08553296,-211.9969412,-47.48402697,-328.0962935,-24.11953896,-330.4123414
0.274,-1.36E-12,7.25E-13,-24.2272866,-212.0692615,-47.63577349,-328.1649105,-24.19644555,-330.4544228
0.275,-1.36E-12,-3.55E-13,-24.28024689,-212.1583256,-47.69643466,-328.2462879,-24.18161742,-330.512223
0.276,1.28E-11,7.67E-13,-24.44955576,-212.2277399,-47.87144646,-328.3046639,-24.27989188,-330.5477326
0.277,-1.35E-11,-5.80E-12,-24.64720401,-212.2645072,-48.07325027,-328.3283006,-24.40350007,-330.550863
0.278,-4.21E-12,-1.12E-12,-24.76045736,-212.3544876,-48.19005951,-328.4031027,-24.44047934,-330.6074783
0.279,1.40E-11,-1.66E-12,-24.88165254,-212.4415589,-48.31538392,-328.4736383,-24.48416334,-330.6621062
0.28,6.14E-12,1.92E-12,-24.9388441,-212.5319165,-48.37845102,-328.5467935,-24.4636035,-330.7215921
0.281,-9.44E-12,-2.02E-12,-25.1013128,-212.6056448,-48.54971459,-328.6033427,-24.54907751,-330.76667
0.282,-5.12E-12,-5.68E-14,-25.29501958,-212.6400851,-48.75630855,-328.6213181,-24.6675432,-330.7753314
0.283,9.21E-12,1.39E-12,-25.38683864,-212.7256032,-48.86628008,-328.6917756,-24.68687167,-330.8385918
0.284,4.66E-12,-9.24E-13,-25.49178679,-212.8114199,-48.99581899,-328.7646265,-24.72307664,-330.9063221
0.285,4.77E-12,-2.33E-12,-25.58768055,-212.8778756,-49.1239148,-328.8209016,-24.75497155,-330.9595122
0.286,-9.09E-13,2.13E-12,-25.74583312,-212.9220185,-49.3230537,-328.8583397,-24.85486648,-330.9958605
0.287,-2.50E-12,3.48E-12,-25.88430459,-212.9800074,-49.51218775,-328.9152585,-24.94153743,-331.0536444
0.288,1.06E-11,4.83E-13,-25.9452132,-213.061447,-49.63348058,-328.9995984,-24.95697192,-331.1407635
0.289,-1.24E-11,-9.52E-13,-26.01970955,-213.1295147,-49.77785901,-329.0741024,-24.99192069,-331.2199204
0.29,-6.93E-12,1.73E-12,-26.16996262,-213.1579578,-50.00643184,-329.111591,-25.10815285,-331.2643874
0.291,1.24E-11,1.14E-12,-26.23563784,-213.234914,-50.15857888,-329.1995754,-25.14493398,-331.3618276
0.292,-1.59E-12,-1.18E-12,-26.32293138,-213.2956257,-50.33933275,-329.2722401,-25.20806036,-331.4470085
0.293,-4.77E-12,7.39E-13,-26.47266206,-213.3251698,-50.58834877,-329.3136037,-25.33795096,-331.5045319
0.294,-1.35E-11,-1.56E-12,-26.53669647,-213.4079544,-50.75633,-329.4070168,-25.3860725,-331.6183314
0.295,2.39E-12,7.67E-13,-26.61966601,-213.4794948,-50.94674433,-329.4869362,-25.45552861,-331.7221168
0.296,5.12E-12,-2.67E-12,-26.74988425,-213.5289582,-51.18688236,-329.5425601,-25.57486914,-331.8059013
0.297,7.16E-12,1.82E-12,-26.8411583,-213.622446,-51.39021522,-329.6396138,-25.65770894,-331.9347547
0.298,4.21E-12,3.06E-12,-26.9533359,-213.6760683,-51.61639347,-329.6950582,-25.76384231,-332.0249826
0.299,3.87E-12,-8.81E-13,-27.0621396,-213.7629802,-51.84094245,-329.7828989,-25.86893833,-332.149935
0.3,-2.73E-12,-3.69E-13,-27.18186147,-213.8560387,-52.07795702,-329.8768436,-25.98723562,-332.2826643
0.301,-9.09E-13,4.26E-14,-27.32885853,-213.9134631,-52.34359703,-329.9359624,-26.13503776,-332.381585
0.302,1.24E-11,-5.54E-13,-27.4072474,-214.0058854,-52.54178187,-330.0317377,-26.21640789,-332.5175243
0.303,5.80E-12,-3.41E-12,-27.59709,-214.0495688,-52.85237627,-330.0812837,-26.41135447,-332.6069407
0.304,6.03E-12,-4.41E-13,-27.66462546,-214.1390331,-53.04142217,-330.1799707,-26.48606319,-332.7445492
0.305,1.82E-12,6.54E-13,-27.84471488,-214.1703596,-53.34358346,-330.2247305,-26.67534167,-332.8266263
0.306,-4.77E-12,-4.41E-12,-27.89472225,-214.2525979,-53.51609786,-330.3253484,-26.7365714,-332.9623016
0.307,-1.02E-11,7.25E-13,-28.05468159,-214.265149,-53.79836899,-330.35904,-26.90929971,-333.0281354
0.308,8.30E-12,1.90E-12,-28.13810267,-214.3440419,-54.00363372,-330.4573596,-27.00665654,-333.1573648
0.309,1.36E-12,-1.24E-12,-28.25107407,-214.3724332,-54.23789086,-330.5043458,-27.13435065,-333.2303538
0.31,9.78E-12,2.84E-14,-28.30424683,-214.4435787,-54.41180039,-330.5917578,-27.20265325,-333.3375662
0.311,1.48E-12,-3.69E-12,-28.47053093,-214.4679074,-54.69828122,-330.628528,-27.38444813,-333.386063
0.312,-3.75E-12,-2.27E-12,-28.48659918,-214.5488507,-54.83401511,-330.716591,-27.4161387,-333.4789825
0.313,-4.77E-12,9.95E-13,-28.62535348,-214.6049946,-55.09191288,-330.7730361,-27.57055115,-333.5339923
0.314,8.07E-12,3.84E-12,-28.77574103,-214.6552071,-55.36093068,-330.8152347,-27.73655701,-333.5690421
0.315,1.02E-12,1.28E-12,-28.75908175,-214.777787,-55.46239736,-330.9199888,-27.73540052,-333.6615123
0.316,1.30E-11,1.82E-12,-28.89357887,-214.8708859,-55.71428041,-330.9859755,-27.88496453,-333.7106581
0.317,-4.32E-12,1.69E-12,-28.97820007,-214.9765301,-55.91586861,-331.0552932,-27.9844532,-333.7591565
0.318,4.89E-12,-1.56E-12,-29.06203581,-215.0869292,-56.11627464,-331.1219473,-28.08289459,-333.8015912
0.319,-1.02E-12,7.25E-13,-29.13760237,-215.2124548,-56.30803699,-331.1981054,-28.17274255,-333.850708
0.32,-1.05E-11,4.69E-13,-29.25003518,-215.3449158,-56.53631333,-331.2773723,-28.29907014,-333.90069
0.321,-1.26E-11,-1.48E-12,-29.32114463,-215.480925,-56.72293626,-331.3581567,-28.38362533,-333.9505245
0.322,-9.89E-12,-2.87E-12,-29.45563292,-215.6075371,-56.97263018,-331.4293092,-28.5310479,-333.9896402
0.323,-1.14E-13,-3.98E-13,-29.50333372,-215.7815853,-57.13525101,-331.5494591,-28.59110914,-334.0772447
0.324,-1.93E-12,2.23E-12,-29.54999058,-215.9222439,-57.29686304,-331.638867,-28.64949017,-334.1348865
0.325,1.26E-11,4.83E-13,-29.65759088,-216.0627734,-57.51947462,-331.732158,-28.76811599,-334.1982002
0.326,3.75E-12,2.87E-12,-29.70099633,-216.2220376,-57.6782058,-331.8489269,-28.82176654,-334.2885994
0.327,-1.66E-11,-2.56E-12,-29.73344776,-216.3840062,-57.82651853,-331.9731476,-28.86356371,-334.3918764
0.328,-6.25E-12,3.69E-12,-29.82840877,-216.5272825,-58.03809146,-332.0839109,-28.9668475,-334.4872796
0.329,-9.32E-12,-4.59E-12,-29.87631262,-216.6586175,-58.2035729,-332.1884554,-29.02263618,-334.5835267
0.33,1.08E-11,7.39E-13,-29.96310498,-216.8087088,-58.40912356,-332.3179665,-29.1175138,-334.7116467
0.331,6.71E-12,-3.41E-13,-30.05578714,-216.9471703,-58.62195976,-332.4425454,-29.21912004,-334.8415844
0.332,6.59E-12,1.68E-12,-30.13323897,-217.073105,-58.82117643,-332.5617828,-29.30697316,-334.972774
0.333,-8.87E-12,-1.45E-12,-30.20772124,-217.1863818,-59.01924936,-332.6760353,-29.39397233,-335.1054158
0.334,-1.60E-11,-2.53E-12,-30.21535284,-217.2926843,-59.15251249,-332.791474,-29.41687481,-335.2455245
0.335,-9.66E-12,-7.11E-13,-30.3171973,-217.4064885,-59.38263148,-332.923527,-29.53776961,-335.4083716
0.336,1.48E-12,-7.82E-13,-30.40899534,-217.4898515,-59.60552179,-333.0304026,-29.65299557,-335.552009
0.337,-1.14E-12,-3.67E-12,-30.48148412,-217.5740648,-59.8123418,-333.1397353,-29.75413439,-335.703915
0.338,4.43E-12,-1.90E-12,-30.50343076,-217.6557968,-59.97105121,-333.2442895,-29.81079772,-335.8569452
0.339,1.06E-11,1.80E-12,-30.57094471,-217.7301721,-60.17864156,-333.3375811,-29.91993957,-336.002411
0.34,-7.16E-12,-1.44E-12,-30.60106798,-217.8251961,-60.35180502,-333.445527,-29.99944645,-336.164505
0.341,3.98E-12,4.52E-12,-30.72107534,-217.9154043,-60.61746653,-333.540574,-30.17670823,-336.3134793
0.342,-6.59E-12,-6.25E-13,-30.7539892,-218.0283393,-60.79829868,-333.6481758,-30.27435319,-336.474696
0.343,-2.16E-12,1.24E-12,-30.80208499,-218.1344985,-60.99622706,-333.7367415,-30.39348003,-336.6156368
0.344,-8.41E-12,-2.23E-12,-30.8675509,-218.2544624,-61.21309004,-333.8247626,-30.53510024,-336.7538658
0.345,-3.41E-12,1.01E-12,-30.91271732,-218.387555,-61.41074088,-333.9110818,-30.66024017,-336.8872984
0.346,-6.25E-12,-1.75E-12,-31.02921329,-218.5356156,-61.68066131,-333.9998086,-30.85955465,-337.0191166
0.347,-3.41E-12,-1.92E-12,-31.09979631,-218.7067858,-61.90534533,-334.1034239,-31.01471079,-337.1608741
0.348,9.09E-13,-2.17E-12,-31.15852686,-218.8620528,-62.11858989,-334.1872545,-31.15867866,-337.2769701
0.349,-5.12E-12,-2.70E-12,-31.28909301,-219.043799,-62.40381956,-334.2980221,-31.37405592,-337.4131991
0.35,1.47E-11,3.01E-12,-31.2687667,-219.2165182,-62.53804279,-334.4045597,-31.43702412,-337.5374666
0.351,6.48E-12,4.83E-13,-31.2484093,-219.4003693,-62.67185741,-334.5313658,-31.49735421,-337.6733438
0.352,1.74E-11,-3.69E-13,-31.38513554,-219.5675723,-62.96211467,-334.6549995,-31.71107053,-337.7964625
0.353,-6.82E-13,2.60E-12,-31.37566335,-219.7284261,-63.10526896,-334.7900995,-31.77397088,-337.920532
0.354,-1.25E-11,1.11E-12,-31.59424654,-219.8589324,-63.47624221,-334.9163553,-32.06082708,-338.0253873
0.355,-6.14E-12,2.39E-12,-31.49919484,-220.0203622,-63.53144856,-335.0917916,-32.02985222,-338.1704585
0.356,-3.41E-13,1.59E-12,-31.54878512,-220.1351834,-63.72796571,-335.2348878,-32.13901452,-338.2759557
0.357,-7.96E-12,-2.02E-12,-31.59348165,-220.2694232,-63.91505876,-335.4076824,-32.23846967,-338.405648
0.358,1.46E-11,5.68E-14,-31.63370891,-220.3827431,-64.09195301,-335.5658483,-32.32833351,-338.5169389
0.359,-6.14E-12,5.97E-13,-31.7475229,-220.5240857,-64.3355053,-335.7543397,-32.48635341,-338.6565131
0.36,-1.06E-11,-4.55E-13,-31.73324622,-220.6486786,-64.44283904,-335.9243954,-32.51054337,-338.7773399
0.361,-3.41E-13,-3.15E-12,-31.94579765,-220.7850562,-64.76767385,-336.1005612,-32.75551352,-338.9056958
0.362,-2.27E-13,-1.76E-12,-31.87790235,-220.9542629,-64.80153571,-336.299893,-32.71368042,-339.0603673
0.363,-1.71E-12,5.12E-13,-31.91753341,-221.1337243,-64.93156562,-336.4966183,-32.7730756,-339.2173124
0.364,6.25E-12,1.42E-13,-32.06776467,-221.3184024,-65.16140121,-336.6870032,-32.93822726,-339.3745278
0.365,-4.21E-12,2.27E-13,-32.06620756,-221.5181698,-65.22959661,-336.8829164,-32.94932334,-339.5455258
0.366,-2.27E-13,3.35E-12,-32.22699859,-221.7147656,-65.45123105,-337.0680937,-33.12091764,-339.7140788
0.367,-9.44E-12,-6.54E-13,-32.27369006,-221.938725,-65.55099804,-337.2755364,-33.17754692,-339.9120686
0.368,1.71E-12,1.11E-12,-32.35997515,-222.1493037,-65.6846714,-337.4671974,-33.27388878,-340.1000978
0.369,-1.42E-11,1.79E-12,-32.42977034,-222.3753477,-65.79848953,-337.6745586,-33.35484415,-340.3083593
0.37,-1.85E-11,1.14E-13,-32.50511456,-222.5869744,-65.91681324,-337.8703737,-33.44343637,-340.5083175
0.371,-1.09E-11,1.79E-12,-32.58032225,-222.814972,-66.0363155,-338.0880573,-33.53500094,-340.7320976
0.372,7.50E-12,2.84E-13,-32.68418987,-223.0222149,-66.1867149,-338.2890839,-33.65791898,-340.9398848
0.373,1.02E-12,-5.94E-12,-32.79079138,-223.2416473,-66.3429323,-338.5054645,-33.7857739,-341.1624008
0.374,-6.25E-12,1.45E-12,-32.92478774,-223.4447762,-66.53047562,-338.7077733,-33.94273613,-341.3689304
0.375,4.77E-12,-7.11E-13,-33.01710046,-223.6666548,-66.68111328,-338.9301305,-34.05923664,-341.5923047
0.376,-5.91E-12,1.31E-12,-33.105392,-223.8590526,-66.83335469,-339.1233726,-34.17169213,-341.7829778
0.377,3.75E-12,-8.24E-13,-33.16786132,-224.0723178,-66.96624571,-339.336915,-34.25911732,-341.9908379
0.378,-1.18E-11,-5.51E-12,-33.27234638,-224.278315,-67.14847126,-339.5416893,-34.38935526,-342.1877991
0.379,-1.22E-11,2.84E-13,-33.31706392,-224.4981445,-67.27925645,-339.7565641,-34.46078924,-342.3937125
0.38,-3.64E-12,-1.08E-12,-33.4535255,-224.6985002,-67.51103564,-339.9503715,-34.62550847,-342.577215
0.381,9.55E-12,1.42E-12,-33.56244816,-224.9154746,-67.72402584,-340.158527,-34.76486987,-342.7754459
0.382,2.58E-11,7.67E-13,-33.67814859,-225.1335213,-67.95143111,-340.365592,-34.91383001,-342.9739054
0.383,-5.91E-12,-1.22E-12,-33.78426761,-225.3786487,-68.17577962,-340.5976829,-35.05666956,-343.1996484
0.384,-7.96E-13,-4.60E-12,-33.83703754,-225.6060866,-68.35219107,-340.8101374,-35.15026074,-343.4089515
0.385,-7.50E-12,8.81E-13,-33.9273462,-225.8502055,-68.57044065,-341.0374339,-35.28613126,-343.6372318
0.386,8.07E-12,6.82E-13,-34.00876544,-226.0910584,-68.78298756,-341.2597335,-35.41849282,-343.865589
0.387,-3.07E-12,4.83E-13,-34.05334826,-226.3505827,-68.96069443,-341.4984586,-35.51996056,-344.1163843
0.388,-1.26E-11,3.69E-13,-34.16485727,-226.5870326,-69.20512636,-341.7112755,-35.69439506,-344.3492599
0.389,4.09E-12,1.53E-12,-34.32730448,-226.8530426,-69.49819145,-341.9502891,-35.92244494,-344.6137823
0.39,1.71E-12,2.84E-14,-34.38804927,-227.1055671,-69.6851451,-342.1719237,-36.04855845,-344.8644202
0.391,5.00E-12,-8.24E-13,-34.59485678,-227.3757488,-70.01164852,-342.4067924,-36.31758958,-345.1298308
0.392,1.57E-11,-1.31E-12,-34.57682375,-227.6562221,-70.10469448,-342.6469996,-36.35572396,-345.4001627
0.393,-7.62E-12,1.99E-13,-34.69436339,-227.9409896,-70.32259223,-342.8860181,-36.52046364,-345.666933
0.394,-7.05E-12,-8.24E-13,-34.79966866,-228.2324309,-70.51543081,-343.1256977,-36.66109048,-345.9300355
0.395,6.03E-12,5.40E-13,-34.87162216,-228.5289442,-70.6601118,-343.3627006,-36.75369887,-346.1841769
0.396,1.16E-11,1.96E-12,-35.00626216,-228.8504253,-70.8521253,-343.6210862,-36.89216081,-346.4502521
0.397,4.89E-12,-8.53E-13,-35.16786921,-229.1381327,-71.05647255,-343.8431986,-37.03949823,-346.6708647
0.398,4.66E-12,1.42E-12,-35.26593633,-229.4465187,-71.18417319,-344.0851226,-37.10691653,-346.9032022
0.399,9.66E-12,4.23E-12,-35.43121529,-229.7360084,-71.36750562,-344.3089157,-37.2276471,-347.1108041
0.4,1.48E-12,-2.56E-13,-35.54901513,-230.0468327,-71.49330548,-344.5564415,-37.28947855,-347.3370154
0.401,-4.43E-12,0,-35.74010491,-230.3402422,-71.68386846,-344.7905828,-37.41565956,-347.5462009
0.402,5.57E-12,5.68E-13,-35.92084598,-230.5989771,-71.85708254,-344.9957126,-37.52503105,-347.7242152
0.403,-4.77E-12,1.59E-12,-36.08094932,-230.8537816,-72.00418532,-345.2042074,-37.60978362,-347.9049167
0.404,-4.66E-12,-1.31E-12,-36.27212484,-231.0828228,-72.17777308,-345.394572,-37.72346652,-348.0682917
0.405,9.55E-12,1.19E-12,-36.53568112,-231.3242533,-72.42156533,-345.6041719,-37.91075225,-348.2531876
0.406,1.17E-11,5.40E-13,-36.72909806,-231.5666937,-72.59504543,-345.8211615,-38.03208799,-348.4478629
0.407,1.71E-13,1.90E-12,-36.90084102,-231.7581605,-72.74688552,-345.9917229,-38.13796506,-348.6010746
0.408,-4.55E-13,-1.79E-12,-37.10374401,-231.9464322,-72.93026495,-346.1626529,-38.28104998,-348.7579438
0.409,-1.97E-11,-4.26E-13,-37.31965677,-232.1307827,-73.12737879,-346.3322438,-38.44213163,-348.9158559
0.41,-4.72E-12,1.25E-12,-37.46236983,-232.317555,-73.25236295,-346.5058568,-38.53393975,-349.0792656
0.411,-5.12E-13,-1.48E-12,-37.6956788,-232.5060547,-73.46935835,-346.681816,-38.71920912,-349.2455901
0.412,1.18E-11,-3.98E-13,-37.93870549,-232.6883872,-73.69783217,-346.8512448,-38.91600072,-349.4050461
0.413,1.25E-12,-2.36E-12,-38.04568038,-232.8588719,-73.79236022,-347.0074812,-38.97748421,-349.5500648
0.414,2.61E-12,5.00E-12,-38.24793314,-233.0080428,-73.98384962,-347.1390566,-39.13316053,-349.6682708
0.415,-9.44E-12,-1.17E-12,-38.4837007,-233.1640165,-74.21035476,-347.2762044,-39.31967791,-349.7889909
0.416,2.96E-12,1.76E-12,-38.55387474,-233.3153316,-74.2719549,-347.4089673,-39.33570944,-349.901361
0.417,6.88E-12,5.97E-13,-38.7785611,-233.4447515,-74.48794349,-347.5216127,-39.4991424,-349.9887416
0.418,-1.19E-12,-2.96E-12,-39.0004053,-233.5848026,-74.69987786,-347.6498351,-39.65067218,-350.0865685
0.419,4.04E-12,-2.59E-12,-39.11321507,-233.7016708,-74.80144519,-347.7597425,-39.68429535,-350.1614156
0.42,1.71E-12,-2.53E-12,-39.39963743,-233.8044559,-75.07463943,-347.8616246,-39.88299787,-350.2244325
0.421,2.67E-12,-2.73E-12,-39.56715219,-233.9129589,-75.22628739,-347.9764721,-39.95459855,-350.2974696
0.422,5.57E-12,4.58E-12,-39.84649025,-233.9739728,-75.48646692,-348.0522682,-40.13016723,-350.32937
0.423,-8.41E-12,2.84E-14,-40.08251088,-234.0518168,-75.69938426,-348.1545217,-40.25490214,-350.3865023
0.424,9.66E-13,-3.47E-12,-40.26492058,-234.1034695,-75.85451341,-348.2393998,-40.31926929,-350.4258936
0.425,1.24E-11,-5.12E-13,-40.48486863,-234.1345723,-76.04373236,-348.3116586,-40.41613864,-350.4531598
0.426,8.64E-12,2.05E-12,-40.71782448,-234.1400434,-76.24375955,-348.3638178,-40.52322064,-350.4616804
0.427,1.17E-11,-9.95E-13,-40.93893443,-234.1548596,-76.43099025,-348.428456,-40.61790255,-350.4848939
0.428,7.79E-12,2.73E-12,-41.1146635,-234.1545071,-76.57313846,-348.478661,-40.66979319,-350.498506
0.429,1.12E-11,4.26E-13,-41.23610098,-234.1490081,-76.66254245,-348.5220567,-40.67072437,-350.509104
0.43,-1.31E-12,2.27E-12,-41.55082007,-234.1353542,-76.94802441,-348.5532361,-40.87006423,-350.5119285
0.431,7.79E-12,-4.83E-13,-41.65062319,-234.1203331,-77.02263573,-348.5765889,-40.8614101,-350.5120169
0.432,6.71E-12,-2.84E-14,-41.84033998,-234.1190331,-77.19383274,-348.6065263,-40.95138654,-350.5227064
0.433,2.39E-12,1.39E-12,-42.0538996,-234.1173517,-77.39558231,-348.6238889,-41.07530752,-350.5263982
0.434,-1.11E-11,-3.87E-12,-42.15782999,-234.1176613,-77.49485806,-348.6338829,-41.10015934,-350.5283558
0.435,-1.35E-11,-2.05E-12,-42.32261954,-234.1254915,-77.66238438,-348.6431763,-41.19667909,-350.5353045
0.436,-1.48E-12,-3.89E-12,-42.48165827,-234.1219778,-77.83178727,-348.6340428,-41.29850547,-350.5295754
0.437,-1.19E-12,-3.13E-12,-42.58233325,-234.107503,-77.95068981,-348.6080036,-41.35327425,-350.5127472
0.438,1.02E-12,-1.99E-13,-42.71539597,-234.1242614,-78.11007949,-348.6083913,-41.45198562,-350.5282098
0.439,8.53E-13,-2.05E-12,-42.8375043,-234.122913,-78.26685019,-348.5870043,-41.55154615,-350.5278188
0.44,-5.12E-12,-1.48E-12,-42.98972298,-234.1218844,-78.46230263,-348.5634077,-41.69300135,-350.5327707
0.441,1.05E-11,-1.14E-13,-43.08885298,-234.10517,-78.61347379,-348.5227339,-41.79310711,-350.5253055
0.442,-6.71E-12,-1.79E-12,-43.26505345,-234.098104,-78.85075882,-348.4914557,-41.98159541,-350.5305206
0.443,3.64E-12,-4.26E-13,-43.26423095,-234.0844337,-78.92006608,-348.4534341,-42.00371146,-350.5309019
0.444,9.27E-12,-8.53E-13,-43.33641837,-234.0701006,-79.07098037,-348.4163969,-42.1083769,-350.5328021
0.445,1.31E-12,-2.07E-12,-43.40947693,-234.0493151,-79.23156513,-348.3766854,-42.2220645,-350.5295599
0.446,1.19E-11,-1.99E-13,-43.50992955,-234.0172977,-79.42618713,-348.3280164,-42.36990878,-350.515524
0.447,-9.49E-12,1.99E-12,-43.63839992,-233.9747402,-79.65402802,-348.2712726,-42.55114502,-350.4905149
0.448,-1.45E-11,5.40E-13,-43.66453534,-233.9297024,-79.78329305,-348.2147046,-42.63403208,-350.4617206
0.449,2.14E-11,-2.47E-12,-43.74421077,-233.8777932,-79.96841513,-348.1541119,-42.77305653,-350.4238784
0.45,4.32E-12,1.85E-12,-43.81764736,-233.8229631,-80.14817339,-348.0936356,-42.90705109,-350.3800672
0.451,5.80E-12,-1.31E-12,-43.8857618,-233.7604461,-80.32254929,-348.0267268,-43.03605086,-350.3226755
0.452,-1.19E-12,8.53E-14,-43.98719131,-233.6841561,-80.53064675,-347.950737,-43.1992134,-350.2479928
0.453,5.51E-12,4.26E-13,-44.07118565,-233.5987666,-80.72270035,-347.871592,-43.34815707,-350.1631585
0.454,6.48E-12,-9.95E-13,-44.18349242,-233.5033537,-80.94544246,-347.7896199,-43.5284915,-350.0670539
0.455,-7.62E-12,-2.44E-12,-44.28123243,-233.402153,-81.15697868,-347.7103083,-43.69845124,-349.9661804
0.456,8.36E-12,-3.13E-13,-44.36811172,-233.2814405,-81.36199985,-347.6211852,-43.86285602,-349.8490794
0.457,4.55E-13,7.39E-13,-44.39701699,-233.1402925,-81.51317942,-347.520792,-43.97450824,-349.7153061
0.458,7.33E-12,-5.97E-13,-44.43088128,-232.9776314,-81.67326227,-347.4077262,-44.09644594,-349.562491
0.459,-2.22E-12,-7.39E-13,-44.50207408,-232.8121101,-81.87362662,-347.2946855,-44.25996023,-349.4060684
0.46,-1.19E-11,1.19E-12,-44.58103795,-232.6774928,-82.08364912,-347.2115926,-44.43441525,-349.2765843
0.461,5.80E-12,4.26E-12,-44.61769322,-232.5249809,-82.25218418,-347.1058069,-44.56865297,-349.1220214
0.462,6.37E-12,-6.82E-13,-44.62760691,-232.3540116,-82.3937329,-346.9729239,-44.67716201,-348.9385986
0.463,6.82E-12,-9.66E-13,-44.74869028,-232.2194205,-82.64514062,-346.8639377,-44.89677523,-348.7779331
0.464,-1.44E-11,3.38E-12,-44.76469485,-232.0756846,-82.78891115,-346.7300092,-45.00998397,-348.5918093
0.465,-2.27E-13,-1.08E-12,-44.83379289,-231.9326848,-82.98290018,-346.5835676,-45.17463143,-348.3932795
0.466,6.25E-12,-1.59E-12,-44.95868629,-231.8297086,-83.22903835,-346.4665725,-45.39263579,-348.2249267
0.467,-3.75E-12,5.68E-13,-45.0515131,-231.7087102,-83.43869249,-346.3236497,-45.57535141,-348.0320001
0.468,-6.76E-12,-3.52E-12,-45.1825486,-231.6072924,-83.68136664,-346.1950743,-45.79226984,-347.8553979
0.469,3.98E-12,-4.01E-12,-45.28174766,-231.4874099,-83.88624445,-346.045473,-45.97256227,-347.6603701
0.47,6.08E-12,-1.48E-12,-45.3560063,-231.3615043,-84.05945069,-345.8899591,-46.122341,-347.4626535
0.471,3.58E-12,3.35E-12,-45.50967402,-231.2591646,-84.30456365,-345.7607938,-46.34658427,-347.2964145
0.472,5.97E-12,1.14E-12,-45.56711526,-231.1224964,-84.44517653,-345.6027547,-46.46804276,-347.1044629
0.473,1.08E-11,-8.24E-13,-45.70741721,-230.9866192,-84.65967923,-345.4501523,-46.66554804,-346.9206902
0.474,-6.59E-12,-3.92E-12,-45.81470691,-230.8313951,-84.83384029,-345.2851252,-46.82531036,-346.726816
0.475,6.71E-12,0,-45.93485001,-230.6816188,-85.01530219,-345.1315636,-46.99541385,-346.5463114
0.476,-4.95E-12,-2.13E-12,-46.0317921,-230.5340105,-85.17047616,-344.9873021,-47.14202263,-346.3745729
0.477,2.84E-13,-1.76E-12,-46.15406071,-230.3309444,-85.34884571,-344.7915121,-47.31588269,-346.1526508
0.478,1.08E-12,1.14E-13,-46.27203429,-230.1886823,-85.52241843,-344.6595677,-47.48959101,-345.9954834
0.479,-4.32E-12,-2.47E-12,-46.35801307,-230.005244,-85.66512371,-344.4886011,-47.63766632,-345.7997665
0.48,-1.08E-12,-1.11E-12,-46.50915603,-229.7994276,-85.87574966,-344.296523,-47.8594861,-345.5829748
0.481,9.66E-12,-2.13E-12,-46.63700925,-229.640573,-86.06661373,-344.1512558,-48.06795716,-345.4125946
0.482,5.34E-12,1.14E-12,-46.70000518,-229.4685618,-86.19471783,-343.9910663,-48.22067076,-345.2264566
0.483,1.65E-12,1.39E-12,-46.82890616,-229.2671575,-86.38839754,-343.7966698,-48.44655184,-345.00484
0.484,-1.02E-12,9.09E-13,-46.95790365,-229.1348638,-86.57941753,-343.6635213,-48.67795445,-344.8427636
0.485,3.35E-12,-6.25E-13,-47.05393511,-228.9745165,-86.73228849,-343.4914084,-48.88000034,-344.6405392
0.486,3.98E-13,-5.40E-13,-47.11784741,-228.8059294,-86.84543051,-343.2970964,-49.05102081,-344.4138878
0.487,-9.09E-12,-4.35E-12,-47.15639393,-228.6598781,-86.9231702,-343.1083125,-49.19515162,-344.1907265
0.488,5.06E-12,-7.39E-13,-47.33864985,-228.5623627,-87.13215595,-342.9480082,-49.47885029,-343.994197
0.489,2.10E-12,1.42E-12,-47.46745924,-228.501149,-87.27245507,-342.8013581,-49.70199329,-343.8096636
0.49,1.59E-12,-1.08E-12,-47.58941085,-228.4273824,-87.39191453,-342.6264998,-49.91223673,-343.5954539
0.491,-4.32E-12,-2.61E-12,-47.70651006,-228.3563856,-87.49368909,-342.4464733,-50.11254455,-343.3747978
0.492,4.60E-12,-1.45E-12,-47.81514935,-228.295795,-87.5753206,-342.2766323,-50.30026771,-343.1632388
0.493,5.91E-12,6.82E-13,-47.95540501,-228.2275585,-87.67803472,-342.106642,-50.51644105,-342.9506322
0.494,-1.27E-11,-1.82E-12,-48.06176822,-228.1566004,-87.73763888,-341.9501467,-50.69651425,-342.7498092
0.495,5.68E-13,1.85E-12,-48.21379285,-228.0402,-87.83600453,-341.770526,-50.9209997,-342.5259567
0.496,-1.09E-11,1.93E-12,-48.33738824,-227.9322264,-87.90150324,-341.6291802,-51.11676525,-342.3408506
0.497,1.06E-11,7.96E-13,-48.47793324,-227.7708952,-87.98158842,-341.4678133,-51.32976065,-342.1365709
0.498,-5.00E-12,-1.53E-12,-48.6527831,-227.5950455,-88.09367128,-341.322333,-51.57589341,-341.9494011
0.499,2.56E-12,1.42E-12,-48.8725919,-227.3687373,-88.24817059,-341.1497567,-51.86402777,-341.7386942
0.5,-5.46E-12,-3.58E-12,-49.01720115,-227.1419474,-88.3246925,-340.9930191,-52.07247901,-341.5448581
0.501,-9.66E-13,-2.79E-12,-49.17298377,-226.9045209,-88.40937463,-340.834923,-52.28603112,-341.3507651
0.502,9.49E-12,-1.11E-12,-49.3170668,-226.6763792,-88.47910866,-340.6883475,-52.48022215,-341.1693644
0.503,1.09E-11,5.12E-13,-49.47033431,-226.4251078,-88.55454335,-340.5138359,-52.67434721,-340.9612691
0.504,2.61E-12,5.68E-14,-49.59718915,-226.2053986,-88.59984622,-340.3590378,-52.83122017,-340.7741984
0.505,1.88E-12,3.41E-12,-49.73809737,-225.9929606,-88.65524799,-340.1926198,-52.98971814,-340.5768889
0.506,-3.24E-12,-2.05E-12,-49.99097451,-225.8052596,-88.81800782,-340.0272383,-53.24574662,-340.3820667
0.507,2.27E-13,-7.39E-13,-50.15882841,-225.6149333,-88.89471057,-339.8377756,-53.40453684,-340.164684
0.508,-1.88E-12,9.66E-13,-50.31879491,-225.4785948,-88.96564595,-339.6846589,-53.54502488,-339.9852378
0.509,1.03E-11,1.68E-12,-50.45896655,-225.347642,-89.02206037,-339.5230996,-53.65710349,-339.7990093
0.51,-5.80E-12,-2.84E-13,-50.61217396,-225.2254417,-89.10024801,-339.3618351,-53.77540351,-339.6132492
0.511,-7.84E-12,-1.39E-12,-50.76380846,-225.1010637,-89.18685317,-339.1917183,-53.88802042,-339.4224208
0.512,9.66E-13,1.05E-12,-50.92499285,-224.9907143,-89.2945178,-339.0327493,-54.00795452,-339.2450356
0.513,1.45E-11,0,-51.08890096,-224.8721113,-89.41793491,-338.8664392,-54.13109566,-339.0628872
0.514,1.25E-12,-2.84E-13,-51.23392926,-224.7326097,-89.53702009,-338.6839368,-54.23855633,-338.8674065
0.515,-4.43E-12,0,-51.35243103,-224.6019296,-89.64467505,-338.5190175,-54.32443509,-338.6926516
0.516,-1.76E-12,-4.26E-13,-51.46300953,-224.4639088,-89.75793041,-338.3558437,-54.40695941,-338.5230671
0.517,-2.22E-12,2.64E-12,-51.55368161,-224.3261202,-89.86243124,-338.2026761,-54.47297124,-338.3671963
0.518,-6.99E-12,5.68E-14,-51.68121492,-224.1470381,-90.01257343,-338.0186777,-54.57806333,-338.1844843
0.519,2.61E-12,1.11E-12,-51.80730699,-223.948813,-90.16768273,-337.8266868,-54.68275829,-337.998052
0.52,-1.05E-11,1.17E-12,-51.89046133,-223.747424,-90.28389089,-337.6433709,-54.74438474,-337.8248493
0.521,3.24E-12,0,-51.97094596,-223.5330588,-90.39909414,-337.4596059,-54.80203577,-337.6560344
0.522,1.88E-12,-9.09E-13,-52.0536023,-223.3431268,-90.51576216,-337.3134894,-54.85937792,-337.5299873
0.523,5.23E-12,-6.54E-13,-52.17246098,-223.1190859,-90.66555377,-337.1471673,-54.94918883,-337.3890329
0.524,-3.98E-12,6.25E-13,-52.31339523,-222.8538937,-90.83225288,-336.9507615,-55.05582307,-337.2224204
0.525,2.27E-12,-5.40E-13,-52.38994902,-222.5789149,-90.93087835,-336.7545322,-55.09536851,-337.0607622
0.526,-6.82E-12,1.99E-13,-52.4570885,-222.3029516,-91.01842743,-336.5628931,-55.12502156,-336.9077938
0.527,9.38E-12,-1.36E-12,-52.51828421,-222.0710007,-91.10040177,-336.4164531,-55.15048304,-336.803446
0.528,-1.76E-12,6.54E-13,-52.62769431,-221.8078318,-91.23299062,-336.2355935,-55.22814136,-336.6674218
0.529,3.18E-12,1.22E-12,-52.72031431,-221.5429026,-91.35322058,-336.0453836,-55.2952223,-336.5241124
0.53,1.11E-11,1.71E-13,-52.77328766,-221.2988277,-91.44026621,-335.8640498,-55.33109958,-336.3910659
0.531,1.25E-12,1.76E-12,-52.7963857,-221.0630642,-91.50559819,-335.6776284,-55.34744303,-336.2536405
0.532,4.32E-12,-4.55E-13,-52.87510987,-220.8904297,-91.63456616,-335.5392618,-55.42980148,-336.1643004
0.533,-5.57E-12,1.96E-12,-52.99114912,-220.6961491,-91.80844986,-335.3649067,-55.55965384,-336.0383241
0.534,-4.04E-12,-5.12E-13,-53.00637878,-220.5038059,-91.88871545,-335.1788783,-55.59901829,-335.8996656
0.535,-5.63E-12,-1.38E-12,-52.98185879,-220.3390222,-91.93601363,-335.0075306,-55.60672324,-335.772463
0.536,5.68E-12,-3.03E-12,-53.04372159,-220.2324804,-92.07606767,-334.8822778,-55.70709058,-335.6864012
0.537,7.62E-12,-2.30E-12,-53.13348107,-220.1010204,-92.25068846,-334.7207061,-55.83982363,-335.5573228
0.538,8.30E-12,4.28E-12,-53.14089167,-219.9842214,-92.34742388,-334.5614795,-55.89286627,-335.4238096
0.539,8.75E-12,1.34E-12,-53.12135858,-219.878547,-92.41963912,-334.4004876,-55.91898305,-335.2813125
0.54,-7.96E-12,-4.72E-12,-53.2006741,-219.8294941,-92.59475566,-334.2880675,-56.04499482,-335.1797298
0.541,2.27E-13,-1.76E-12,-53.21486265,-219.7460506,-92.70956064,-334.1380593,-56.10708806,-335.0324629
0.542,7.84E-12,-1.31E-12,-53.18590841,-219.6697483,-92.78680092,-333.9968469,-56.12740899,-334.8854572
0.543,-1.36E-11,-3.35E-12,-53.18492983,-219.5895803,-92.89835763,-333.8582758,-56.17723812,-334.7321193
0.544,7.28E-12,2.56E-12,-53.185197,-219.4759999,-93.01826357,-333.6976514,-56.23000759,-334.5473159
0.545,-1.88E-12,-1.98E-12,-53.18397094,-219.3874341,-93.14454245,-333.5782528,-56.2841821,-334.3935275
0.546,6.54E-12,3.27E-13,-53.17141963,-219.2577309,-93.26812492,-333.4387804,-56.33086621,-334.2122342
0.547,-1.39E-11,-1.58E-12,-53.18152779,-219.0949152,-93.42375842,-333.292111,-56.40628322,-334.0191541
0.548,5.85E-12,1.38E-12,-53.12723984,-218.9139549,-93.52515004,-333.158065,-56.42561614,-333.8369493
0.549,-1.59E-12,1.28E-12,-53.08698805,-218.7119226,-93.65114993,-333.0364639,-56.46919099,-333.6682828
0.55,5.74E-12,5.54E-13,-53.03318634,-218.4530339,-93.77217182,-332.8842819,-56.50889741,-333.4729703
0.551,-9.04E-12,-3.98E-13,-52.95024575,-218.1556776,-93.87072018,-332.7095925,-56.52812378,-333.2621575
0.552,-3.87E-12,3.69E-13,-52.88898172,-217.8515429,-93.99514871,-332.5351759,-56.57666286,-333.0602896
0.553,7.28E-12,5.81E-12,-52.79812544,-217.5906747,-94.09216716,-332.4022987,-56.60222319,-332.9101682
0.554,6.14E-12,-3.33E-12,-52.72209979,-217.3116986,-94.204177,-332.2408075,-56.64820497,-332.7431752
0.555,1.11E-11,-1.90E-12,-52.64565069,-217.0457663,-94.31390272,-332.0730756,-56.6986048,-332.582151
0.556,-2.27E-13,-2.02E-12,-52.54174261,-216.7975633,-94.39228737,-331.8950096,-56.72328268,-332.4214372
0.557,8.41E-12,2.56E-13,-52.47106646,-216.5818788,-94.49790947,-331.7160118,-56.78011255,-332.2679427
0.558,1.07E-11,5.68E-14,-52.33668171,-216.4105164,-94.53573512,-331.5511975,-56.77335595,-332.1342896
0.559,-6.37E-12,7.67E-13,-52.29457308,-216.2831776,-94.66350359,-331.407039,-56.86004759,-332.0244568
0.56,9.09E-13,-5.40E-13,-52.1962311,-216.1624298,-94.73445998,-331.2528746,-56.89272802,-331.9052894
0.561,-7.79E-12,-2.06E-12,-52.14863151,-216.0292066,-94.85733458,-331.0764089,-56.97942297,-331.7619985
0.562,9.38E-12,-1.38E-12,-52.05832933,-215.9167535,-94.94043699,-330.917658,-57.02773745,-331.6321071
0.563,9.44E-12,2.05E-12,-51.98260512,-215.8118291,-95.0428023,-330.7701514,-57.09600202,-331.5066515
0.564,7.62E-12,7.11E-13,-51.8446574,-215.6902541,-95.08938363,-330.6164808,-57.10846521,-331.3657298
0.565,8.53E-12,2.84E-13,-51.75174386,-215.5709299,-95.18945739,-330.4817205,-57.17343471,-331.2325209
0.566,7.62E-12,-1.32E-12,-51.65054668,-215.4277459,-95.29062585,-330.3457699,-57.23789872,-331.0851699
0.567,-1.14E-13,8.10E-13,-51.52602427,-215.2599092,-95.37691458,-330.2037883,-57.28591913,-330.9209186
0.568,-2.50E-12,-2.25E-12,-51.35682001,-215.0814821,-95.42516879,-330.0660358,-57.29435293,-330.7521429
0.569,-4.89E-12,5.12E-13,-51.2144023,-214.8978516,-95.50505871,-329.9340976,-57.33288216,-330.5825434
0.57,-8.98E-12,2.13E-13,-51.07555041,-214.7053081,-95.59156541,-329.8004621,-57.37649967,-330.4067242
0.571,5.12E-12,-1.17E-12,-50.91398379,-214.511888,-95.6566102,-329.669364,-57.39713857,-330.2310353
0.572,3.75E-12,-1.01E-12,-50.76408728,-214.3267994,-95.73277971,-329.5462092,-57.42739729,-330.0629984
0.573,6.82E-13,-7.82E-13,-50.5994107,-214.1407214,-95.79182562,-329.4178748,-57.43903928,-329.8916062
0.574,5.12E-12,3.55E-13,-50.44271416,-213.9703143,-95.85470983,-329.2972195,-57.45303825,-329.7318328
0.575,-1.51E-11,-6.54E-13,-50.33250302,-213.7985814,-95.9583244,-329.1638196,-57.50629804,-329.5653699
0.576,7.05E-12,-2.77E-12,-50.20502986,-213.6525283,-96.04065944,-329.0460814,-57.53682056,-329.4227398
0.577,-9.89E-12,2.10E-12,-50.06865747,-213.499336,-96.11164873,-328.9121221,-57.55491918,-329.2730687
0.578,8.07E-12,8.10E-13,-49.96946609,-213.3726787,-96.21894349,-328.7965511,-57.60718257,-329.1510425
0.579,3.41E-12,-7.11E-14,-49.85358682,-213.2395361,-96.31024578,-328.6672842,-57.64072799,-329.024005
0.58,-1.96E-11,-2.42E-13,-49.75094734,-213.1116819,-96.41705424,-328.5370304,-57.68646926,-328.9040936
0.581,3.41E-13,7.11E-14,-49.6442602,-212.9890765,-96.52361378,-328.404675,-57.72810509,-328.7916328
0.582,4.32E-12,2.27E-13,-49.50779433,-212.8770351,-96.60471753,-328.2790133,-57.74089055,-328.6923017
0.583,-9.09E-12,-1.44E-12,-49.39675087,-212.7511548,-96.71603386,-328.137412,-57.78101292,-328.5820614
0.584,2.50E-12,-5.26E-13,-49.26547455,-212.6439937,-96.81237474,-328.0141988,-57.80380309,-328.4938338
0.585,1.51E-11,-3.33E-12,-49.13984509,-212.5195522,-96.91960735,-327.8767016,-57.83564719,-328.3935414
0.586,4.89E-12,-9.95E-14,-49.00726567,-212.4046224,-97.02412207,-327.74986,-57.8634545,-328.3047181
0.587,-6.37E-12,-3.44E-12,-48.84439593,-212.2853485,-97.10110179,-327.6199093,-57.86292686,-328.2121937
0.588,-8.30E-12,1.28E-13,-48.71444934,-212.1499568,-97.21228321,-327.4751675,-57.89607475,-328.101036
0.589,1.44E-11,2.69E-12,-48.58058432,-212.0236788,-97.31934804,-327.3409573,-57.9259259,-327.9977549
0.59,2.16E-12,8.24E-13,-48.45246206,-211.8837938,-97.4304807,-327.1946496,-57.96183602,-327.8792154
0.591,3.64E-12,1.82E-12,-48.27132567,-211.7654799,-97.48544755,-327.0715138,-57.94474271,-327.7801811
0.592,1.05E-11,-1.56E-13,-48.1198419,-211.6391327,-97.56543861,-326.942037,-57.95700728,-327.670633
0.593,-8.30E-12,-4.97E-13,-47.94384252,-211.5265176,-97.61480891,-326.828076,-57.94415599,-327.571922
0.594,6.82E-13,-1.32E-12,-47.84000414,-211.3962791,-97.72894246,-326.6970438,-58.00255997,-327.452278
0.595,-9.09E-13,1.14E-13,-47.7139216,-211.2563568,-97.81283527,-326.5584457,-58.03735903,-327.3205232
0.596,-3.30E-12,-2.84E-14,-47.50393529,-211.1405871,-97.80553251,-326.4446243,-57.98741185,-327.2093364
0.597,-6.03E-12,-1.75E-12,-47.40733257,-211.0165693,-97.90458194,-326.3224878,-58.05007971,-327.0859619
0.598,-5.68E-13,-3.98E-13,-47.24627988,-210.9088531,-97.93241039,-326.2158946,-58.04760296,-326.9745945
0.599,1.59E-12,4.12E-13,-47.17634809,-210.7693179,-98.04484912,-326.0760331,-58.13562637,-326.8267586
0.6,-7.16E-12,-1.19E-12,-46.99580706,-210.6547443,-98.0404284,-325.9589924,-58.11249373,-326.6988798
0.601,1.25E-12,-4.55E-13,-46.84123059,-210.5729897,-98.0559824,-325.8719389,-58.11532214,-326.597503
0.602,9.09E-13,-8.24E-13,-46.75907356,-210.4578714,-98.13822641,-325.7479987,-58.18934694,-326.4573613
0.603,7.50E-12,-1.34E-12,-46.63062026,-210.3387298,-98.16870512,-325.615821,-58.21504686,-326.3080236
0.604,6.59E-12,-7.11E-14,-46.49232185,-210.2653826,-98.18413007,-325.5245322,-58.22806751,-326.1995363
0.605,6.82E-13,-2.81E-12,-46.42995436,-210.1551527,-98.27053771,-325.3907641,-58.31337935,-326.0494508
0.606,0,-3.27E-13,-46.31063425,-210.0533644,-98.29530487,-325.2591497,-58.33729329,-325.9033199
0.607,7.96E-13,-7.96E-13,-46.17441342,-209.9931542,-98.29866728,-325.1637195,-58.33897909,-325.7960939
0.608,3.30E-12,5.20E-12,-46.16131656,-209.8664858,-98.42189009,-324.9934797,-58.45850686,-325.6194942
0.609,-7.73E-12,2.53E-12,-45.99566926,-209.8036468,-98.38957011,-324.8817989,-58.42034248,-325.5052189
0.61,2.73E-12,-1.99E-12,-45.92308777,-209.7171477,-98.44778912,-324.7425962,-58.47024251,-325.3671889
0.611,-9.55E-12,3.41E-13,-45.81225339,-209.6326698,-98.46569393,-324.6029621,-58.47702855,-325.2324958
0.612,-1.59E-12,-1.15E-12,-45.72893771,-209.5656011,-98.50952168,-324.4796933,-58.5064336,-325.1158266
0.613,-3.52E-12,-1.49E-12,-45.56275156,-209.4717584,-98.46934869,-324.3300157,-58.449447,-324.9761027
0.614,-2.27E-13,2.23E-12,-45.54029689,-209.4030834,-98.57224245,-324.20728,-58.53399751,-324.8663507
0.615,6.71E-12,7.25E-13,-45.45890363,-209.2970811,-98.61599841,-324.0504,-58.55874188,-324.7251601
0.616,-1.10E-11,-3.75E-12,-45.35257284,-209.2224502,-98.63508316,-323.9294833,-58.55900799,-324.6223143
0.617,-1.88E-11,-2.19E-12,-45.27628601,-209.1076047,-98.68494368,-323.774353,-58.59110412,-324.487312
0.618,8.75E-12,-5.40E-13,-45.18664025,-209.0193226,-98.72264265,-323.6531961,-58.61295421,-324.3880161
0.619,4.09E-12,1.95E-12,-45.00721582,-208.9254595,-98.67222582,-323.5352769,-58.54946532,-324.2933666
0.62,1.61E-11,-1.55E-12,-44.99816071,-208.7975213,-98.79426489,-323.3951046,-58.66207043,-324.1775484
0.621,-8.07E-12,2.42E-13,-44.85525469,-208.6886934,-98.78363135,-323.283396,-58.64650232,-324.0909541
0.622,1.00E-11,4.97E-13,-44.69677017,-208.5599334,-98.7574716,-323.1600149,-58.62076868,-323.9931233
0.623,5.91E-12,1.80E-12,-44.67365153,-208.43105,-98.86560403,-323.0436764,-58.73554919,-323.9024468
0.624,-2.98E-11,-5.13E-12,-44.5289028,-208.3114307,-98.84990665,-322.9426741,-58.73358316,-323.8268939
0.625,-1.14E-13,5.40E-13,-44.37111766,-208.1844638,-98.81784715,-322.8393028,-58.72332327,-323.7463371
0.626,-2.61E-12,1.96E-12,-44.35192238,-208.0554039,-98.91961907,-322.7352381,-58.85455332,-323.6659242
0.627,9.09E-12,-1.96E-12,-44.22545894,-207.943441,-98.90899959,-322.6499466,-58.87970808,-323.6028246
0.628,1.82E-12,3.18E-12,-44.09901951,-207.8266687,-98.8926108,-322.5595475,-58.90437251,-323.5331114
0.629,-2.73E-12,-3.81E-12,-44.05020618,-207.7037466,-98.94738473,-322.4607257,-59.00444151,-323.4534238
0.63,-1.59E-12,2.36E-12,-43.96923459,-207.6163619,-98.96286693,-322.393194,-59.0684235,-323.4034285
0.631,1.22E-11,-1.11E-12,-43.86457501,-207.5409343,-98.94759955,-322.3330698,-59.1038235,-323.3591973
0.632,-5.57E-12,-1.38E-12,-43.81423591,-207.4539588,-98.98070989,-322.2565329,-59.18873169,-323.2968638
0.633,-1.02E-12,-3.13E-12,-43.73551119,-207.3893128,-98.98124573,-322.1988489,-59.2411587,-323.2516477
0.634,-1.02E-11,-1.45E-12,-43.61767932,-207.3217273,-98.94023937,-322.1361371,-59.25109974,-323.1996226
0.635,6.03E-12,4.68E-12,-43.62366455,-207.2584632,-99.02236893,-322.0770467,-59.38219576,-323.1493917
0.636,6.14E-12,2.54E-12,-43.53980169,-207.2043561,-99.01572307,-322.0278018,-59.42149831,-323.1071331
0.637,4.55E-12,3.98E-13,-43.4466737,-207.162378,-99.00263858,-321.9927625,-59.45030705,-323.0771611
0.638,8.75E-12,3.27E-13,-43.39489301,-207.1026143,-99.03548176,-321.9434027,-59.51995116,-323.0309036
0.639,-2.39E-12,1.11E-12,-43.29744858,-207.0448108,-99.02899543,-321.9008563,-59.54413631,-322.9894487
0.64,1.01E-11,1.88E-12,-43.2013554,-206.9860709,-99.03194842,-321.8636153,-59.57059422,-322.9512424
0.641,1.17E-11,8.10E-13,-43.13007136,-206.9161689,-99.06915753,-321.8238217,-59.62310456,-322.9083809
0.642,9.89E-12,-1.01E-12,-43.03433795,-206.8441836,-99.09038137,-321.7868193,-59.65043784,-322.8643425
0.643,7.96E-13,-3.60E-12,-42.9188305,-206.7655663,-99.09907294,-321.7453663,-59.6566769,-322.8141151
0.644,6.93E-12,-5.53E-12,-42.82952853,-206.6943079,-99.14043455,-321.7084909,-59.68725771,-322.7695872
0.645,-4.77E-12,-2.86E-12,-42.72535279,-206.6238873,-99.17109809,-321.6693942,-59.7005575,-322.7221351
0.646,1.14E-12,2.54E-12,-42.60809052,-206.55836,-99.19111503,-321.6296487,-59.69781998,-322.6737119
0.647,-2.16E-12,2.67E-12,-42.53354556,-206.5029286,-99.25455345,-321.591974,-59.73430546,-322.6274176
0.648,7.50E-12,-5.83E-13,-42.46914633,-206.4550386,-99.32710597,-321.5513322,-59.77689882,-322.5785951
0.649,2.39E-12,-1.21E-12,-42.35788436,-206.4269082,-99.35026782,-321.5190577,-59.76828752,-322.5389591
0.65,-1.36E-12,-1.11E-12,-42.302742,-206.416041,-99.42651008,-321.4927953,-59.81213488,-322.5065351
0.651,1.59E-11,1.62E-12,-42.17515391,-206.4169649,-99.42692331,-321.4687003,-59.78072372,-322.477859
0.652,1.28E-11,-7.25E-13,-42.10719842,-206.4186458,-99.48324174,-321.4373658,-59.80698049,-322.4439042
0.653,1.03E-11,3.20E-12,-42.03884125,-206.4234616,-99.53508697,-321.4027968,-59.83171904,-322.4090566
0.654,-1.36E-12,-3.40E-12,-42.01149735,-206.4304748,-99.62352986,-321.3656833,-59.89720249,-322.3743864
0.655,8.30E-12,-9.95E-13,-41.9580877,-206.4477769,-99.68114728,-321.3357439,-59.93727675,-322.348338
0.656,-1.09E-11,-1.34E-12,-41.86587322,-206.4854142,-99.69485606,-321.3246521,-59.93842465,-322.3443176
0.657,-1.03E-11,2.91E-12,-41.78260363,-206.5005336,-99.7120618,-321.291182,-59.94770197,-322.3211288
0.658,3.41E-12,-5.68E-14,-41.82177741,-206.5047706,-99.84591889,-321.2485965,-60.07791326,-322.2920642
0.659,2.27E-13,-2.42E-13,-41.78495065,-206.5337853,-99.89827584,-321.2354362,-60.13055719,-322.2956937
0.66,-2.05E-12,-1.98E-12,-41.74963582,-206.5361971,-99.94676862,-321.1963516,-60.18293837,-322.2780692
0.661,1.80E-11,-2.76E-12,-41.7988764,-206.5307733,-100.0756249,-321.150682,-60.31859713,-322.2568137
0.662,-3.18E-12,-3.10E-12,-41.73425613,-206.5623103,-100.0876417,-321.1424204,-60.33961406,-322.2755792
0.663,-4.89E-12,-1.41E-12,-41.69629933,-206.5652499,-100.1245569,-321.1052057,-60.38701032,-322.2676632
0.664,-1.49E-11,2.74E-12,-41.76460438,-206.5717098,-100.2671822,-321.0703525,-60.54088113,-322.2640391
0.665,-3.52E-12,-5.54E-13,-41.67860975,-206.604885,-100.2561696,-321.0602527,-60.54116182,-322.2867575
0.666,-1.23E-11,1.28E-13,-41.66392119,-206.600431,-100.3183382,-321.0097586,-60.61395497,-322.2703295
0.667,-4.21E-12,2.56E-13,-41.69029354,-206.6456508,-100.4244184,-321.0070167,-60.72927456,-322.3025603
0.668,-3.75E-12,7.82E-13,-41.61881783,-206.6705951,-100.4356971,-320.9815712,-60.74769065,-322.3126529
0.669,-2.39E-12,-1.65E-12,-41.71433983,-206.707522,-100.6168112,-320.966653,-60.93312377,-322.3334969
0.67,3.30E-12,-1.39E-12,-41.64698584,-206.7316971,-100.6376784,-320.9385007,-60.9545656,-322.3380611
0.671,2.16E-11,-3.34E-12,-41.66771668,-206.7781359,-100.7490509,-320.9331023,-61.06316869,-322.3650631
0.672,1.59E-12,-1.53E-12,-41.62107337,-206.7998484,-100.7952609,-320.9044407,-61.10333447,-322.3682723
0.673,4.21E-12,3.98E-13,-41.60846325,-206.862046,-100.8775072,-320.9187004,-61.17633075,-322.4136593
0.674,4.43E-12,6.25E-13,-41.61714673,-206.8779547,-100.9828414,-320.89008,-61.26927838,-322.4152094
0.675,-1.93E-12,-5.26E-13,-41.5651668,-206.9392825,-101.029098,-320.9112603,-61.30008079,-322.4653897
0.676,7.05E-12,-7.11E-13,-41.59392617,-206.9788465,-101.1574708,-320.9160313,-61.41000112,-322.4977767
0.677,-1.48E-12,-1.42E-14,-41.50948917,-206.9881457,-101.1739129,-320.8963349,-61.40469017,-322.5064963
0.678,-3.64E-12,2.42E-13,-41.49133817,-207.0584291,-101.2573789,-320.9436006,-61.46389065,-322.5805911
0.679,1.82E-12,2.13E-12,-41.56137925,-207.0775831,-101.4295304,-320.9453554,-61.60969277,-322.6077852
0.68,-6.25E-12,4.26E-14,-41.43868586,-207.1019109,-101.409196,-320.9575426,-61.56135414,-322.6442189
0.681,-1.08E-11,2.15E-12,-41.47114043,-207.1670179,-101.5440137,-321.0154081,-61.66694129,-322.7253352
0.682,7.39E-12,-8.53E-14,-41.47614578,-207.1991104,-101.6511415,-321.0447985,-61.74404118,-322.777178
0.683,1.10E-11,-6.25E-13,-41.45043525,-207.205735,-101.7270682,-321.0529005,-61.78957128,-322.8071309
0.684,-2.05E-12,-2.42E-13,-41.40622731,-207.2643563,-101.7837677,-321.1168191,-61.81593418,-322.8924962
0.685,1.48E-12,-4.26E-14,-41.41239646,-207.3102201,-101.8898697,-321.1714405,-61.89218851,-322.9683571
0.686,4.55E-13,1.19E-12,-41.44964447,-207.3427887,-102.0258313,-321.2158673,-61.99922018,-323.0340131
0.687,3.18E-12,1.90E-12,-41.39831765,-207.3852269,-102.0729627,-321.2735162,-62.0187679,-323.1130785
0.688,-3.30E-12,-7.96E-13,-41.31449657,-207.4230166,-102.0854864,-321.3287728,-62.00610636,-323.1889873
0.689,-2.09E-11,-3.82E-12,-41.3253263,-207.4875142,-102.1897323,-321.4127073,-62.08690156,-323.2936333
0.69,-4.55E-13,2.43E-12,-41.31031395,-207.546449,-102.2643922,-321.4927633,-62.13982362,-323.3939175
0.691,-1.71E-12,5.54E-13,-41.37606755,-207.6000578,-102.4152588,-321.5688913,-62.27064368,-323.4892479
0.692,-3.87E-12,-2.06E-12,-41.35869244,-207.6524762,-102.4776222,-321.6449411,-62.31463008,-323.5829318
0.693,1.13E-11,2.46E-12,-41.27029361,-207.7122907,-102.4626647,-321.7277116,-62.28305092,-323.6827272
0.694,3.41E-12,-8.10E-13,-41.37961811,-207.7568654,-102.6389176,-321.7956446,-62.44381628,-323.7651696
0.695,-8.19E-12,1.85E-12,-41.35377787,-207.8213353,-102.6731097,-321.8832106,-62.46320116,-323.8645654
0.696,-1.02E-12,-2.70E-13,-41.60752199,-207.8585309,-102.9790751,-321.9445946,-62.75458529,-323.9349357
0.697,-7.50E-12,-5.26E-13,-41.37519541,-207.955275,-102.7938898,-322.0637785,-62.55459077,-324.0600986
0.698,-2.27E-12,-4.87E-12,-41.43160561,-208.0273103,-102.8948503,-322.155578,-62.64005983,-324.1547059
0.699,-2.96E-12,1.96E-12,-41.32701302,-208.1153086,-102.8347058,-322.2597383,-62.56328764,-324.2583384
0.7,-1.82E-12,-2.94E-12,-41.48648365,-208.1898092,-103.0410112,-322.3458715,-62.751375,-324.3404447
0.701,1.25E-11,1.32E-12,-41.54266839,-208.2760998,-103.1489064,-322.4383384,-62.83900753,-324.4252214
0.702,-1.02E-12,2.49E-12,-41.48645562,-208.3809223,-103.1517684,-322.5429539,-62.8191084,-324.5183197
0.703,7.84E-12,-1.83E-12,-41.57369874,-208.4807615,-103.3079397,-322.635276,-62.94915502,-324.5942253
0.704,9.66E-12,-1.14E-12,-41.56272865,-208.6025898,-103.3782399,-322.7413501,-62.99032279,-324.6815002
0.705,-1.06E-11,-1.46E-12,-41.5804227,-208.7180583,-103.4914625,-322.8321479,-63.07128954,-324.7524434
0.706,-1.93E-12,-2.84E-13,-41.55075504,-208.8533305,-103.568652,-322.9350671,-63.11298437,-324.8357795
0.707,1.90E-11,1.53E-12,-41.54556339,-208.9909719,-103.6780211,-323.0346342,-63.1835044,-324.9173622
0.708,7.62E-12,-1.05E-12,-42.67326119,-208.9244283,-104.9244651,-322.9252721,-64.3875225,-324.7939259
0.709,1.02E-12,6.25E-13,-42.00034313,-209.1693644,-104.3701981,-323.1264954,-63.78779279,-324.9844234
0.71,6.03E-12,6.45E-12,-41.35676976,-209.4061486,-103.8409454,-323.3213199,-63.21053523,-325.1725115
0.711,8.87E-12,2.03E-12,-41.38135772,-209.5559637,-103.971288,-323.4335756,-63.29082591,-325.2826613
0.712,-3.41E-13,-4.19E-12,-41.43331288,-209.6793302,-104.1161965,-323.5264305,-63.38413009,-325.3786818
0.713,3.07E-12,2.70E-12,-41.38786828,-209.8073586,-104.1466684,-323.6336421,-63.36194027,-325.4949716
0.714,-5.68E-12,-2.69E-12,-41.44061401,-209.9167827,-104.2553436,-323.7349796,-63.41739119,-325.611941
0.715,4.55E-12,2.81E-12,-42.08048559,-209.918836,-104.933817,-323.7379045,-64.04257264,-325.6376922
0.716,6.59E-12,2.33E-12,-41.52332611,-210.1262416,-104.4019589,-323.951733,-63.45784972,-325.8821829
0.717,-2.27E-12,-8.38E-13,-41.6395477,-210.2254629,-104.5342085,-324.0595222,-63.53939951,-326.0279892
0.718,2.05E-12,2.49E-12,-41.65980956,-210.3388233,-104.5652522,-324.1801889,-63.52087607,-326.1941426
0.719,-6.48E-12,-1.99E-13,-42.70318756,-210.2945076,-105.6181929,-324.1385112,-64.5253327,-326.204
0.72,-1.25E-11,2.29E-12,-42.58498038,-210.4657501,-105.5123565,-324.3043171,-64.37204554,-326.4259677
0.721,-5.91E-12,-2.37E-12,-41.89717967,-210.715327,-104.8437618,-324.5369759,-63.65698368,-326.7179939
0.722,3.98E-12,1.86E-12,-41.87650933,-210.87721,-104.8536094,-324.6667649,-63.62084846,-326.9092224
0.723,-1.22E-11,1.28E-13,-43.16535196,-210.8689861,-106.1877083,-324.6095242,-64.90908481,-326.9139631
0.724,-6.82E-13,2.86E-12,-42.03555971,-211.2552353,-105.1163414,-324.931662,-63.79131872,-327.2979662
0.725,2.16E-12,-5.26E-13,-42.00063935,-211.4935719,-105.1506998,-325.0945849,-63.77808412,-327.5219795
0.726,2.50E-12,-1.85E-13,-43.23466938,-211.4989247,-106.462546,-325.0170136,-65.04048671,-327.5040659
0.727,-1.75E-11,1.05E-12,-42.13308358,-211.944289,-105.444998,-325.3757361,-63.97098743,-327.9203546
0.728,2.43E-11,-4.26E-13,-42.17173319,-212.1987271,-105.5715912,-325.5436066,-64.0424647,-328.1430418
0.729,1.02E-11,2.60E-12,-41.98461917,-212.4424122,-105.4740106,-325.7045906,-63.88594664,-328.3554346
0.73,2.35E-11,2.76E-12,-42.00694793,-212.6609027,-105.5851469,-325.8480389,-63.93378632,-328.5454903
0.731,-7.73E-12,-3.79E-12,-42.12196388,-212.8944493,-105.7859286,-326.0179944,-64.06766028,-328.7590687
0.732,5.57E-12,-2.42E-13,-41.91036514,-213.130668,-105.654738,-326.2058652,-63.86680653,-328.9882517
0.733,-9.09E-12,-1.32E-12,-42.04087925,-213.3079654,-105.8577854,-326.3522257,-63.99829115,-329.1742879
0.734,-1.43E-11,-3.99E-12,-42.08573163,-213.4815563,-105.9689143,-326.5092631,-64.03681339,-329.3700383
0.735,6.25E-12,3.55E-13,-41.93563979,-213.6957276,-105.8807482,-326.7164241,-63.87524811,-329.6165355
0.736,-1.14E-12,1.79E-12,-41.94605427,-213.8598787,-105.9492169,-326.8812365,-63.87120318,-329.8199247
0.737,6.93E-12,-2.07E-12,-42.14574036,-213.9995183,-106.2040303,-327.0260552,-64.05560125,-330.0024603
0.738,-1.39E-11,1.42E-12,-42.08199029,-214.196033,-106.1934253,-327.2291134,-63.9778919,-330.2422746
0.739,-2.38E-11,-2.86E-12,-42.05853139,-214.3723659,-106.2220739,-327.4102004,-63.94395982,-330.4590566
0.74,5.68E-13,-4.25E-12,-42.1828281,-214.5308017,-106.3983853,-327.5684475,-64.06342676,-330.6518367
0.741,6.48E-12,1.98E-12,-42.06777605,-214.7555948,-106.3361997,-327.7849552,-63.95096849,-330.9016468
0.742,-3.30E-12,-5.40E-13,-42.08280435,-214.9616695,-106.4062574,-327.9732246,-63.97573439,-331.1214508
0.743,8.19E-12,4.12E-13,-42.08548581,-215.1665722,-106.4650504,-328.1511537,-63.99225786,-331.3283008
0.744,-8.53E-12,1.11E-12,-42.05892613,-215.4247175,-106.4953599,-328.3749145,-63.98136137,-331.5775226
0.745,-2.27E-13,-1.31E-12,-42.14320915,-215.6561844,-106.6369455,-328.5663434,-64.08084555,-331.7901065
0.746,7.05E-12,-9.38E-13,-42.15254919,-215.8842844,-106.7036967,-328.7505092,-64.1026415,-331.9902752
0.747,8.87E-12,-2.22E-12,-42.14114668,-216.1507788,-106.7494898,-328.9709307,-64.09866645,-332.2207014
0.748,9.89E-12,-2.05E-12,-42.36367164,-216.3921667,-107.02867,-329.1658645,-64.3213072,-332.4187953
0.749,-1.18E-11,1.11E-12,-42.17827637,-216.6402272,-106.8991964,-329.3683518,-64.12643283,-332.6172473
0.75,-2.40E-11,-2.10E-12,-42.32044492,-216.8977064,-107.0960805,-329.5817964,-64.24724418,-332.8197149
0.751,8.53E-12,6.25E-13,-41.9628807,-217.2253588,-106.7915794,-329.8668383,-63.85416146,-333.0878638
0.752,9.89E-12,6.25E-13,-42.2042051,-217.4140475,-107.0824399,-330.0139338,-64.04422967,-333.2122923
0.753,-4.55E-12,-4.26E-13,-42.16959634,-217.6992319,-107.0955784,-330.2589451,-63.94465212,-333.4323834
0.754,-4.21E-12,-2.84E-13,-41.97821809,-218.0057425,-106.950514,-330.5278032,-63.67697769,-333.6763777
0.755,1.05E-11,1.79E-12,-42.38102628,-218.156668,-107.3985581,-330.6446979,-63.99454746,-333.7707743
0.756,6.48E-12,-5.68E-14,-42.45150122,-218.389996,-107.5135464,-330.8487173,-63.97322691,-333.9569712
0.757,0,-1.68E-12,-42.15748621,-218.677227,-107.2636777,-331.1124628,-63.58324452,-334.209879
0.758,-5.68E-13,-4.55E-13,-42.30725979,-218.8391881,-107.4575858,-331.2578622,-63.635264,-334.3537352
0.759,-5.80E-12,-2.98E-12,-42.14117253,-219.0509391,-107.3359769,-331.4610761,-63.3720211,-334.56701
0.76,2.50E-12,-7.11E-13,-41.95524204,-219.2717173,-107.1965022,-331.6830508,-63.09191859,-334.8123509
0.761,-1.02E-12,-1.22E-12,-42.22257874,-219.3579833,-107.5108068,-331.7823801,-63.26909045,-334.9489773
0.762,6.48E-12,2.44E-12,-42.01380543,-219.5102155,-107.3491215,-331.957833,-62.97514511,-335.1729286
0.763,-2.61E-12,1.62E-12,-41.86431073,-219.6548369,-107.2459628,-332.1325553,-62.74568314,-335.40481
0.764,2.96E-12,-4.06E-12,-41.68214811,-219.7622194,-107.1085119,-332.2736416,-62.48896994,-335.6091756
0.765,-2.50E-12,1.88E-12,-41.91656399,-219.8166065,-107.385143,-332.3620586,-62.6544639,-335.7644511
0.766,-3.30E-12,-2.05E-12,-41.74021489,-219.9387217,-107.2476406,-332.5152524,-62.41503348,-335.9855421
0.767,9.89E-12,-3.98E-13,-41.47827729,-220.0622424,-107.0203088,-332.6636234,-62.09606711,-336.2003083
0.768,8.07E-12,3.44E-12,-41.7299048,-220.1186006,-107.3014291,-332.7353264,-62.29693033,-336.3343639
0.769,-6.03E-12,-1.17E-12,-41.52418756,-220.2566803,-107.1192195,-332.8759685,-62.04692525,-336.530775
0.77,1.14E-13,2.27E-13,-41.13882619,-220.4563218,-106.7505084,-333.0621126,-61.62523702,-336.7645417
0.771,4.89E-12,-4.15E-12,-40.97709206,-220.6314002,-106.5976949,-333.2043567,-61.43069551,-336.9466815
0.772,6.25E-12,1.19E-12,-41.63108798,-220.6795144,-107.2525711,-333.1981563,-62.05129457,-336.9732893
0.773,8.41E-12,8.53E-14,-28.9634708,-221.8264624,-94.57933209,-334.2726725,-49.34767075,-338.075984
0.774,-5.00E-12,-6.54E-13,-40.64792418,-221.2536747,-106.2537503,-333.6140849,-60.9914492,-337.4431894
0.775,-9.09E-13,2.33E-12,-40.55105617,-221.4927218,-106.1445228,-333.7587129,-60.84717947,-337.6134694
0.776,1.21E-11,1.22E-12,-40.45066733,-221.7537499,-106.031539,-333.9214521,-60.69060361,-337.8039634
0.777,3.30E-12,3.15E-12,-40.8832101,-221.8732762,-106.4533403,-333.9435686,-61.05611557,-337.858182
0.778,2.16E-12,-1.14E-13,-40.55057657,-222.1603792,-106.1139077,-334.1388899,-60.64354894,-338.0921969
0.779,6.59E-12,2.76E-12,-39.90276979,-222.4916807,-105.465333,-334.3887871,-59.90084825,-338.3896233
0.78,-3.18E-12,-1.28E-12,-39.8254532,-222.7467338,-105.3953688,-334.5775622,-59.71229687,-338.6372824
0.781,1.44E-11,-1.65E-12,-39.65898634,-222.9717143,-105.2464633,-334.7561401,-59.42400955,-338.8827565
0.782,7.39E-12,8.53E-13,-39.39944389,-223.1896002,-105.0167185,-334.9498414,-59.03913715,-339.1480661
0.783,-1.26E-11,-1.02E-12,-39.07738477,-223.4178855,-104.737031,-335.1747186,-58.59362543,-339.4459636
0.784,-2.61E-12,-8.24E-13,-38.89506443,-223.5682387,-104.6117271,-335.3407877,-58.29495793,-339.6813867
0.785,1.75E-11,-9.09E-13,-38.16316482,-223.8235442,-103.9483316,-335.6259473,-57.45904468,-340.0304892
0.786,3.18E-12,-1.36E-12,-37.59709873,-224.0789199,-103.4604877,-335.9214551,-56.80652654,-340.3816581
0.787,-4.21E-12,3.30E-12,-37.9168513,-224.123143,-103.8664113,-336.0122282,-57.06261676,-340.5169401
0.788,6.48E-12,-2.56E-13,-37.72872538,-224.2520888,-103.7706356,-336.1902818,-56.83884624,-340.7254795
0.789,7.50E-12,-8.81E-13,-37.25396005,-224.4592536,-103.3926306,-336.4452521,-56.36206159,-340.9971201
0.79,-1.10E-11,-1.99E-13,-37.06438654,-224.5945668,-103.3024578,-336.6232083,-56.19778295,-341.1775148
0.791,-3.30E-12,2.47E-12,-36.5959314,-224.8509459,-102.9342745,-336.9132079,-55.7754241,-341.4576246
0.792,-1.59E-12,-1.42E-13,-36.28123688,-225.0209645,-102.7189397,-337.1004821,-55.52110059,-341.6245844
0.793,-1.00E-11,7.67E-13,-35.86702096,-225.2563283,-102.402006,-337.3418734,-55.17562173,-341.8371404
0.794,1.42E-11,1.11E-12,-34.64248887,-225.6154719,-101.2713289,-337.6979365,-54.02209958,-342.1577506
0.795,-6.03E-12,-5.97E-13,-34.21115346,-225.8811216,-100.9290715,-337.9535173,-53.65795385,-342.3731648
0.796,6.03E-12,-1.05E-12,-33.75363415,-226.1403937,-100.5545035,-338.1978523,-53.2577108,-342.5745228
0.797,-8.19E-12,-7.39E-13,-33.29470087,-226.3828057,-100.1714075,-338.4258629,-52.84004719,-342.7553654
0.798,-1.25E-12,-2.19E-12,-32.97835208,-226.6464739,-99.92453787,-338.6755185,-52.54286833,-342.9578324
0.799,-1.36E-12,1.11E-12,-32.5634667,-226.8925574,-99.57406072,-338.9107391,-52.11895997,-343.1471064
0.8,1.25E-12,-1.99E-12,-32.15931187,-227.1591773,-99.23053029,-339.1724068,-51.67324094,-343.3671618
0.801,1.14E-12,3.75E-12,-31.70013929,-227.3955359,-98.82948542,-339.4124846,-51.14647077,-343.5679625
0.802,-1.36E-12,1.14E-13,-31.19877141,-227.6248977,-98.38569722,-339.6555902,-50.56035623,-343.7737474
0.803,-1.16E-11,-1.99E-13,-30.65071974,-227.8719616,-97.89461117,-339.9260786,-49.91727844,-344.0084927
0.804,5.68E-13,9.66E-13,-30.27117062,-228.0816036,-97.57172891,-340.1677799,-49.4396747,-344.2156497
0.805,2.27E-12,-1.88E-12,-29.76497291,-228.2942886,-97.12221459,-340.4201132,-48.8396448,-344.4342588
0.806,-1.06E-11,-7.39E-13,-29.22950429,-228.5468374,-96.6437612,-340.7188535,-48.22181736,-344.6997162
0.807,4.66E-12,1.85E-12,-28.74398358,-228.7601244,-96.21590284,-340.9838293,-47.67266215,-344.9314715
0.808,-5.57E-12,-1.68E-12,-28.25447519,-228.9736697,-95.7850192,-341.253515,-47.14549451,-345.1676205
0.809,-4.66E-12,-1.34E-12,-27.70892108,-229.2418897,-95.30105234,-341.5827656,-46.59524328,-345.4621561
0.81,9.78E-12,-1.59E-12,-27.32967009,-229.4474573,-94.98117215,-341.8507299,-46.23771757,-345.6943165
0.811,-1.58E-11,1.59E-12,-26.81038891,-229.7162158,-94.51527521,-342.1809397,-45.75997109,-345.9869205
0.812,-7.05E-12,6.25E-13,-26.41965457,-229.9689684,-94.16816845,-342.4918875,-45.42396787,-346.2577467
0.813,-3.30E-12,-1.85E-12,-25.92428316,-230.2835583,-93.70201454,-342.8582148,-44.98902771,-346.5807234
0.814,2.39E-12,2.33E-12,-25.4858249,-230.5141091,-93.27707403,-343.1365285,-44.61256831,-346.8117439
0.815,6.25E-12,-8.81E-13,-25.00338008,-230.7948762,-92.79015906,-343.4624239,-44.1885589,-347.0856902
0.816,3.87E-12,5.12E-13,-24.50257464,-231.0465832,-92.26460734,-343.7579645,-43.73749434,-347.3239119
0.817,1.08E-11,-1.02E-12,-24.08338775,-231.2986369,-91.79810986,-344.0538966,-43.35422272,-347.5564423
0.818,-2.39E-12,-5.20E-12,-23.57188378,-231.6082963,-91.21444277,-344.4088193,-42.85967735,-347.8411666
0.819,5.68E-13,5.34E-12,-23.10583032,-231.8194336,-90.64908548,-344.6679443,-42.38649472,-348.0225833
0.82,7.50E-12,-3.92E-12,-22.64075373,-232.0614624,-90.05527615,-344.9620253,-41.88507015,-348.2307324
0.821,1.57E-11,5.12E-13,-22.12608856,-232.3219743,-89.38173852,-345.2818305,-41.29905873,-348.4570028
0.822,3.41E-12,-2.27E-13,-21.63270811,-232.5559847,-88.70242644,-345.5823805,-40.703363,-348.6568427
0.823,2.50E-12,4.49E-12,-21.23530313,-232.7446295,-88.09662365,-345.8462778,-40.17603756,-348.8148914
0.824,3.41E-13,-3.52E-12,-20.79332843,-232.9209666,-87.428378,-346.1080473,-39.5799011,-348.9677107
0.825,3.30E-12,1.05E-12,-20.34376605,-233.0995102,-86.73926455,-346.3836699,-38.95529949,-349.1333181
0.826,-1.05E-11,-1.59E-12,-19.89009276,-233.2603793,-86.03790801,-346.6505906,-38.30962829,-349.2911956
0.827,-7.28E-12,1.17E-12,-19.41583633,-233.386285,-85.31045898,-346.8924456,-37.62780895,-349.4270161
0.828,2.27E-12,4.26E-13,-18.95418558,-233.4796309,-84.59272217,-347.1092662,-36.94441702,-349.5428479
0.829,-7.73E-12,-7.67E-13,-18.53468675,-233.5638546,-83.91685976,-347.3221178,-36.29038549,-349.661793
0.83,-1.31E-11,-3.07E-12,-18.10510633,-233.6179236,-83.23325413,-347.5075953,-35.6148676,-349.7624833
0.831,7.96E-13,9.66E-13,-17.63093406,-233.654228,-82.5101109,-347.6778319,-34.88473983,-349.8569736
0.832,-1.18E-11,1.53E-12,-17.19971103,-233.6750335,-81.82991119,-347.8333285,-34.18892999,-349.9471939
0.833,-6.48E-12,1.96E-12,-16.80150872,-233.6806616,-81.17791819,-347.9745841,-33.51889634,-350.0331305
0.834,-8.07E-12,-1.99E-13,-16.33275769,-233.6596066,-80.44575415,-348.0902704,-32.77245616,-350.102942
0.835,-6.25E-12,-1.39E-12,-15.95037553,-233.6344432,-79.78552837,-348.2031395,-32.10838253,-350.1805064
0.836,2.39E-12,2.22E-12,-15.59042644,-233.614323,-79.12849673,-348.3225202,-31.45838706,-350.2720097
0.837,-9.09E-13,1.02E-12,-15.24379738,-233.5990466,-78.46028122,-348.4479794,-30.80970239,-350.3754257
0.838,-1.93E-12,-1.53E-12,-14.90473473,-233.5694666,-77.77486668,-348.5598467,-30.15792402,-350.4694917
0.839,2.05E-12,3.87E-12,-14.59395167,-233.509649,-77.09223409,-348.640718,-29.5246436,-350.5352109
0.84,-1.01E-11,7.96E-13,-14.32629462,-233.4636613,-76.42649764,-348.7331906,-28.92558598,-350.613588
0.841,-3.41E-13,4.55E-13,-14.01050432,-233.4389894,-75.68566588,-348.8432807,-28.27037036,-350.7090464
0.842,1.39E-11,1.65E-12,-13.82863572,-233.3643809,-75.05211522,-348.8996645,-27.74193016,-350.7472707
0.843,-3.18E-12,3.95E-12,-13.49180014,-233.3127415,-74.23983104,-348.970832,-27.05225513,-350.7981041
0.844,2.50E-12,4.83E-13,-13.17142765,-233.3197179,-73.42417906,-349.0892841,-26.3736538,-350.8941304
0.845,-4.55E-12,-1.82E-12,-12.8625534,-233.2913811,-72.60413011,-349.1579457,-25.70203979,-350.9383579
0.846,-1.94E-11,4.83E-13,-12.55039185,-233.3068812,-71.7688343,-349.2528214,-25.02350599,-351.0068741
0.847,-6.82E-13,-2.44E-12,-12.19817106,-233.3559827,-70.88545538,-349.3605295,-24.30215893,-351.0863806
0.848,-1.01E-11,-5.97E-13,-11.88935328,-233.355505,-70.04129643,-349.3934854,-23.62021862,-351.0900509
0.849,6.37E-12,2.59E-12,-11.53896735,-233.4472955,-69.14898605,-349.5015953,-22.89287793,-351.1672574
0.85,4.89E-12,1.99E-13,-11.24927101,-233.4641799,-68.30811073,-349.5248953,-22.2200885,-351.1583247
0.851,-1.43E-11,-8.81E-13,-10.90003147,-233.5439672,-67.39576646,-349.6084049,-21.47931147,-351.2085613
0.852,-1.85E-11,1.96E-12,-10.59058393,-233.5649131,-66.50861716,-349.63759,-20.7675759,-351.2037219
0.853,6.48E-12,-2.07E-12,-10.24761764,-233.6161611,-65.57068086,-349.7088045,-20.00926499,-351.2404494
0.854,1.56E-11,-1.59E-12,-10.01066117,-233.6302954,-64.71881489,-349.761843,-19.34160119,-351.2588272
0.855,1.52E-11,2.56E-13,-9.679594838,-233.6008461,-63.75022829,-349.7974459,-18.56215873,-351.2598844
0.856,-6.71E-12,-1.88E-12,-9.352551926,-233.5824491,-62.76038313,-349.8774596,-17.7667648,-351.3057563
0.857,-3.52E-12,-3.13E-13,-9.169973064,-233.4547813,-61.88928486,-349.8870107,-17.09547997,-351.2793151
0.858,1.14E-13,6.82E-13,-8.944540727,-233.3190222,-60.95349423,-349.9158547,-16.36789404,-351.2728293
0.859,1.22E-11,-4.55E-13,-8.777923174,-233.176699,-60.06149323,-349.951245,-15.69448291,-351.2733934
0.86,2.96E-12,-7.39E-13,-8.641977006,-233.0226466,-59.19195217,-349.9737426,-15.05591086,-351.2614091
0.861,-3.18E-12,1.34E-12,-8.444361921,-232.8480116,-58.25934448,-349.9602204,-14.36864521,-351.2135902
0.862,3.07E-12,-4.21E-12,-8.133424999,-232.7309463,-57.21883096,-349.9745567,-13.59022293,-351.1962105
0.863,-1.48E-12,7.67E-13,-7.811238434,-232.6816463,-56.17818578,-350.0149334,-12.82703759,-351.2042733
0.864,-4.89E-12,-1.76E-12,-7.687500382,-232.6028047,-55.3431177,-349.9935518,-12.2844935,-351.1498823
0.865,2.96E-12,-5.88E-12,-7.408425488,-232.5612038,-54.35498297,-349.988497,-11.60364246,-351.1110252
0.866,1.11E-11,3.35E-12,-7.163604436,-232.522401,-53.39851388,-349.9766299,-10.96891231,-351.0644651
0.867,2.27E-12,4.26E-12,-7.871885041,-232.2598481,-53.38769986,-349.7427054,-11.29398802,-350.7948593
0.868,-3.87E-12,-1.36E-12,-7.6003695,-232.2356972,-52.38478469,-349.7601786,-10.64080893,-350.7755654
0.869,-2.16E-12,-3.92E-12,-7.296465535,-232.1695232,-51.33135645,-349.7627715,-9.951619937,-350.7373641
0.87,-1.80E-11,1.28E-12,-6.154396227,-232.2364941,-49.41905,-349.9302761,-8.416583827,-350.8633127
0.871,-2.01E-11,2.84E-13,-6.93507401,-231.8600492,-49.41000308,-349.6814708,-8.797192535,-350.5721622
0.872,5.80E-12,2.19E-12,-6.76431889,-231.6536934,-48.43212107,-349.6219951,-8.220705664,-350.4695245
0.873,-4.55E-13,-3.24E-12,-6.568420514,-231.45077,-47.41377901,-349.577326,-7.614852455,-350.3808491
0.874,-7.96E-13,2.27E-12,-6.387812296,-231.2314443,-46.39749571,-349.5197631,-7.021505918,-350.2784081
0.875,6.71E-12,-4.26E-13,-6.185402887,-231.0242783,-45.3482652,-349.4700026,-6.405014301,-350.1828701
0.876,1.51E-11,1.85E-12,-6.010982571,-230.7978721,-44.31796314,-349.3887785,-5.816276575,-350.0559371
0.877,6.37E-12,-5.68E-13,-5.821784837,-230.6236274,-43.26590843,-349.3396268,-5.214789891,-349.9599036
0.878,8.19E-12,-2.98E-12,-5.591826828,-230.483106,-42.16816619,-349.2961516,-4.576596209,-349.8687298
0.879,2.27E-13,-1.05E-12,-5.472506919,-230.3182431,-41.17421088,-349.2045503,-4.05249955,-349.728941
0.88,-1.36E-11,-4.26E-13,-5.372586777,-230.1595599,-40.19439403,-349.0977538,-3.551100023,-349.5747393
0.881,7.84E-12,-1.17E-12,-5.196361305,-230.0473422,-39.13457337,-349.0193282,-2.976530971,-349.4500916
0.882,5.57E-12,-2.10E-12,-5.023479675,-229.956683,-38.07596089,-348.9476464,-2.408280007,-349.3337717
0.883,-1.52E-11,-3.44E-12,-4.870315532,-229.8308943,-37.03649304,-348.8293005,-1.862559217,-349.1727726
0.884,1.68E-11,2.02E-12,-4.686205901,-229.7486838,-35.96706966,-348.7462781,-1.288544068,-349.0494828
0.885,5.46E-12,-8.53E-14,-4.500333182,-229.6318135,-34.89843598,-348.6236214,-0.7152554,-348.8893453
0.886,-1.93E-12,1.71E-12,-4.283812819,-229.5480557,-33.80327024,-348.5323825,-0.1136471,-348.7638133
0.887,9.21E-12,-1.56E-12,-4.135304886,-229.4158443,-32.78184565,-348.3941116,0.417732015,-348.5948377
0.888,-1.39E-11,-1.42E-13,-3.961834172,-229.3238121,-31.74294,-348.2964936,0.971828517,-348.4705043
0.889,-6.25E-12,-2.70E-12,-3.800547483,-229.2235591,-30.72458776,-348.1912163,1.511743941,-348.3419298
0.89,-4.77E-12,-3.13E-12,-3.641278878,-229.073049,-29.71532617,-348.0329369,2.047892572,-348.1665944
0.891,-1.92E-11,-1.99E-13,-3.508941044,-228.9259621,-28.73857156,-347.8734238,2.555610067,-347.9976947
0.892,6.82E-13,-3.33E-12,-3.38678234,-228.782743,-27.77607598,-347.7112097,3.051896408,-347.8351921
0.893,-2.73E-12,-1.08E-12,-3.270454142,-228.6409158,-26.82199447,-347.5419071,3.541348561,-347.6761271
0.894,5.68E-13,-3.69E-12,-3.10064789,-228.5077112,-25.81552213,-347.3708344,4.083523431,-347.5272467
0.895,-1.21E-11,-4.69E-12,-3.0163833,-228.3360556,-24.89418234,-347.1490064,4.539649644,-347.3409939
0.896,-1.16E-11,-2.44E-12,-2.934319123,-228.1920849,-23.97313753,-346.9406471,4.99331679,-347.1830213
0.897,3.41E-12,1.19E-12,-2.740384594,-228.0485276,-22.93726203,-346.714813,5.558402553,-347.0238135
0.898,-5.34E-12,2.05E-12,-2.593828262,-227.9102139,-21.9460218,-346.477789,6.074192973,-346.871084
0.899,9.66E-12,3.41E-13,-2.440236964,-227.7766611,-20.9459364,-346.2292105,6.592856425,-346.7247948
0.9,-1.14E-13,2.10E-12,-2.335475785,-227.607651,-19.99695298,-345.9296615,7.056283041,-346.5451725
0.901,9.44E-12,-2.84E-13,-2.138827421,-227.4928705,-18.96278358,-345.6711865,7.602945337,-346.4223487
0.902,7.39E-12,-1.25E-12,-1.947040833,-227.3616635,-17.94460653,-345.3854876,8.133849566,-346.2861121
0.903,-3.52E-12,-1.62E-12,-1.823849059,-227.1911405,-17.01058424,-345.0520331,8.583017905,-346.1140181
0.904,-2.05E-12,-1.11E-12,-1.596102698,-227.0764008,-15.99199666,-344.7682799,9.121082021,-346.003417
0.905,-4.77E-12,6.57E-12,-1.408081699,-226.9340031,-15.03710528,-344.4538709,9.602476126,-345.8688802
0.906,5.80E-12,2.44E-12,-1.119355001,-226.7866219,-14.00567746,-344.1326947,10.16959861,-345.7313243
0.907,-6.25E-12,0,-1.043787099,-226.6530841,-13.21136261,-343.8253238,10.51096581,-345.6083498
0.908,9.78E-12,9.66E-13,-0.826944427,-226.5097427,-12.29951211,-343.509857,10.98339212,-345.4750837
0.909,3.41E-12,2.79E-12,-0.619893529,-226.3557753,-11.42097741,-343.1872179,11.43819182,-345.3294775
0.91,4.77E-12,1.71E-13,-0.483156817,-226.2204639,-10.63606586,-342.8884342,11.81722332,-345.1995869
0.911,1.00E-11,-3.01E-12,-0.225925537,-226.0980335,-9.753753623,-342.609477,12.31367621,-345.0784111
0.912,1.76E-11,1.90E-12,-0.056868006,-225.9432995,-8.982493948,-342.3069073,12.721263,-344.9195392
0.913,1.59E-11,2.27E-13,0.209271415,-225.8195913,-8.138177969,-342.0455422,13.2262583,-344.7848163
0.914,7.16E-12,-8.24E-13,0.367348747,-225.714013,-7.427522368,-341.8157664,13.62297316,-344.6625522
0.915,-2.61E-12,-2.84E-13,0.574867249,-225.5902507,-6.693231673,-341.5816371,14.06712218,-344.5172468
0.916,-1.25E-12,3.89E-12,0.722491394,-225.4397001,-6.043978093,-341.334546,14.44758117,-344.3411096
0.917,6.82E-12,1.42E-13,0.978828848,-225.3480785,-5.310490638,-341.1602066,14.93116914,-344.2206717
0.918,6.25E-12,-1.39E-12,1.175822656,-225.2356649,-4.660162943,-340.9788938,15.34804049,-344.0770256
0.919,-5.57E-12,2.03E-12,1.278615292,-225.0552875,-4.127189214,-340.7434318,15.66154902,-343.8638133
0.92,-3.64E-12,2.03E-12,1.510634621,-224.9332319,-3.487478266,-340.5801023,16.09333394,-343.7081343
0.921,1.10E-11,-2.17E-12,1.706445985,-224.805213,-2.905801434,-340.4246163,16.47706788,-343.5467497
0.922,-3.75E-12,3.84E-13,1.947983587,-224.6291455,-2.299561196,-340.2348844,16.89237236,-343.3397917
0.923,7.28E-12,1.56E-13,2.098654315,-224.4528588,-1.804142811,-340.0584874,17.20187774,-343.1379217
0.924,1.46E-11,2.56E-13,2.423854316,-224.3177698,-1.151486043,-339.9333486,17.67165985,-342.9821438
0.925,8.53E-12,2.94E-12,2.651591116,-224.1104096,-0.61065392,-339.7419342,18.03067129,-342.7580046
0.926,-5.91E-12,-1.28E-12,2.320712247,-223.7313623,-0.639869465,-339.380764,17.81870463,-342.3651046
0.927,-2.50E-12,-4.83E-13,3.210046828,-223.7664891,0.543011176,-339.4321149,18.81553406,-342.3883208
0.928,-1.36E-11,2.09E-12,3.4010777,-223.5496273,1.019123334,-339.2266679,19.10358745,-342.1605067
0.929,-6.14E-12,-3.84E-13,3.565599013,-223.3217463,1.460429784,-339.0031208,19.35560403,-341.9216474
0.93,1.06E-11,1.26E-12,3.948747928,-223.2126045,2.112236313,-338.8889609,19.817666,-341.8005175
0.931,3.87E-12,-1.75E-12,4.155343999,-222.9964065,2.579531104,-338.6561217,20.09553797,-341.5703376
0.932,2.05E-12,7.67E-13,4.458983753,-222.8198858,3.135687488,-338.4506474,20.4633697,-341.3784391
0.933,-1.26E-11,-4.23E-12,4.853198672,-222.729236,3.774988822,-338.3198073,20.91622098,-341.2733786
0.934,-1.19E-11,-3.40E-12,4.939647433,-222.4970244,4.099850575,-338.0384427,21.0572837,-341.0312846
0.935,-6.25E-12,-1.65E-12,5.199422533,-222.3392957,4.592122031,-337.8248722,21.36918358,-340.871763
0.936,1.59E-12,-2.73E-12,5.532680726,-222.2138727,5.152716735,-337.6391924,21.75424206,-340.7566387
0.937,-3.87E-12,3.79E-12,5.786525253,-222.0164333,5.629494716,-337.3793555,22.06008538,-340.5809262
0.938,-5.00E-12,1.12E-12,5.975317661,-221.8785769,6.037574314,-337.1792344,22.3023725,-340.4765774
0.939,5.46E-12,2.70E-13,6.141036266,-221.6969419,6.419690631,-336.9377418,22.52437913,-340.3405834
0.94,-1.49E-11,3.03E-12,6.411736998,-221.5340506,6.904656389,-336.7196736,22.85545862,-340.2358188
0.941,-1.25E-11,1.44E-12,6.682290662,-221.366557,7.388805079,-336.5044901,23.19177917,-340.1392905
0.942,1.82E-12,1.80E-12,6.888019343,-221.1527489,7.806892933,-336.2516908,23.46861755,-340.0096383
0.943,1.22E-11,3.55E-13,7.113875473,-221.0133442,8.243044788,-336.08145,23.76991474,-339.9649256
0.944,9.09E-13,3.65E-12,7.231992898,-220.7794869,8.567182849,-335.8242903,23.96540912,-339.8335646
0.945,9.21E-12,1.45E-12,7.493517561,-220.6058113,9.028241413,-335.634225,24.30385116,-339.7674577
0.946,3.52E-12,1.66E-12,7.691014478,-220.399724,9.416573855,-335.4180393,24.57541039,-339.6712796
0.947,5.00E-12,7.11E-14,7.866678982,-220.1838755,9.772163864,-335.1977628,24.81988668,-339.5649491
0.948,-7.39E-12,3.88E-12,8.103854648,-219.9834909,10.17614337,-334.9979995,25.11822811,-339.4709594
0.949,-8.64E-12,-2.56E-13,7.993683631,-219.6571666,10.21744289,-334.6767243,25.05918137,-339.2451751
0.95,-7.50E-12,5.19E-12,8.097208464,-219.4269679,10.45489331,-334.4553817,25.20139352,-339.1069297
0.951,1.36E-12,4.21E-12,8.22557188,-219.179008,10.69827467,-334.2195687,25.35446075,-338.9397096
0.952,-1.14E-13,1.88E-12,8.370245469,-218.9387396,10.9409346,-333.9946946,25.51154687,-338.7668135
0.953,-1.14E-13,3.20E-12,8.980661813,-218.9017453,11.63512453,-333.9760771,26.12603014,-338.7812155
0.954,9.21E-12,1.71E-13,9.440587808,-218.7994382,12.17055531,-333.8929063,26.58288822,-338.7152538
0.955,-2.91E-11,3.78E-12,9.738705547,-218.6148333,12.53535778,-333.7286378,26.87339275,-338.5529078
0.956,-7.73E-12,1.80E-12,10.08901764,-218.4863314,12.94659092,-333.6202428,27.2141359,-338.4335431
0.957,4.32E-12,1.28E-12,10.34979389,-218.3396395,13.26558089,-333.4919986,27.46597702,-338.2838314
0.958,1.00E-11,8.67E-13,10.64279223,-218.1821345,13.617142,-333.3498523,27.7532636,-338.1121143
0.959,7.96E-13,-1.65E-12,11.0054346,-218.0750338,14.04175253,-333.2535919,28.11600713,-337.980574
0.96,5.68E-13,1.73E-12,11.26013537,-217.9381829,14.36413986,-333.1235421,28.37846815,-337.8119295
0.961,7.96E-13,-1.45E-12,11.42376356,-217.7985852,14.60172519,-332.9853206,28.55760108,-337.6341931
0.962,2.05E-12,1.79E-12,11.74881707,-217.6883668,15.00695232,-332.8714331,28.90538288,-337.4822648
0.963,-9.09E-12,-4.33E-12,12.06431536,-217.5975206,15.40878659,-332.772252,29.25031211,-337.3489113
0.964,-3.75E-12,-6.96E-13,12.18777261,-217.4598523,15.62468808,-332.6219626,29.40938201,-337.1707123
0.965,-5.91E-12,1.36E-12,12.39804774,-217.3771854,15.93346159,-332.5227682,29.66165405,-337.0512779
0.966,1.02E-12,-1.14E-13,12.6752121,-217.276699,16.31512437,-332.4022275,29.98616183,-336.9185644
0.967,-4.55E-12,2.53E-12,12.76812015,-217.1488933,16.52006894,-332.2499987,30.13172777,-336.7632826
0.968,4.55E-12,-8.81E-13,12.92173491,-217.0555987,16.7910287,-332.1298987,30.34328289,-336.6474735
0.969,-1.19E-11,-1.82E-12,13.17181908,-216.9842427,17.16323681,-332.0303583,30.65655784,-336.5587755
0.97,-3.41E-13,1.99E-12,13.31067166,-216.8711514,17.42846277,-331.8887073,30.8638196,-336.4337252
0.971,1.66E-11,2.22E-12,13.38968169,-216.7471909,17.63661291,-331.7371945,31.01547202,-336.3037788
0.972,-1.82E-12,-4.83E-12,13.61731754,-216.680319,17.99671971,-331.6439075,31.32104504,-336.2362308
0.973,-1.25E-12,1.88E-12,13.75353672,-216.573014,18.26827909,-331.5116838,31.54053212,-336.1331259
0.974,1.19E-11,-2.17E-12,13.94044296,-216.5005561,18.59293324,-331.4161624,31.81607289,-336.0693103
0.975,1.83E-11,1.01E-12,14.08940847,-216.371766,18.88159278,-331.2665231,32.05907552,-335.953171
0.976,1.06E-11,1.78E-12,14.22437958,-216.2613433,19.15774249,-331.1378246,32.29452372,-335.8566891
0.977,-1.08E-11,-2.98E-13,14.36268692,-216.1606897,19.43825142,-331.0218278,32.53749731,-335.7738601
0.978,9.44E-12,2.06E-12,14.52227399,-216.064525,19.74060149,-330.9136112,32.80467314,-335.6997264
0.979,2.16E-12,3.89E-12,14.69945278,-215.9763331,20.06064314,-330.8170182,33.09109655,-335.6380953
0.98,-1.15E-11,-1.79E-12,14.38220857,-215.7214556,19.88590008,-330.5577491,32.88348619,-335.4146311
0.981,1.13E-11,-5.12E-13,14.87905586,-215.6925186,20.52474032,-330.5298316,33.48940498,-335.4233256
0.982,2.16E-12,-2.20E-12,15.07421709,-215.5875354,20.86115283,-330.4293969,33.79203682,-335.3602738
0.983,-1.00E-11,-2.96E-12,15.22446944,-215.4639188,21.1521794,-330.312831,34.04761842,-335.2818257
0.984,-1.48E-12,2.70E-12,14.84868769,-215.2204786,20.91695942,-330.0779171,33.77448409,-335.0857286
0.985,1.51E-11,4.79E-12,15.4327139,-215.2090664,21.64159956,-330.0754804,34.45793542,-335.1227715
0.986,1.46E-11,-3.64E-12,15.64055894,-215.0865032,21.9903753,-329.9613152,34.76144283,-335.0487128
0.987,-9.09E-12,-1.29E-12,15.75663689,-214.9726102,22.24796535,-329.8542161,34.96887991,-334.9823109
0.988,-6.48E-12,-4.12E-13,15.85428386,-214.8533542,22.48965161,-329.7375411,35.15304234,-334.9084702
0.989,-6.82E-12,-2.27E-12,16.02914656,-214.7448678,22.80923162,-329.6277813,35.40903633,-334.8422605
0.99,9.09E-13,2.61E-12,16.18721936,-214.6452751,23.11262064,-329.5219827,35.6430947,-334.7803265
0.991,2.05E-12,-1.51E-12,16.22012465,-214.5258789,23.29136194,-329.3903694,35.74684739,-334.6930325
0.992,4.77E-12,4.83E-13,16.35742822,-214.4203913,23.57452021,-329.2673311,35.9502725,-334.6146302
0.993,2.27E-13,2.64E-12,16.71569474,-214.412735,24.07924942,-329.2360913,36.37143742,-334.6282057
0.994,4.32E-12,-1.48E-12,16.58410414,-214.2650513,24.09470472,-329.0600255,36.30041071,-334.4969968
0.995,-2.61E-12,-4.69E-13,16.68906471,-214.1761022,24.34726967,-328.9391302,36.46448934,-334.4208622
0.996,-1.71E-12,8.95E-13,16.82448798,-214.1368274,24.63083103,-328.8655793,36.65847348,-334.3918384
0.997,1.33E-11,-6.68E-13,16.90456006,-214.0463516,24.85955015,-328.7397318,36.7974379,-334.3101464
0.998,-5.46E-12,-3.10E-12,16.59659344,-213.8876317,24.70071475,-328.545779,36.54958375,-334.1598401
0.999,5.23E-12,-1.90E-12,17.03206767,-213.8925758,25.28577965,-328.5168632,37.04727923,-334.1739241
1,-8.98E-12,-3.68E-12,17.0947364,-213.8350353,25.49847371,-328.4280702,37.17516664,-334.1273465
1.001,7.39E-12,3.60E-12,17.20643455,-213.7487452,25.76060712,-328.3143692,37.35596958,-334.054939
1.002,3.41E-12,-4.83E-13,16.85566656,-213.5806075,25.55972185,-328.1246051,37.07814342,-333.9054085
1.003,-1.33E-11,1.71E-13,17.27953531,-213.5900495,26.13324213,-328.1164265,37.58002582,-333.9362662
1.004,3.64E-12,-3.98E-12,17.42388795,-213.5522495,26.42634871,-328.0639367,37.80771093,-333.9214777
1.005,5.00E-12,-3.23E-12,17.45337973,-213.4475654,26.60303043,-327.9464184,37.92610102,-333.840188
1.006,-3.41E-13,1.99E-12,17.4461942,-213.3669701,26.74080445,-327.8537691,38.01362665,-333.782157
1.007,2.84E-12,-1.39E-12,17.42671978,-213.2639364,26.86439701,-327.7357436,38.09492327,-333.6996448
1.008,-4.21E-12,3.23E-12,17.55379263,-213.2154588,27.13134568,-327.670788,38.32907403,-333.6684329
1.009,-3.41E-12,-1.93E-12,17.54477092,-213.1467882,27.25888102,-327.5830199,38.43391682,-333.6100471
1.01,-6.82E-13,1.49E-12,17.56059269,-213.073817,27.40781345,-327.4871984,38.5692904,-333.541929
1.011,0,-6.04E-12,17.62129096,-213.0196481,27.59757039,-327.407325,38.75393691,-333.4883312
1.012,-5.46E-12,-1.08E-12,17.32478337,-212.8748749,27.42623122,-327.2330271,38.58525048,-333.3391315
1.013,-1.14E-12,3.40E-12,17.67213437,-212.9171754,27.89460818,-327.2426385,39.06335808,-333.3729147
1.014,5.91E-12,1.31E-12,17.65672361,-212.8764677,27.99582872,-327.1667335,39.18070191,-333.3205059
1.015,1.16E-11,1.35E-12,17.73530988,-212.8399117,28.18639939,-327.0931278,39.39310326,-333.2699715
1.016,-7.96E-13,-2.26E-12,17.73642867,-212.8058473,28.2946035,-327.0208177,39.52816016,-333.2205586
1.017,-9.09E-12,-1.02E-12,17.71097695,-212.7577265,28.37108578,-326.9339109,39.6358321,-333.1566256
1.018,3.98E-12,-1.85E-13,17.70143273,-212.7050989,28.45807204,-326.8426133,39.75765961,-333.0886292
1.019,9.21E-12,-3.23E-12,17.82489986,-212.6944402,28.67241391,-326.7940564,40.00980909,-333.0639518
1.02,-3.41E-13,-2.27E-12,17.74854542,-212.644703,28.68102625,-326.707849,40.05851011,-333.002453
1.021,-2.00E-11,5.40E-13,17.75520257,-212.606527,28.76715819,-326.6358223,40.18632655,-332.9562145
1.022,3.41E-13,1.25E-12,17.8050752,-212.5706115,28.89153131,-326.5682444,40.35329473,-332.9157553
1.023,5.34E-12,3.98E-13,17.87555916,-212.5511379,29.03247342,-326.5197599,40.53705719,-332.895971
1.024,-4.89E-12,-3.13E-12,17.76401172,-212.4774384,28.98827375,-326.4201644,40.5352179,-332.8269076
1.025,-1.71E-12,-1.02E-12,17.79224922,-212.4383671,29.08168058,-326.358775,40.6698399,-332.7981333
1.026,-6.25E-12,-7.67E-13,17.81711321,-212.4026,29.17046742,-326.304731,40.79801142,-332.7790381
1.027,1.28E-11,-3.69E-13,17.86054103,-212.3533273,29.27827686,-326.2397025,40.94191649,-332.753526
1.028,-9.66E-12,9.81E-13,17.85769575,-212.2998339,29.3400136,-326.1752992,41.0369649,-332.7315962
1.029,-1.71E-12,2.86E-12,17.84356728,-212.2408574,29.39118499,-326.1106175,41.11889301,-332.7108687
1.03,-2.05E-12,-6.82E-13,17.82573792,-212.1770962,29.43870474,-326.047677,41.1948226,-332.6943424
1.031,-1.85E-11,6.37E-12,17.81604633,-212.107836,29.49557506,-325.9831605,41.27836703,-332.6777819
1.032,-3.41E-13,-1.15E-12,17.7981364,-212.0367634,29.54554309,-325.91896,41.35388464,-332.6621605
1.033,2.27E-13,-5.12E-13,17.77182005,-211.9773414,29.58852399,-325.8667442,41.42190176,-332.6582285
1.034,2.50E-12,-5.26E-13,17.75438737,-211.9185184,29.64191113,-325.8136668,41.50042295,-332.6522212
1.035,9.66E-12,-7.67E-13,17.71958994,-211.8548012,29.67955934,-325.7524405,41.5639142,-332.6359327
1.036,-8.98E-12,4.26E-14,17.67660577,-211.8016214,29.71074989,-325.6967021,41.62226796,-332.6220816
1.037,-6.59E-12,1.79E-12,17.6185342,-211.7548548,29.72868537,-325.640533,41.66929801,-332.6038305
1.038,-3.18E-12,7.82E-13,17.56626106,-211.7199588,29.75435487,-325.5875962,41.72660461,-332.5839241
1.039,1.14E-13,-1.56E-12,17.52535365,-211.6919928,29.79342894,-325.5311566,41.8014049,-332.5529277
1.04,-8.19E-12,-4.97E-13,17.4457394,-211.6785935,29.79593828,-325.4770564,41.84307502,-332.5192582
1.041,3.30E-12,-1.12E-12,17.35640026,-211.6806763,29.7909681,-325.4244166,41.88104787,-332.4829736
1.042,-7.73E-12,4.72E-12,17.27578101,-211.6875984,29.79684231,-325.3631746,41.93399504,-332.4349481
1.043,7.05E-12,9.66E-13,17.17369116,-211.7122141,29.78141467,-325.3065976,41.97011801,-332.3893857
1.044,1.93E-12,-8.67E-13,17.07524611,-211.7414396,29.76743069,-325.2444328,42.01250995,-332.3369705
1.045,-2.27E-13,-1.69E-12,16.98738956,-211.7846183,29.76012703,-325.1867648,42.0660924,-332.2908139
1.046,3.07E-12,-1.51E-12,16.8890286,-211.8332606,29.73593277,-325.1302376,42.10775023,-332.2461941
1.047,-3.18E-12,-1.82E-12,16.78516581,-211.8725457,29.69800661,-325.0630977,42.14046383,-332.1920584
1.048,-1.02E-11,2.98E-12,16.6776267,-211.9039501,29.64633012,-324.9898884,42.16403653,-332.1336511
1.049,-1.25E-11,1.45E-12,16.61021662,-211.9613665,29.62286476,-324.9475694,42.22025148,-332.108633
1.05,1.39E-11,2.56E-13,16.51234249,-211.9930121,29.5551735,-324.887425,42.2364934,-332.0689891
1.051,1.14E-12,1.45E-12,16.45616129,-212.0137938,29.51356943,-324.8274291,42.28289708,-332.0333944
1.052,3.75E-12,-1.32E-12,16.39343869,-212.027036,29.44808772,-324.7744579,42.30931942,-332.009426
1.053,2.05E-12,-1.41E-12,16.34405293,-212.017157,29.3818191,-324.710664,42.33867288,-331.9799374
1.054,-2.73E-12,-4.26E-13,16.32166883,-211.9942953,29.33200232,-324.6443823,42.38818565,-331.9522742
1.055,7.28E-12,1.79E-12,16.25806554,-211.965252,29.23399045,-324.5806107,42.39259067,-331.9325405
1.056,-2.96E-12,1.38E-12,16.21877362,-211.9353362,29.15688801,-324.5228547,42.42048147,-331.9236131
1.057,-4.09E-12,-1.41E-12,16.19633541,-211.897934,29.09681126,-324.4626969,42.46746337,-331.9164454
1.058,2.10E-11,2.43E-12,16.12705712,-211.8850733,28.99364034,-324.4303619,42.47290555,-331.9406331
1.059,-1.36E-12,3.04E-12,16.10652495,-211.8287794,28.9465354,-324.3560716,42.53545719,-331.9257689
1.06,1.76E-11,-5.07E-12,16.02001233,-211.7858061,28.84434379,-324.2947763,42.54345468,-331.9261743
1.061,1.32E-11,-3.25E-12,15.93466167,-211.7677354,28.75682077,-324.2572995,42.56614232,-331.9520435
1.062,-1.40E-11,3.61E-12,15.87075064,-211.7323174,28.70364774,-324.2007339,42.62269055,-331.9598405
1.063,-1.14E-12,8.24E-13,15.74105699,-211.7156996,28.59591339,-324.1615983,42.62367709,-331.9854549
1.064,6.25E-12,-6.42E-12,15.61312908,-211.6670574,28.49947703,-324.0894397,42.63445029,-331.9778048
1.065,-1.22E-11,-3.47E-12,15.47175575,-211.6595267,28.39743843,-324.0577654,42.63759897,-332.0097682
1.066,9.32E-12,1.85E-13,15.38630149,-211.6277698,28.3586976,-323.9989801,42.70028759,-332.0157502
1.067,3.30E-12,4.96E-12,15.23390427,-211.6240033,28.25677042,-323.9680167,42.69745411,-332.0477095
1.068,1.25E-12,-1.46E-12,15.07307146,-211.5756767,28.1478362,-323.8924151,42.68540587,-332.0328383
1.069,-7.84E-12,-3.68E-12,14.93414292,-211.598442,28.05990678,-323.8879168,42.69228272,-332.0865307
1.07,-1.05E-11,1.90E-12,14.81999773,-211.5927456,27.99353319,-323.8550586,42.7187637,-332.1089759
1.071,-8.41E-12,1.11E-12,14.72511592,-211.5764148,27.94086743,-323.8117574,42.75712883,-332.1177433
1.072,-2.06E-11,-2.44E-12,14.56369689,-211.5665182,27.81378085,-323.7751721,42.7193775,-332.1296441
1.073,3.41E-12,-3.01E-12,14.50353145,-211.563439,27.77768473,-323.7483366,42.77148519,-332.1456942
1.074,-1.83E-11,1.02E-12,14.41080372,-211.5681813,27.70036982,-323.7293497,42.78103852,-332.1661949
1.075,7.84E-12,3.14E-12,14.28087306,-211.5481956,27.57862447,-323.6854116,42.7451315,-332.1587942
1.076,-3.52E-12,4.55E-13,14.19276462,-211.547309,27.49290281,-323.6600988,42.74452399,-332.1675167
1.077,-7.96E-13,-1.26E-12,14.11579886,-211.5671327,27.41395427,-323.6547723,42.75027109,-332.1941711
1.078,1.59E-12,-9.95E-13,14.03926025,-211.5697513,27.33249229,-323.6312664,42.75339197,-332.2010395
1.079,1.14E-12,-1.80E-12,13.93034488,-211.5660562,27.21714196,-323.6002221,42.72281738,-332.1992108
1.08,-1.92E-11,-4.65E-12,13.84783613,-211.5734292,27.12811562,-323.5787708,42.71906539,-332.2062643
1.081,7.05E-12,5.40E-13,13.77786649,-211.6100488,27.05371802,-323.5837925,42.73000315,-332.2405758
1.082,8.75E-12,-3.17E-12,13.6717873,-211.6165229,26.94634332,-323.5569385,42.70871669,-332.242951
1.083,3.98E-12,-1.09E-12,13.5369603,-211.6086706,26.81519572,-323.5137828,42.6643024,-332.2294063
1.084,4.66E-12,4.45E-12,13.45568212,-211.630772,26.74441434,-323.49836,42.68079163,-332.2444193
1.085,2.44E-11,-1.26E-12,13.32656346,-211.6492938,26.63448067,-323.4767118,42.65855807,-332.2544744
1.086,-9.09E-12,2.27E-13,13.18244597,-211.6876694,26.51661392,-323.4732906,42.62871314,-332.2844667
1.087,-1.43E-11,-1.17E-12,13.02082923,-211.7098867,26.38690208,-323.4530665,42.58723705,-332.299809
1.088,9.09E-13,4.12E-13,12.87427741,-211.7294249,26.27649776,-323.4305008,42.56517459,-332.3154053
1.089,-4.55E-12,-7.11E-14,12.69272472,-211.7535394,26.13392359,-323.413831,42.51094064,-332.3399361
1.09,-1.14E-12,-4.14E-12,12.49295348,-211.763437,25.97455032,-323.385246,42.43979812,-332.3560327
1.091,1.02E-12,3.13E-13,12.35486359,-211.794643,25.87686629,-323.3812532,42.4301276,-332.4006456
1.092,9.09E-12,-4.26E-13,12.15823402,-211.8037399,25.71923886,-323.3594174,42.36018866,-332.431782
1.093,-4.09E-12,-3.07E-12,11.97495257,-211.8096898,25.57214428,-323.3396826,42.30115095,-332.4692158
1.094,1.14E-12,8.53E-14,11.87035609,-211.8045109,25.49950781,-323.3150493,42.31605092,-332.5062679
1.095,-1.50E-11,-4.70E-12,11.72550652,-211.8398486,25.37996368,-323.3394537,42.283416,-332.5964944
1.096,-2.61E-12,-3.69E-13,11.5725232,-211.823727,25.24758282,-323.3170124,42.23721036,-332.6436317
1.097,-9.55E-12,-2.34E-12,11.43241552,-211.8239085,25.12448881,-323.3113956,42.19923847,-332.7123053
1.098,-1.22E-11,-1.53E-12,11.27658531,-211.8118713,24.98220611,-323.2935456,42.14169723,-332.7708568
1.099,-3.98E-12,2.94E-12,11.13987584,-211.8261467,24.85614195,-323.3000037,42.10022493,-332.8546807
1.1,-3.07E-12,2.13E-13,10.99042273,-211.8092388,24.71499594,-323.2712836,42.04375227,-332.9031442
1.101,-1.25E-11,2.20E-12,10.85582253,-211.8272816,24.58692863,-323.2715297,42.00067086,-332.9792449
1.102,2.27E-12,1.14E-12,10.63895106,-211.8546897,24.3753798,-323.2731662,41.87465157,-333.0542603
1.103,5.23E-12,2.00E-12,10.50217151,-211.901929,24.24327667,-323.2846691,41.82885266,-333.1355197
1.104,-1.05E-11,-1.12E-12,10.3658853,-211.9487936,24.1118092,-323.2851928,41.78469518,-333.2010309
1.105,-1.18E-11,-7.67E-13,10.23751519,-212.0376507,23.98706323,-323.319715,41.74849603,-333.2946247
1.106,8.75E-12,1.45E-12,10.07410711,-212.1237093,23.82497633,-323.3477832,41.67642388,-333.3747022
1.107,1.15E-11,9.81E-13,9.922057464,-212.2150573,23.67083659,-323.3818236,41.61399785,-333.4525428
1.108,7.73E-12,-2.66E-12,9.773586849,-212.2945595,23.51575627,-323.4090395,41.55256131,-333.5142031
1.109,8.07E-12,-4.41E-13,9.646623084,-212.3654022,23.37655485,-323.4369558,41.50961389,-333.5645413
1.11,-6.37E-12,-1.39E-12,9.482569146,-212.4415725,23.19352699,-323.4838978,41.42556737,-333.6232334
1.111,9.78E-12,1.56E-13,9.262738565,-212.4992267,22.94758501,-323.5294635,41.28112985,-333.6703221
1.112,4.09E-12,-3.47E-12,9.137621739,-212.58181,22.78781531,-323.620508,41.2261863,-333.753139
1.113,5.68E-13,1.07E-12,9.026892252,-212.6334987,22.63309723,-323.7033626,41.17980489,-333.8197466
1.114,-1.74E-11,-2.70E-13,8.879963106,-212.6530787,22.43143449,-323.7796424,41.09017813,-333.8734912
1.115,-1.30E-11,-1.44E-12,8.788448769,-212.6659835,22.27707966,-323.8689431,41.05174745,-333.9356998
1.116,-9.66E-12,-9.38E-13,8.613875564,-212.6667987,22.03358389,-323.9605915,40.92825278,-333.9974303
1.117,4.77E-12,-2.27E-13,8.513800974,-212.6871778,21.86052945,-324.0809822,40.87946524,-334.0868087
1.118,8.07E-12,-1.53E-12,8.465982625,-212.6817722,21.73769879,-324.1795079,40.88535608,-334.1549587
1.119,-1.02E-11,-4.83E-13,8.336839492,-212.6444787,21.53353567,-324.2448065,40.81455789,-334.1922497
1.12,0,-1.05E-12,8.247129741,-212.6952489,21.37082308,-324.3915708,40.79004248,-334.3151056
1.121,1.34E-11,-3.67E-12,8.086994127,-212.6827319,21.14172656,-324.463191,40.70416421,-334.3686478
1.122,2.05E-12,1.15E-12,7.930812763,-212.687597,20.92265105,-324.5350777,40.63351683,-334.4300182
1.123,5.68E-12,-1.68E-12,7.78256377,-212.7436276,20.72016602,-324.6352454,40.58518431,-334.5294848
1.124,-5.80E-12,-2.20E-12,7.599029698,-212.8018351,20.4927862,-324.7145328,40.51604132,-334.6158646
1.125,-7.05E-12,-9.52E-13,7.377311667,-212.8685103,20.2366524,-324.7822784,40.42077802,-334.6967799
1.126,4.09E-12,9.66E-13,7.243126498,-212.9682712,20.07593993,-324.8679199,40.42211912,-334.7999522
1.127,-1.02E-12,-5.68E-13,6.988385003,-213.0606734,19.80101813,-324.935833,40.30898333,-334.8880408
1.128,-2.16E-12,-1.18E-12,6.742861588,-213.1563371,19.54011992,-325.0014577,40.20815292,-334.9747697
1.129,-7.16E-12,-8.38E-13,6.604536829,-213.2702217,19.38968437,-325.0845732,40.21461638,-335.078202
1.13,2.73E-12,-9.24E-13,6.318596803,-213.3602488,19.09335608,-325.1479211,40.07056765,-335.1593628
1.131,4.66E-12,-3.45E-12,6.089204098,-213.4565176,18.85375614,-325.2264201,39.97717722,-335.251455
1.132,-3.30E-12,6.96E-13,5.954232133,-213.5483602,18.70721649,-325.3142226,39.96932638,-335.3469144
1.133,1.36E-12,1.42E-12,5.722987267,-213.6208006,18.46161359,-325.4000832,39.85344099,-335.4327798
1.134,9.09E-12,-5.83E-13,5.524256371,-213.6989253,18.24961313,-325.5066348,39.75974937,-335.530673
1.135,-4.43E-12,9.81E-13,5.380096801,-213.7548439,18.09345783,-325.6026871,39.71305099,-335.6103166
1.136,-1.59E-12,-1.35E-12,5.206081499,-213.8106894,17.9096551,-325.7060922,39.63031989,-335.6907241
1.137,1.36E-12,3.71E-12,5.011231646,-213.8841872,17.70816055,-325.8302946,39.5229758,-335.7870192
1.138,-1.05E-11,5.68E-14,4.869013077,-213.938476,17.56337449,-325.9341519,39.46688307,-335.8597389
1.139,1.81E-11,4.26E-13,4.718246159,-214.0109213,17.41505173,-326.0507486,39.4032606,-335.9436474
1.14,-2.73E-12,3.41E-12,4.49712985,-214.0909792,17.20232568,-326.1652597,39.27270588,-336.025599
1.141,1.36E-12,2.13E-12,4.307037915,-214.181097,17.02750455,-326.2758517,39.17899122,-336.1054395
1.142,-1.30E-11,-1.80E-12,4.143352675,-214.3252034,16.8862037,-326.4226369,39.11919605,-336.2249608
1.143,-8.41E-12,4.41E-13,3.859620015,-214.4511876,16.62909016,-326.5324686,38.94545146,-336.3126955
1.144,-1.71E-12,-4.55E-13,3.665788146,-214.6134027,16.46265991,-326.6589459,38.86571754,-336.4239223
1.145,8.53E-12,3.67E-12,3.406340421,-214.7800757,16.22903488,-326.7695595,38.7224895,-336.5277942
1.146,2.96E-12,-1.14E-13,3.207521427,-214.9725765,16.05191359,-326.8873385,38.64002378,-336.6466068
1.147,-4.55E-13,6.54E-13,3.003083085,-215.1622565,15.86359951,-326.9847489,38.55008419,-336.7526373
1.148,-6.59E-12,-2.61E-12,2.74951297,-215.3776033,15.6191318,-327.0913926,38.40717015,-336.8752992
1.149,3.87E-12,1.88E-12,2.526063015,-215.6068073,15.39631394,-327.1965746,38.29007492,-337.0043038
1.15,1.24E-11,-1.34E-12,2.319563848,-215.8402156,15.17964557,-327.2911392,38.18085422,-337.1291186
1.151,5.57E-12,1.36E-12,2.068220402,-216.0839733,14.91036679,-327.3845927,38.01960085,-337.2580203
1.152,-1.02E-12,-2.61E-12,1.831656226,-216.3449891,14.65034414,-327.4876453,37.86703409,-337.40049
1.153,3.30E-12,-2.27E-13,1.705540682,-216.5981308,14.49748997,-327.5789665,37.81991899,-337.5339679
1.154,-9.78E-12,-3.35E-12,1.411812317,-216.8766545,14.17598583,-327.6956144,37.60128983,-337.694283
1.155,8.53E-12,3.78E-12,1.178343658,-217.161034,13.91594724,-327.8218644,37.44011483,-337.8644813
1.156,-2.27E-12,4.32E-12,1.037619843,-217.4428391,13.75210234,-327.9530882,37.36997486,-338.0387052
1.157,6.82E-13,-2.02E-12,0.719838442,-217.7154385,13.41726017,-328.0878183,37.1221632,-338.212896
1.158,7.84E-12,8.81E-13,0.460216758,-217.9968362,13.14644697,-328.2459822,36.93299285,-338.4076301
1.159,7.39E-12,8.81E-13,0.310141896,-218.27117,12.99123899,-328.4145266,36.85494664,-338.6096178
1.16,-3.41E-13,-4.29E-12,-0.02661171,-218.4884099,12.65484923,-328.5438919,36.59214412,-338.7690629
1.161,-4.09E-12,3.01E-12,-0.147650925,-218.7483549,12.53787918,-328.7327349,36.54609337,-338.9843855
1.162,-1.14E-13,2.44E-12,-0.395330193,-218.9888284,12.29565345,-328.9156808,36.37302553,-339.1899744
1.163,6.93E-12,-5.68E-14,-0.665699296,-219.2391747,12.02980128,-329.1188757,36.17547643,-339.4117389
1.164,2.61E-12,2.76E-12,-0.895017419,-219.4795491,11.80174254,-329.3192762,36.01658068,-339.6283734
1.165,-3.41E-12,1.14E-12,-1.159431529,-219.7063617,11.5330093,-329.5100943,35.81870847,-339.8313342
1.166,-4.09E-12,3.18E-12,-1.470685187,-219.9860295,11.20953703,-329.7545485,35.56928414,-340.0833634
1.167,-1.14E-12,9.66E-13,-1.750984456,-220.2165334,10.90679871,-329.9474213,35.34526955,-340.2787671
1.168,9.78E-12,2.79E-12,-2.091593748,-220.4825017,10.53120897,-330.1701428,35.05456821,-340.4984989
1.169,4.32E-12,1.42E-13,-2.288531339,-220.7611059,10.28593992,-330.3980925,34.90032975,-340.7160555
1.17,5.23E-12,1.25E-12,-2.548686105,-221.0627822,9.963432929,-330.6376482,34.67545169,-340.938228
1.171,1.56E-11,-2.87E-12,-2.792997109,-221.3769159,9.644874724,-330.8814532,34.46051257,-341.1572998
1.172,-5.00E-12,-6.54E-13,-3.071839731,-221.6842967,9.282294704,-331.1143552,34.20693357,-341.3577584
1.173,-2.02E-11,3.69E-13,-3.371933284,-222.0063931,8.891378329,-331.3618802,33.92979194,-341.5647699
1.174,1.25E-12,1.45E-12,-3.657308752,-222.3109073,8.510499394,-331.5957885,33.66685328,-341.7497344
1.175,-2.50E-12,-2.53E-12,-3.978995607,-222.624285,8.091033199,-331.8465835,33.36888468,-341.9427951
1.176,7.73E-12,5.68E-13,-4.447038191,-222.8861378,7.525340181,-332.0579346,32.92763836,-342.0872614
1.177,1.14E-13,1.05E-12,-4.631119139,-223.2221494,7.246142479,-332.3595834,32.77522826,-342.3125149
1.178,-1.07E-11,1.14E-13,-4.955235067,-223.4917592,6.831848254,-332.6150269,32.48945434,-342.4816925
1.179,-5.91E-12,-1.25E-12,-5.368685089,-223.7427633,6.337435746,-332.8761551,32.12339961,-342.6441909
1.18,7.96E-13,1.39E-12,-5.63448039,-223.9971566,5.998311841,-333.1620158,31.91340855,-342.8206066
1.181,7.16E-12,-1.88E-12,-6.031509281,-224.2407824,5.535517125,-333.4559163,31.58034836,-342.9942086
1.182,1.14E-13,-2.81E-12,-6.365179468,-224.4716729,5.143572789,-333.7533533,31.31856681,-343.1604552
1.183,1.08E-11,-1.65E-12,-6.754309785,-224.6642348,4.7035889,-334.0261975,31.00900058,-343.2911786
1.184,-1.48E-12,-1.88E-12,-7.240042834,-224.8377568,4.174351751,-334.2912016,30.61148333,-343.4049847
1.185,-1.48E-12,1.25E-12,-7.642004643,-225.0140122,3.736164214,-334.5676033,30.30396237,-343.5212901
1.186,-6.59E-12,1.31E-12,-7.998087139,-225.2048805,3.351063261,-334.8647461,30.04725868,-343.6512159
1.187,1.82E-12,-2.44E-12,-8.580262256,-225.3390609,2.747005857,-335.1087934,29.56811325,-343.7227032
1.188,0,3.10E-12,-8.867073811,-225.5311616,2.445377079,-335.4118176,29.38669515,-343.8496019
1.189,-3.18E-12,-2.56E-13,-9.429220457,-225.6770128,1.875226822,-335.6655851,28.93083831,-343.9254561
1.19,2.48E-11,-3.41E-13,-9.916224813,-225.8315477,1.385862573,-335.9268057,28.54863421,-344.008753
1.191,3.75E-12,1.56E-12,-10.28558074,-226.0100864,1.018182481,-336.2111668,28.27976502,-344.1169577
1.192,7.28E-12,-2.33E-12,-10.82229115,-226.142826,0.486134273,-336.4508859,27.83640388,-344.1824119
1.193,-2.73E-12,3.69E-13,-11.35630072,-226.2803536,-0.044459454,-336.6960653,27.38578209,-344.2578472
1.194,-8.41E-12,3.13E-13,-11.69766133,-226.4274886,-0.387519286,-336.952263,27.11502383,-344.3502281
1.195,-1.14E-12,1.11E-12,-12.24424039,-226.538911,-0.944781356,-337.1748971,26.62343772,-344.416379
1.196,5.57E-12,-7.11E-13,-12.70170474,-226.65082,-1.425781251,-337.4009054,26.20253291,-344.4946439
1.197,-3.52E-12,7.96E-13,-13.07114685,-226.7766232,-1.834558778,-337.6426886,25.85039295,-344.5998384
1.198,1.72E-11,1.48E-12,-13.65366776,-226.8513918,-2.475351993,-337.8362321,25.26441225,-344.6658519
1.199,8.07E-12,3.98E-13,-14.01789956,-226.9348506,-2.919287886,-338.0411524,24.87610368,-344.7506882
1.2,-2.84E-12,-4.38E-12,-14.5397428,-226.991745,-3.54476189,-338.2220869,24.3097117,-344.8173716
1.201,1.23E-11,-2.30E-12,-15.08738238,-227.0397228,-4.222133964,-338.3984467,23.69719638,-344.8818291
1.202,-6.93E-12,-2.84E-13,-15.44224316,-227.1222842,-4.733516429,-338.6120974,23.25727783,-344.9858396
1.203,9.44E-12,1.62E-12,-15.81274613,-227.1603213,-5.287202375,-338.7835945,22.78168006,-345.0485744
1.204,-4.66E-12,6.82E-13,-16.34942113,-227.1692037,-6.033593783,-338.9279705,22.12001821,-345.0836818
1.205,-8.30E-12,-2.10E-12,-16.64109416,-227.2363361,-6.561388779,-339.1322928,21.68361126,-345.1768457
1.206,8.53E-12,1.56E-12,-17.04546367,-227.2476116,-7.228157939,-339.2821176,21.11490574,-345.212238
1.207,-7.16E-12,1.96E-12,-17.54439705,-227.2383836,-8.017004741,-339.4102309,20.43081528,-345.2212609
1.208,1.07E-11,1.39E-12,-17.79414969,-227.2745521,-8.580956818,-339.5832231,19.97861749,-345.2711872
1.209,-6.59E-12,-7.96E-13,-18.12882825,-227.2611979,-9.252189261,-339.7043261,19.42474002,-345.2655173
1.21,-4.66E-12,-1.14E-13,-18.74661277,-227.182547,-10.22695055,-339.7559169,18.57205897,-345.1886689
1.211,1.00E-11,9.66E-13,-19.09726348,-227.185473,-10.95212696,-339.8844964,17.97187026,-345.187707
1.212,1.76E-12,-7.96E-13,-19.36480966,-227.1964543,-11.61189625,-340.0150946,17.44120073,-345.1893014
1.213,5.06E-12,-3.69E-13,-19.72960268,-227.1639625,-12.38581951,-340.0960992,16.80075517,-345.1421154
1.214,5.06E-12,1.93E-12,-20.16582959,-227.1174076,-13.24729351,-340.1568363,16.07740267,-345.0757503
1.215,-2.44E-12,1.31E-12,-20.37756909,-227.1359593,-13.89960666,-340.2763916,15.56812066,-345.0695675
1.216,-7.56E-12,-5.68E-13,-20.81871976,-227.1016686,-14.79594436,-340.3358617,14.81998964,-345.0049388
1.217,3.13E-12,-2.64E-12,-21.23746151,-227.0573258,-15.68631523,-340.3815834,14.08326684,-344.9284769
1.218,-6.82E-13,1.42E-12,-21.5797147,-227.0451238,-16.51909516,-340.4581787,13.40984222,-344.8850787
1.219,1.01E-11,1.85E-12,-21.94750217,-227.0160172,-17.39876257,-340.5190311,12.69550324,-344.8284034
1.22,9.44E-12,-2.47E-12,-22.33365875,-226.9810004,-18.32060781,-340.5775639,11.94522541,-344.7721498
1.221,-3.30E-12,1.34E-12,-22.75712742,-226.9227491,-19.3060294,-340.6188817,11.13787607,-344.7016979
1.222,-2.56E-12,-2.84E-12,-23.13353344,-226.8651691,-20.27413322,-340.6714044,10.35558752,-344.6460595
1.223,4.83E-12,-1.17E-12,-23.5055944,-226.7804621,-21.26626639,-340.7057541,9.553546901,-344.5758331
1.224,9.09E-12,-5.68E-14,-23.69390167,-226.7639249,-22.10216178,-340.8176415,8.909242246,-344.5872426
1.225,-1.76E-12,2.19E-12,-24.00448395,-226.6877103,-23.08631268,-340.8758464,8.115401149,-344.549581
1.226,-9.95E-12,6.25E-13,-24.35864181,-226.5798013,-24.13262125,-340.9092751,7.255342349,-344.492268
1.227,1.92E-11,-1.42E-12,-24.75792496,-226.4139596,-25.23425235,-340.8890198,6.333121882,-344.3869088
1.228,-4.09E-12,1.56E-12,-24.8556796,-226.3652916,-26.03616734,-340.987517,5.700999279,-344.4064535
1.229,3.64E-12,-2.79E-12,-25.19038745,-226.2233833,-27.0684631,-340.9916831,4.826098562,-344.3383315
1.23,-1.07E-11,-3.35E-12,-25.40340877,-226.081762,-27.96411504,-340.9923758,4.07266521,-344.2739138
1.231,-1.81E-11,4.55E-13,-25.72396639,-225.990839,-28.94396115,-341.0373365,3.217082128,-344.2614552
1.232,3.75E-12,5.68E-13,-26.07198801,-225.8278656,-29.91954428,-341.001147,2.345027356,-344.1760504
1.233,-1.59E-11,-7.11E-13,-26.37750706,-225.7456687,-30.81495706,-341.036574,1.530564566,-344.1682149
1.234,6.20E-12,4.26E-13,-26.81631801,-225.5755212,-31.81450606,-340.9723374,0.592626087,-344.0671097
1.235,-7.73E-12,-2.53E-12,-27.16432164,-225.4827805,-32.70420437,-340.9729482,-0.250209127,-344.0366954
1.236,5.06E-12,8.53E-14,-27.57874436,-225.3440689,-33.65139072,-340.9141825,-1.162330688,-343.9491033
1.237,1.37E-11,-7.11E-13,-27.95175185,-225.2445386,-34.55834311,-340.8803464,-2.041802496,-343.8869813
1.238,-8.87E-12,1.42E-13,-28.41364191,-225.0905869,-35.56547166,-340.7769909,-3.024820579,-343.7542224
1.239,3.98E-13,-8.24E-13,-28.73739057,-225.0731125,-36.45586471,-340.7941685,-3.890259191,-343.7392207
1.24,1.45E-11,-5.68E-14,-29.090578,-225.0243098,-37.40563498,-340.7619673,-4.810016965,-343.6704064
1.241,-4.49E-12,7.39E-13,-29.40966154,-224.9711183,-38.35208877,-340.7171039,-5.717186099,-343.5828376
1.242,-6.59E-12,-1.14E-12,-29.68492689,-224.9665159,-39.28090286,-340.7237002,-6.596861856,-343.5366866
1.243,-8.13E-12,-7.39E-13,-30.02133164,-224.909118,-40.29343084,-340.6839937,-7.548811381,-343.4377629
1.244,-1.82E-12,-1.42E-12,-30.3357343,-224.841499,-41.29957901,-340.6467593,-8.484702742,-343.3358352
1.245,2.10E-12,-1.05E-12,-30.59932994,-224.8008656,-42.2635902,-340.6554039,-9.370540582,-343.2753045
1.246,-2.67E-12,9.95E-13,-30.91936467,-224.6921317,-43.28575832,-340.6210419,-10.30838057,-343.1682788
1.247,-1.02E-11,1.08E-12,-31.23599788,-224.5850039,-44.29929053,-340.6195803,-11.23319166,-343.0916589
1.248,8.36E-12,-3.69E-13,-31.61926723,-224.4036506,-45.3677885,-340.5770503,-12.20992148,-342.9760378
1.249,-3.07E-12,1.71E-13,-31.93532671,-224.2101618,-46.35713184,-340.5480066,-13.1072079,-342.872689
1.25,1.88E-12,1.42E-13,-32.29516076,-223.9897152,-47.37815999,-340.505179,-14.03798091,-342.7549471
1.251,8.01E-12,-1.76E-12,-32.66715466,-223.7674489,-48.39911323,-340.461258,-14.97257129,-342.6361073
1.252,1.41E-11,4.69E-12,-33.0482348,-223.5846446,-49.41677294,-340.4450775,-15.90985098,-342.5456083
1.253,-8.53E-12,-1.39E-12,-33.45349936,-223.3789247,-50.44609234,-340.3818121,-16.86686368,-342.4092293
1.254,1.53E-12,2.79E-12,-33.8466683,-223.2349411,-51.45064635,-340.3436658,-17.80927489,-342.2997792
1.255,6.93E-12,-8.24E-13,-34.25843744,-223.1204756,-52.46084285,-340.2873438,-18.76958298,-342.1745677
1.256,-2.90E-12,-1.82E-12,-34.59954542,-223.0573283,-53.38564613,-340.2418513,-19.65676707,-342.0618731
1.257,1.39E-11,3.69E-13,-35.00854243,-222.989123,-54.36137842,-340.1573153,-20.60789842,-341.913208
1.258,1.76E-11,-7.67E-13,-35.43861643,-222.9550566,-55.34012704,-340.0811884,-21.57468603,-341.7756587
1.259,7.96E-12,5.40E-13,-35.87755113,-222.9113597,-56.30857502,-339.9779566,-22.54343469,-341.6133448
1.26,-3.13E-12,-3.13E-13,-36.28967312,-222.8950689,-57.22994832,-339.8929119,-23.47699206,-341.4711921
1.261,9.32E-12,1.88E-12,-36.69411574,-222.8606979,-58.1222796,-339.7888236,-24.39427543,-341.3126541
1.262,-7.05E-12,2.16E-12,-37.09947788,-222.8464323,-58.9930671,-339.7121325,-25.30239486,-341.1827679
1.263,-6.42E-12,-1.73E-12,-37.52310414,-222.779715,-59.85855478,-339.5985371,-26.21781748,-341.0173679
1.264,-3.18E-12,7.11E-13,-37.96856031,-222.70528,-60.72042387,-339.4987415,-27.14244768,-340.8672942
1.265,-1.48E-12,-1.08E-12,-38.39804435,-222.5863044,-61.54273375,-339.3728551,-28.04056799,-340.6927923
1.266,-6.25E-13,2.84E-14,-38.84470142,-222.4527002,-62.35959631,-339.2454863,-28.94651346,-340.5186063
1.267,-2.56E-12,1.14E-13,-39.22854751,-222.3301914,-63.09199427,-339.1370547,-29.78148998,-340.3652921
1.268,8.64E-12,1.34E-12,-39.65832978,-222.1767081,-63.84964151,-339.0001864,-30.65543458,-340.1856117
1.269,1.02E-11,7.67E-13,-39.66405794,-222.1554122,-64.16351449,-338.9927394,-31.09954687,-340.1375588
1.27,-9.95E-12,9.66E-13,-40.71657437,-221.8744423,-65.50588532,-338.7197895,-32.58585909,-339.8241042
1.271,-4.15E-12,-2.84E-13,-41.16114454,-221.7510154,-66.22554821,-338.5904513,-33.46110816,-339.6573711
1.272,1.88E-12,-7.96E-13,-41.63164491,-221.6228807,-66.95927983,-338.4457024,-34.35925794,-339.4787716
1.273,-1.48E-12,-2.81E-12,-42.14076219,-221.4912607,-67.72301551,-338.2890868,-35.29343092,-339.2922842
1.274,-3.30E-12,2.33E-12,-42.65843461,-221.3894304,-68.48994211,-338.1562015,-36.23400114,-339.13394
1.275,-2.84E-12,-3.41E-13,-43.17941437,-221.2431716,-69.25806044,-337.9751498,-37.1761566,-338.9322766
1.276,-4.38E-12,9.09E-13,-43.69147154,-221.1060765,-70.01838922,-337.8018456,-38.10810317,-338.7436426
1.277,3.47E-12,3.69E-13,-43.66137669,-221.092142,-70.24094762,-337.7526076,-38.49704723,-338.6847907
1.278,-5.80E-12,1.19E-12,-44.6821161,-220.8363499,-71.52197056,-337.4647392,-39.93588199,-338.3938464
1.279,-8.58E-12,1.53E-12,-45.2045896,-220.6754838,-72.31560647,-337.2773459,-40.87686035,-338.2079175
1.28,-3.52E-12,-6.25E-13,-45.14522659,-220.6204483,-72.54152172,-337.2029393,-41.23701364,-338.1384549
1.281,1.59E-12,3.13E-13,-46.21116504,-220.3279213,-73.91120566,-336.8965271,-42.72519615,-337.8394054
1.282,3.01E-12,3.33E-12,-46.72707478,-220.1253042,-74.75374134,-336.6838154,-43.66785592,-337.635414
1.283,8.53E-13,-2.47E-12,-47.24000451,-219.9507314,-75.62059066,-336.5012431,-44.61381981,-337.4618588
1.284,1.14E-11,5.97E-13,-47.78879848,-219.7199332,-76.55501113,-336.2628452,-45.60371027,-337.2317139
1.285,-3.13E-12,8.81E-13,-48.28947718,-219.5070455,-77.47743643,-336.0410622,-46.55532597,-337.0163589
1.286,-1.71E-13,-9.38E-13,-48.69544555,-219.3201944,-78.34441405,-335.8428824,-47.42385002,-336.8211636
1.287,-7.45E-12,2.87E-12,-49.16364997,-219.1007339,-79.31076598,-335.6081837,-48.368007,-336.5847258
1.288,7.39E-13,-5.12E-13,-48.9369107,-219.0117436,-79.61496872,-335.4987787,-48.63188066,-336.4666519
1.289,-1.14E-12,-3.69E-13,-50.06586792,-218.6676253,-81.30047543,-335.1289245,-50.26453147,-336.0789931
1.29,9.32E-12,-1.71E-13,-50.48020734,-218.443531,-82.28943182,-334.8722757,-51.1937124,-335.7931979
1.291,2.84E-13,-8.53E-14,-50.68800529,-218.2785349,-83.08237423,-334.6664091,-51.92572458,-335.5452
1.292,-1.82E-12,-2.13E-13,-51.25961149,-218.0380177,-84.24211237,-334.3752085,-53.0261188,-335.1986518
1.293,-2.50E-12,2.06E-12,-51.3676689,-217.9064255,-84.93374919,-334.1816227,-53.66271722,-334.937431
1.294,3.87E-12,6.82E-13,-51.7308239,-217.7551801,-85.86839109,-333.9555761,-54.54934539,-334.6323914
1.295,-3.81E-12,1.48E-12,-52.06630392,-217.5918298,-86.75617902,-333.7041007,-55.39886344,-334.2914938
1.296,-1.59E-11,-9.09E-13,-52.65052162,-217.4243262,-87.86888235,-333.4398984,-56.48575991,-333.9283692
1.297,-7.39E-13,4.26E-14,-52.94461931,-217.3132733,-88.66357203,-333.2291179,-57.26982494,-333.6100952
1.298,8.58E-12,4.12E-13,-53.56630784,-217.141294,-89.7538876,-332.959927,-58.36741723,-333.2257688
1.299,-7.16E-12,-3.13E-13,-53.82056751,-217.0118135,-90.44332077,-332.7410649,-59.08216494,-332.8852889
1.3,4.60E-12,1.85E-13,-54.45947586,-216.8343397,-91.48592515,-332.485182,-60.16479344,-332.5046375
1.301,-1.76E-12,-5.83E-13,-55.06561885,-216.6405693,-92.46905289,-332.2275318,-61.19653655,-332.1219851
1.302,9.09E-12,-8.95E-13,-55.42104319,-216.475275,-93.17871792,-332.0141278,-61.95728985,-331.7862621
1.303,-7.50E-12,-1.07E-12,-55.93430372,-216.2467751,-94.02741369,-331.7519864,-62.85478836,-331.4067678
1.304,-9.49E-12,4.83E-13,-56.27109655,-216.0749883,-94.68415363,-331.5572154,-63.55493156,-331.1003053
1.305,7.96E-13,-1.69E-12,-56.69039437,-215.8554356,-95.41122766,-331.3215252,-64.31831981,-330.759388
1.306,-9.15E-12,3.41E-13,-57.08164369,-215.6310984,-96.10139962,-331.0840867,-65.03602736,-330.4239896
1.307,-6.37E-12,2.33E-12,-57.51382205,-215.3981421,-96.82696429,-330.8372543,-65.77865944,-330.0872679
1.308,1.14E-11,-6.25E-13,-57.9212659,-215.1807362,-97.52557541,-330.6013872,-66.48218021,-329.7703847
1.309,3.24E-12,-9.95E-13,-58.3772611,-214.9455832,-98.27332399,-330.3399865,-67.22099109,-329.4376445
1.31,-2.79E-12,-2.69E-12,-58.80045078,-214.6847087,-98.99309808,-330.0440104,-67.91629058,-329.0808082
1.311,6.25E-13,2.00E-12,-59.2513697,-214.4954829,-99.74898709,-329.8100158,-68.63047851,-328.7972359
1.312,-6.42E-12,5.97E-13,-59.73869576,-214.2361522,-100.5537858,-329.4956966,-69.37409784,-328.4451634
1.313,3.98E-13,-6.68E-13,-59.75110787,-214.1168633,-100.8932083,-329.311221,-69.63769255,-328.2347271
1.314,1.64E-11,-6.54E-13,-60.68699032,-213.8018527,-102.1637059,-328.9217192,-70.82151198,-327.8301533
1.315,2.56E-12,2.00E-12,-61.1073823,-213.5613339,-102.9243853,-328.5982983,-71.48846039,-327.5016449
1.316,-6.99E-12,-2.67E-12,-61.46315669,-213.3875243,-103.6241865,-328.3340695,-72.09127572,-327.2414089
1.317,5.00E-12,-3.55E-12,-61.86091251,-213.1504817,-104.3682306,-328.0029696,-72.73923558,-326.9236434
1.318,-2.61E-12,-4.83E-13,-62.2564032,-212.9395568,-105.1110041,-327.6944683,-73.38758341,-326.6357643
1.319,-1.72E-11,-1.14E-12,-62.64499544,-212.7318516,-105.8469811,-327.3881578,-74.03182863,-326.3565498
1.32,-2.90E-12,-2.70E-13,-62.90762047,-212.5050044,-106.4562005,-327.0641663,-74.55304521,-326.0653146
1.321,1.60E-11,-1.28E-12,-63.47524449,-212.2533898,-107.3687362,-326.7193586,-75.38234209,-325.7581096
1.322,-4.77E-12,-1.56E-12,-63.88049837,-212.0067886,-108.1163266,-326.3860054,-76.05249287,-325.4663919
1.323,3.64E-12,4.11E-12,-64.26572496,-211.7142328,-108.8399985,-326.0156626,-76.70598313,-325.1408698
1.324,-5.51E-12,1.42E-12,-64.81364385,-211.438969,-109.725119,-325.6734311,-77.52567522,-324.8464663
1.325,-1.99E-12,9.52E-13,-65.26978599,-211.1588772,-110.5175259,-325.3383633,-78.25602648,-324.5615012
1.326,-1.02E-11,-2.43E-12,-65.57437014,-210.8800269,-111.158467,-325.0179965,-78.83690451,-324.292779
1.327,-7.96E-13,5.68E-13,-65.98870804,-210.5498581,-111.9093367,-324.6599213,-79.52832345,-323.9871577
1.328,-9.72E-12,8.53E-14,-66.42872199,-210.2361084,-112.68614,-324.3320266,-80.24490805,-323.7117934
1.329,8.70E-12,-1.61E-12,-66.89821133,-209.8717409,-113.492759,-323.9674261,-80.98965247,-323.3987563
1.33,-3.30E-12,7.82E-13,-67.31728211,-209.5129504,-114.2493825,-323.6224658,-81.68245074,-323.1042898
1.331,7.67E-12,1.18E-12,-67.63168558,-209.1215003,-114.9018443,-323.2590597,-82.26914653,-322.7907189
1.332,-1.78E-11,-1.32E-12,-68.02041078,-208.7726732,-115.6284242,-322.9526952,-82.92802924,-322.5339415
1.333,1.99E-12,1.68E-12,-68.4113477,-208.3825611,-116.3561558,-322.612901,-83.58614207,-322.2438974
1.334,-1.59E-12,-3.27E-13,-68.73688672,-208.0126409,-117.0173642,-322.2933474,-84.17436551,-321.9754781
1.335,-4.77E-12,-1.76E-12,-69.73369897,-207.5111457,-118.3450202,-321.8349765,-85.42786083,-321.5703318
1.336,8.13E-12,-8.24E-13,-69.39444523,-207.3269719,-118.33014,-321.6787266,-85.33777894,-321.4707697
1.337,5.68E-12,-1.14E-13,-69.88947307,-206.9990905,-119.141427,-321.3556101,-86.07295753,-321.2091777
1.338,6.48E-12,1.25E-12,-70.23502472,-206.7274426,-119.793479,-321.0576099,-86.64812896,-320.9789116
1.339,3.81E-12,2.22E-12,-70.69514442,-206.4922519,-120.5488559,-320.7599225,-87.32598769,-320.7565412
1.34,-9.49E-12,1.11E-12,-71.05656615,-206.2936404,-121.1970329,-320.4668614,-87.89614339,-320.5477532
1.341,2.67E-12,2.25E-12,-71.46540471,-206.1149855,-121.8872184,-320.1689075,-88.50793888,-320.3444016
1.342,-1.08E-12,-2.16E-12,-72.09065789,-205.9350103,-122.7915036,-319.8518872,-89.33534052,-320.1319473
1.343,8.30E-12,-5.40E-13,-72.52904684,-205.7808563,-123.5097032,-319.5500453,-89.9752157,-319.9436087
1.344,7.28E-12,4.01E-12,-72.94470483,-205.6692488,-124.209044,-319.2872108,-90.59400527,-319.8006785
1.345,-6.93E-12,-3.84E-12,-72.77237596,-205.6485345,-124.3273635,-319.1188337,-90.62876087,-319.7560707
1.346,-5.68E-12,1.29E-12,-73.44042342,-205.4764971,-125.2969646,-318.8083433,-91.51015327,-319.572136
1.347,4.89E-12,8.53E-14,-73.76563605,-205.3294371,-125.935793,-318.5401508,-92.05727888,-319.429742
1.348,-1.14E-13,4.26E-13,-74.06142398,-205.1808218,-126.5577748,-318.2931561,-92.58463487,-319.3051504
1.349,-7.45E-12,3.27E-13,-74.75242093,-204.933131,-127.5869158,-317.9677962,-93.51679837,-319.0961596
1.35,-1.18E-11,-2.84E-12,-75.03185206,-204.7612278,-128.214537,-317.7348726,-94.04566166,-318.9709327
1.351,1.82E-12,9.66E-13,-75.40026045,-204.5304392,-128.9392774,-317.4556509,-94.67043493,-318.788097
1.352,-4.15E-12,2.43E-12,-76.02590394,-204.266833,-129.9274906,-317.1521374,-95.55804312,-318.5670203
1.353,1.14E-12,2.77E-12,-76.41101887,-204.0288366,-130.6795089,-316.878698,-96.20938969,-318.35943
1.354,1.47E-11,6.39E-13,-76.65541324,-203.8438312,-131.2932361,-316.6586524,-96.72294976,-318.1860076
1.355,-1.27E-11,-1.04E-12,-76.90324074,-203.6276692,-131.9109217,-316.4037915,-97.24226533,-317.9555969
1.356,2.16E-12,4.69E-13,-77.13051306,-203.4396426,-132.5066734,-316.1693458,-97.74165825,-317.7263542
1.357,-5.40E-12,-2.20E-12,-77.61488528,-203.2237147,-133.3565394,-315.8976201,-98.49815816,-317.4432333
1.358,2.05E-12,1.61E-12,-77.85887608,-203.0626365,-133.9632936,-315.6706679,-99.01456525,-317.1916912
1.359,-4.55E-13,-4.12E-13,-78.07349422,-202.9095232,-134.5383927,-315.443449,-99.50222302,-316.9293019
1.36,-1.04E-11,2.27E-13,-77.80547815,-202.8255663,-134.6300737,-315.2783704,-99.50820467,-316.7217156
1.361,-6.03E-12,2.76E-12,-79.22660287,-202.433724,-136.4116099,-314.7996062,-101.2046199,-316.1963494
1.362,6.54E-12,3.78E-12,-79.35055012,-202.3110516,-136.8981817,-314.5854272,-101.6054853,-315.9347172
1.363,-1.51E-11,6.96E-13,-79.47487652,-202.1934927,-137.3888442,-314.3729929,-102.008692,-315.6772215
1.364,-4.83E-12,2.56E-12,-78.7879574,-202.2485999,-137.0734713,-314.3310716,-101.6029503,-315.5958736
1.365,-9.66E-13,-8.24E-13,-79.17392503,-202.0590352,-137.8376937,-314.043541,-102.2727271,-315.2777943
1.366,5.68E-14,1.42E-12,-79.53462315,-201.8568236,-138.5856532,-313.7454682,-102.9210003,-314.9612938
1.367,-3.41E-12,4.38E-12,-80.16333419,-201.6388264,-139.6108396,-313.4314892,-103.8405069,-314.6418767
1.368,-1.99E-12,2.98E-12,-79.9809049,-201.5480135,-139.8350852,-313.245146,-103.9514176,-314.4654446
1.369,1.14E-13,1.14E-13,-80.93381142,-201.2271585,-141.2058521,-312.8297844,-105.2001297,-314.0755033
1.37,4.55E-13,-2.49E-12,-80.9221631,-201.0827957,-141.6242352,-312.5925112,-105.4866736,-313.879319
1.371,1.54E-11,-2.27E-12,-80.71139404,-200.9716403,-141.857045,-312.3887576,-105.5764047,-313.7343389
1.372,-6.25E-12,-2.50E-12,-81.65225129,-200.6186701,-143.2517606,-311.9467301,-106.8188185,-313.3650726
1.373,-2.39E-12,-1.85E-13,-81.14506758,-200.5777314,-143.206405,-311.8158259,-106.6135556,-313.3189755
1.374,8.30E-12,3.55E-13,-81.47397019,-200.3424546,-144.0015818,-311.4839095,-107.2428369,-313.08197
1.375,1.93E-11,-2.02E-12,-81.42917952,-200.2274669,-144.4239877,-311.2598417,-107.4949765,-312.960975
1.376,-8.07E-12,-1.26E-12,-81.69823512,-200.0350986,-145.1576383,-310.9401868,-108.0556078,-312.7506129
1.377,2.27E-12,-7.53E-13,-82.55932605,-199.738772,-146.4771918,-310.4959308,-109.2010063,-312.4199277
1.378,2.73E-12,-1.14E-13,-82.27663497,-199.7158533,-146.6436836,-310.3061765,-109.1938249,-312.3460801
1.379,1.14E-13,-3.27E-13,-82.46951148,-199.6269439,-147.2729554,-310.0364473,-109.6515227,-312.1926517
1.38,-3.41E-12,3.27E-12,-82.68981809,-199.5459684,-147.9133616,-309.7655895,-110.1240717,-312.0365469
1.381,-5.00E-12,2.84E-13,-83.45768118,-199.3406338,-149.0815208,-309.3662322,-111.129708,-311.7484526
1.382,-4.77E-12,5.93E-12,-83.24580157,-199.3730545,-149.2466259,-309.2054117,-111.1392418,-311.6934634
1.383,2.50E-12,3.69E-13,-83.46282947,-199.3467947,-149.8138191,-308.9916142,-111.559433,-311.5781234
1.384,-2.73E-12,-5.68E-14,-83.71467015,-199.2723931,-150.386328,-308.7378735,-111.9946642,-311.4156836
1.385,4.55E-12,2.13E-13,-83.99086974,-199.2301627,-150.9577878,-308.526873,-112.4381934,-311.2875936
1.386,6.71E-12,-3.27E-13,-84.39721671,-199.1178796,-151.6388431,-308.2565943,-112.9998373,-311.092811
1.387,-9.21E-12,-1.52E-12,-84.65721581,-199.0704612,-152.1578547,-308.0621605,-113.4071291,-310.9674346
1.388,-6.25E-12,-4.83E-13,-84.92124754,-199.0341355,-152.670059,-307.890005,-113.8144776,-310.8588739
1.389,1.21E-11,-3.06E-12,-85.85535859,-198.7817976,-153.8463588,-307.5132286,-114.891958,-310.5412056
1.39,1.93E-12,-3.84E-13,-85.58734978,-198.8500684,-153.819411,-307.4686578,-114.7713994,-310.5522319
1.391,-1.82E-11,-3.34E-12,-85.8473288,-198.7782074,-154.3241793,-307.2957576,-115.1869378,-310.4323939
1.392,1.22E-11,4.97E-13,-86.14308551,-198.6621566,-154.8722067,-307.0901757,-115.6497952,-310.2763307
1.393,5.34E-12,-5.68E-13,-86.37552747,-198.5611475,-155.3638922,-306.9072046,-116.0585138,-310.1428532
1.394,1.38E-11,1.14E-12,-86.63107743,-198.4551222,-155.883808,-306.7222604,-116.4963169,-310.0085804
1.395,4.09E-12,5.68E-14,-86.88194772,-198.352119,-156.402316,-306.5388553,-116.9322176,-309.8782272
1.396,-1.02E-11,-4.06E-12,-87.08869319,-198.2324854,-156.8781206,-306.3328107,-117.3235713,-309.7288178
1.397,2.05E-12,-2.56E-13,-87.31231168,-198.1344145,-157.3710942,-306.1360493,-117.7281765,-309.5952219
1.398,2.96E-12,-1.99E-13,-87.68048043,-198.003108,-158.0048641,-305.8933035,-118.2705111,-309.4193182
1.399,2.73E-12,8.81E-13,-87.96164472,-197.9085889,-158.5446553,-305.672453,-118.7158209,-309.2678062
1.4,3.07E-12,-8.24E-13,-88.26294478,-197.8273239,-159.095389,-305.4524235,-119.1690482,-309.118431
1.401,4.89E-12,-3.13E-13,-88.51903178,-197.7658007,-159.5926239,-305.2402157,-119.5657725,-308.9770129
1.402,-1.14E-11,-7.11E-14,-88.78239337,-197.6964807,-160.0907411,-305.0132061,-119.9603959,-308.819748
1.403,-6.82E-12,3.17E-12,-89.09570954,-197.6207819,-160.6343143,-304.7777273,-120.3982184,-308.6513755
1.404,5.00E-12,-1.42E-13,-90.06933726,-197.3719778,-161.8355938,-304.3719676,-121.4923123,-308.3102521
1.405,-7.50E-12,-1.31E-12,-89.74852656,-197.4775132,-161.7417233,-304.3282868,-121.29143,-308.328826
1.406,-5.12E-12,-3.10E-12,-89.99739489,-197.3984732,-162.2187136,-304.1126846,-121.6631914,-308.1731856
1.407,-6.82E-13,2.46E-12,-90.25468447,-197.2988932,-162.7071537,-303.8940708,-122.0497943,-308.0123291
1.408,-1.42E-11,4.55E-13,-90.62650577,-197.1620571,-163.3110056,-303.6566882,-122.5568094,-307.8305877
1.409,1.08E-11,-3.78E-12,-90.90070235,-197.0295666,-163.8162769,-303.4434934,-122.9718533,-307.6710068
1.41,-4.43E-12,-1.04E-12,-91.92318808,-196.682435,-165.0671948,-303.0355247,-124.1406128,-307.3160431
1.411,2.27E-12,-9.81E-13,-92.07621575,-196.5621806,-165.4449754,-302.8752279,-124.4451135,-307.2086587
1.412,8.30E-12,-4.26E-13,-92.22351383,-196.4310412,-165.8123505,-302.7245272,-124.7488569,-307.112535
1.413,-8.07E-12,-1.17E-12,-92.35714533,-196.2937831,-166.1603864,-302.5878749,-125.0442307,-307.031267
1.414,3.30E-12,3.00E-12,-91.98568893,-196.2426556,-165.9966653,-302.5572068,-124.8369564,-307.0594183
1.415,-7.05E-12,1.04E-12,-92.4942981,-195.9699387,-166.7052414,-302.3248328,-125.5098316,-306.889172
1.416,-5.80E-12,1.09E-12,-92.80573008,-195.7410508,-167.2098217,-302.1487244,-125.9853064,-306.7783728
1.417,1.50E-11,2.90E-12,-93.1089372,-195.5150756,-167.7000435,-301.9803533,-126.4517614,-306.6783659
1.418,-6.03E-12,-3.20E-12,-93.46387256,-195.2716558,-168.2365449,-301.7917511,-126.9685777,-306.5610558
1.419,-2.05E-12,-1.56E-13,-93.74904175,-195.0623078,-168.6985164,-301.6268225,-127.4136891,-306.4702207
1.42,-8.87E-12,1.89E-12,-93.87981473,-194.8980509,-169.0020129,-301.4889754,-127.7018937,-306.4091417
1.421,2.27E-13,-3.69E-12,-94.30801836,-194.6894446,-169.5995462,-301.2811577,-128.2844463,-306.2806399
1.422,9.09E-13,-1.14E-13,-94.71801319,-194.5159382,-170.1761618,-301.0752072,-128.8451358,-306.1564265
1.423,-1.71E-12,5.12E-12,-95.060684,-194.4031098,-170.6836422,-300.889088,-129.3338232,-306.056762
1.424,2.84E-12,1.42E-14,-95.30239661,-194.3358365,-171.0878848,-300.7141159,-129.7166639,-305.9692038
1.425,-5.57E-12,2.54E-12,-95.71082768,-194.2699108,-171.6568301,-300.5129634,-130.2609741,-305.8552303
1.426,3.75E-12,-8.81E-13,-96.20358093,-194.2130529,-172.3083456,-300.300231,-130.8843186,-305.7259473
1.427,6.82E-12,-5.68E-14,-96.35711106,-194.2225109,-172.6191498,-300.1400468,-131.1634133,-305.6474139
1.428,9.09E-13,-3.31E-12,-96.73303145,-194.1929797,-173.1511201,-299.9339862,-131.6605404,-305.5209245
1.429,5.68E-12,1.21E-12,-97.30347514,-194.1398363,-173.8766533,-299.7043062,-132.3485012,-305.3684552
1.43,-1.14E-13,4.97E-12,-97.41172791,-194.1650556,-174.139299,-299.5598618,-132.5712502,-305.2985802
1.431,-3.87E-12,1.45E-12,-97.80391305,-194.1036427,-174.6854445,-299.3425385,-133.0755792,-305.1529041
1.432,-4.32E-12,9.81E-13,-98.17247587,-194.040695,-175.2073158,-299.1434215,-133.5541189,-305.0222313
1.433,1.11E-11,1.98E-12,-98.47915526,-193.9643743,-175.6665702,-298.9468726,-133.9689314,-304.8906426
1.434,5.80E-12,-2.00E-12,-98.90330749,-193.8430972,-176.2419421,-298.7163056,-134.4991557,-304.7212709
1.435,1.21E-11,-5.14E-12,-99.21535827,-193.7775995,-176.7032351,-298.5474532,-134.9150001,-304.6095682
1.436,-2.27E-13,-3.55E-13,-99.60381949,-193.6612204,-177.238339,-298.3286517,-135.4047591,-304.4435899
1.437,-8.30E-12,-1.42E-13,-99.96675737,-193.5872706,-177.744698,-298.1482091,-135.8662817,-304.3113629
1.438,-6.48E-12,-3.96E-12,-100.3149612,-193.4956442,-178.2324794,-297.9410165,-136.3101396,-304.1474975
1.439,-3.64E-12,-3.65E-12,-100.6892254,-193.4473664,-178.7418555,-297.763096,-136.7769101,-304.0077352
1.44,-1.10E-11,-1.56E-12,-101.0727283,-193.3980351,-179.2571715,-297.5658119,-137.250449,-303.84519
1.441,6.71E-12,-3.84E-13,-101.4673892,-193.3680546,-179.7800616,-297.3739585,-137.7334635,-303.6831972
1.442,2.05E-12,1.21E-12,-101.8337352,-193.3690707,-180.2723793,-297.2037647,-138.1880253,-303.5384719
1.443,1.59E-12,1.56E-12,-102.1855713,-193.3614746,-180.7492561,-297.0202047,-138.6294845,-303.3764746
1.444,-2.50E-12,7.25E-13,-102.5660725,-193.3439039,-181.2551936,-296.8264995,-139.104026,-303.1999075
1.445,-5.46E-12,-5.97E-13,-102.9218521,-193.3664868,-181.7381314,-296.6773601,-139.5580572,-303.0648791
1.446,-4.66E-12,-1.63E-12,-103.2365555,-193.3555627,-182.1830417,-296.5037094,-139.9763763,-302.9026386
1.447,8.98E-12,5.68E-14,-103.6471419,-193.292101,-182.7282098,-296.2910997,-140.497095,-302.6990648
1.448,4.77E-12,1.65E-12,-103.9264819,-193.2896438,-183.1478332,-296.1576563,-140.8942367,-302.5726095
1.449,-9.55E-12,-1.46E-12,-104.2249223,-193.212625,-183.5922352,-295.9724605,-141.3179508,-302.3926802
1.45,-1.82E-12,-1.01E-12,-104.575321,-193.1194875,-184.0948165,-295.7902636,-141.8014641,-302.2143549
1.451,-2.27E-13,-2.16E-12,-104.8595565,-193.0327069,-184.5371101,-295.6309782,-142.2261359,-302.0578724
1.452,-7.96E-13,-1.25E-12,-105.1538828,-192.9065302,-184.9950247,-295.4462879,-142.6677008,-301.8752431
1.453,7.62E-12,-2.32E-12,-105.4413743,-192.7927092,-185.4512894,-295.2853815,-143.1087143,-301.7159818
1.454,1.51E-11,-7.67E-13,-105.7022494,-192.6444576,-185.8857772,-295.0989094,-143.5288751,-301.5310657
1.455,3.41E-12,7.82E-13,-105.9882992,-192.4954107,-186.3499339,-294.9179437,-143.9794555,-301.351893
1.456,6.37E-12,3.21E-12,-106.2665909,-192.348045,-186.8104813,-294.7423979,-144.4270032,-301.178704
1.457,8.41E-12,6.11E-13,-106.4836906,-192.1808192,-187.2152484,-294.5464159,-144.8175652,-300.9877201
1.458,4.21E-12,4.41E-13,-106.7208925,-192.0302049,-187.6439505,-294.3662989,-145.2319165,-300.8131765
1.459,-7.28E-12,-4.02E-12,-106.9771119,-191.8431896,-188.0955386,-294.1493851,-145.6685719,-300.6022662
1.46,-1.24E-11,3.98E-13,-107.2036492,-191.680746,-188.5195634,-293.9528697,-146.0766459,-300.4120397
1.461,8.75E-12,4.26E-13,-107.4577874,-191.5168461,-188.9715414,-293.7487547,-146.5112187,-300.2143537
1.462,3.64E-12,-2.13E-12,-107.6861789,-191.3609898,-189.3963585,-293.5445697,-146.9167402,-300.0165932
1.463,1.36E-12,-1.25E-12,-107.9364796,-191.204111,-189.8399044,-293.3292788,-147.3386637,-299.807577
1.464,-1.59E-12,1.25E-12,-108.2083929,-191.0649992,-190.300116,-293.1197014,-147.77449,-299.6039797
1.465,-2.19E-11,-1.65E-12,-108.458558,-190.9226025,-190.7318661,-292.8928155,-148.1786558,-299.3826344
1.466,7.96E-13,5.33E-12,-108.7618676,-190.8061949,-191.208281,-292.6759251,-148.623851,-299.1706999
1.467,9.44E-12,-3.87E-12,-109.031763,-190.6871262,-191.6410357,-292.43841,-149.0213145,-298.9374112
1.468,8.41E-12,1.39E-12,-109.3265245,-190.6174751,-192.086644,-292.2303786,-149.4271239,-298.7327318
1.469,4.66E-12,2.73E-12,-109.6762006,-190.5421609,-192.5736751,-291.9966473,-149.8703297,-298.4995983
1.47,-6.37E-12,7.11E-13,-109.930009,-190.5050725,-192.9552599,-291.7844485,-150.2034397,-298.2874209
1.471,1.43E-11,2.36E-12,-110.3330452,-190.4548465,-193.4809597,-291.5483678,-150.6760726,-298.0509891
1.472,3.18E-12,-4.41E-13,-110.6335776,-190.4276469,-193.9035089,-291.3305181,-151.0410195,-297.8326198
1.473,1.32E-11,-2.33E-12,-111.0085214,-190.378918,-194.4042883,-291.0922928,-151.4797182,-297.5939104
1.474,8.41E-12,8.53E-13,-111.3134608,-190.3248738,-194.8433982,-290.8550586,-151.8522759,-297.3572276
1.475,2.16E-12,2.13E-12,-111.6292509,-190.2711474,-195.3055331,-290.6315517,-152.2440705,-297.1343575
1.476,3.30E-12,1.11E-12,-111.9604556,-190.1858692,-195.7991568,-290.3960037,-152.6641887,-296.8995836
1.477,1.27E-11,2.74E-12,-112.210591,-190.0979341,-196.2316855,-290.1834103,-153.0206694,-296.6879534
1.478,8.41E-12,8.81E-13,-112.4965843,-189.9677258,-196.7220432,-289.9587039,-153.4330596,-296.4644512
1.479,-1.82E-11,2.86E-12,-112.7656788,-189.7932071,-197.2149337,-289.7136515,-153.8466857,-296.220896
1.48,-4.89E-12,5.54E-13,-112.9843953,-189.6318297,-197.6722839,-289.4975251,-154.2240975,-296.0066115
1.481,8.41E-12,-3.69E-13,-113.1926407,-189.479074,-198.1294068,-289.2976253,-154.6012309,-295.8089504
1.482,-1.01E-11,8.10E-13,-113.4137909,-189.2848821,-198.6050848,-289.0557149,-154.9974908,-295.5697271
1.483,1.34E-11,-3.67E-12,-113.631778,-189.1224713,-199.078656,-288.8368312,-155.3928383,-295.354031
1.484,2.26E-11,2.56E-13,-113.8481302,-188.9995905,-199.5470547,-288.6405434,-155.7848307,-295.1614832
1.485,-7.50E-12,2.09E-12,-114.0829933,-188.8608171,-200.0258331,-288.4032496,-156.1896427,-294.9285335
1.486,-6.37E-12,8.81E-13,-114.3352368,-188.7802336,-200.5097255,-288.1939772,-156.6026315,-294.7242613
1.487,-1.43E-11,-3.69E-13,-114.5827519,-188.7473944,-200.978565,-288.0058489,-157.0042531,-294.5418411
1.488,7.39E-12,3.21E-12,-114.8545144,-188.6917981,-201.4636679,-287.7750125,-157.4264465,-294.3174727
1.489,-3.75E-12,-2.44E-12,-115.1464991,-188.6955754,-201.9642466,-287.5883867,-157.8681498,-294.139988
1.49,-8.75E-12,-1.25E-12,-115.4386417,-188.7030957,-202.4613711,-287.3984778,-158.3122617,-293.9604582
1.491,2.27E-12,4.97E-13,-115.6942179,-188.6931474,-202.920259,-287.1901748,-158.7250496,-293.7617074
1.492,1.63E-11,-1.51E-12,-115.9790794,-188.7214859,-203.4087044,-287.025334,-159.1744989,-293.6080818
1.493,-7.96E-12,7.11E-14,-116.179806,-188.7172501,-203.8152291,-286.8391953,-159.5494275,-293.4346905
1.494,2.27E-13,-1.75E-12,-116.4818717,-188.7197232,-204.3272493,-286.6771426,-160.037547,-293.2867868
1.495,-3.98E-12,1.17E-12,-116.7251733,-188.6964259,-204.7854022,-286.512534,-160.4797903,-293.1375979
1.496,2.96E-12,8.81E-13,-116.8509677,-188.6796632,-205.1297139,-286.3738523,-160.8164792,-293.0154761
1.497,-3.41E-12,-2.84E-13,-117.0901013,-188.6388926,-205.5891906,-286.227058,-161.2769154,-292.886251
1.498,-1.21E-11,-3.87E-12,-117.1878242,-188.5803083,-205.9072418,-286.0748479,-161.6048042,-292.7524888
1.499,1.14E-12,-8.95E-13,-117.427202,-188.527276,-206.3650926,-285.9370904,-162.0816662,-292.6339273
1.5,7.05E-12,9.81E-13,-117.4985194,-188.47569,-206.6511872,-285.8061828,-162.3962413,-292.5228329
1.501,1.07E-11,5.68E-14,-117.7373143,-188.4189245,-207.0992231,-285.6720019,-162.8825227,-292.4089517
1.502,8.53E-12,-1.31E-12,-117.814625,-188.3699719,-207.3783981,-285.544043,-163.2100038,-292.3016483
1.503,2.50E-12,1.68E-12,-118.0398099,-188.3300317,-207.7972972,-285.418991,-163.6864982,-292.1984943
1.504,-1.25E-12,-2.57E-12,-118.1005365,-188.3129788,-208.0420588,-285.3087516,-163.9976377,-292.1104896
1.505,1.14E-13,3.13E-13,-118.3411636,-188.2832479,-208.458836,-285.1775363,-164.4880368,-292.0021074
1.506,5.68E-12,-5.83E-13,-118.4489908,-188.26702,-208.7358534,-285.051571,-164.8443816,-291.8998347
1.507,3.07E-12,-7.53E-13,-118.6436682,-188.2838607,-209.0936862,-284.9504657,-165.2857085,-291.8235433
1.508,1.17E-11,-8.53E-13,-118.6287698,-188.3186976,-209.2368331,-284.8591926,-165.5149779,-291.7584669
1.509,1.48E-12,-1.29E-12,-118.8639323,-188.3330138,-209.6258556,-284.7392797,-165.9912127,-291.666395
1.51,-3.18E-12,8.95E-13,-119.3889564,-188.2648415,-210.3014797,-284.5288038,-166.7536002,-291.4856657
1.511,-1.22E-11,-1.29E-12,-119.0866993,-188.4043326,-210.1474873,-284.5179614,-166.6843838,-291.5067371
1.512,7.84E-12,9.09E-13,-119.1427633,-188.4601595,-210.3504586,-284.4179684,-166.9686052,-291.4410868
1.513,1.25E-12,-1.07E-12,-119.3482832,-188.4956442,-210.7047695,-284.2897107,-167.4025476,-291.3507836
1.514,1.59E-12,-4.83E-13,-119.4167965,-188.5369047,-210.9275542,-284.1597692,-167.698841,-291.2623708
1.515,-4.09E-12,1.61E-12,-119.6134759,-188.5934901,-211.2881288,-284.0378719,-168.1247443,-291.186258
1.516,1.26E-11,1.44E-12,-119.5729194,-188.6706545,-211.4224587,-283.9316605,-168.3169418,-291.1285599
1.517,-3.75E-12,-2.69E-12,-119.6106167,-188.7572411,-211.6476966,-283.8318617,-168.5930093,-291.0789808
1.518,3.41E-12,1.22E-12,-119.834909,-188.7764648,-212.0738469,-283.6635739,-169.0633742,-290.9615961
1.519,3.87E-12,-1.99E-12,-119.7450867,-188.859883,-212.2018634,-283.5602379,-169.2294133,-290.9088239
1.52,8.87E-12,-3.52E-12,-119.8894203,-188.9178732,-212.5785822,-283.4329135,-169.6383856,-290.8307014
1.521,6.82E-12,5.97E-13,-119.8096363,-188.9915865,-212.7449914,-283.3237696,-169.8317026,-290.7683746
1.522,1.26E-11,8.95E-13,-119.8594246,-189.0608213,-213.0514256,-283.2126629,-170.1601216,-290.7006774
1.523,5.12E-12,4.35E-12,-120.2503461,-189.0099578,-213.7060896,-282.9840314,-170.8322704,-290.5110252
1.524,7.73E-12,-2.53E-12,-119.7404778,-189.2052901,-213.4637049,-283.0042272,-170.6032937,-290.5647472
1.525,-7.05E-12,-4.83E-13,-119.6830808,-189.2793014,-213.6741768,-282.9057913,-170.8235197,-290.4933618
1.526,-1.27E-11,6.82E-13,-119.6874192,-189.3474381,-213.9434136,-282.8042283,-171.0992798,-290.4113507
1.527,-2.50E-12,-3.01E-12,-119.6445602,-189.4166511,-214.1604357,-282.705543,-171.3187084,-290.3247002
1.528,4.09E-12,7.39E-13,-119.6481067,-189.509429,-214.4153044,-282.6332625,-171.5722774,-290.2556229
1.529,-8.98E-12,1.45E-12,-119.612159,-189.5995104,-214.6228572,-282.5581695,-171.7741311,-290.174855
1.53,-1.64E-11,-4.26E-13,-119.6756838,-189.6939395,-214.9226623,-282.4850706,-172.0631443,-290.0871562
1.531,1.14E-12,1.39E-12,-119.5841087,-189.8184739,-215.0607486,-282.4374856,-172.1863408,-290.0147668
1.532,9.89E-12,1.71E-12,-119.2006555,-190.0085098,-214.9009391,-282.4485729,-172.0065665,-289.9933316
1.533,-3.07E-12,-5.68E-13,-119.4548107,-190.0908642,-215.3733215,-282.3429118,-172.4545369,-289.8486048
1.534,-1.15E-11,9.95E-13,-120.1737605,-190.0620452,-216.3056834,-282.1147727,-173.3586674,-289.5760316
1.535,-3.07E-12,1.39E-12,-119.4084559,-190.4313295,-215.749577,-282.2711945,-172.7711379,-289.683826
1.536,1.25E-12,-3.47E-12,-119.3859436,-190.630559,-215.9326504,-282.2417812,-172.9202241,-289.6027669
1.537,1.03E-11,-9.66E-13,-119.2848744,-190.8730507,-216.0336545,-282.238699,-172.9853046,-289.5461952
1.538,5.68E-13,-5.40E-13,-118.8037037,-191.2303,-215.7568361,-282.3355692,-172.669424,-289.5895006
1.539,1.60E-11,3.41E-12,-119.1106284,-191.4103622,-216.2714303,-282.2450898,-173.1451576,-289.446076
1.54,-2.61E-12,-1.11E-12,-119.1952867,-191.6674665,-216.5698596,-282.2253412,-173.4065223,-289.3754884
1.541,-7.84E-12,6.82E-13,-118.9383419,-192.0116026,-216.5355718,-282.2901645,-173.3385603,-289.3930653
1.542,-1.36E-11,-3.33E-12,-118.7786183,-192.3209185,-216.6101757,-282.321559,-173.3844745,-289.3822925
1.543,5.46E-12,-7.39E-13,-118.5591921,-192.6403291,-216.6395318,-282.3682906,-173.3917199,-289.3934225
1.544,-1.02E-12,2.39E-12,-118.4146083,-192.9536084,-216.7609696,-282.4179849,-173.49922,-289.4155674
1.545,8.75E-12,9.09E-13,-118.6085684,-193.1427909,-217.2409751,-282.3565275,-173.9750553,-289.3360992
1.546,-2.07E-11,-5.68E-13,-117.9332619,-193.5456572,-216.8717428,-282.5239296,-173.6130145,-289.4965156
1.547,-8.19E-12,-1.42E-12,-117.3789107,-193.8877266,-216.6428806,-282.6439235,-173.4042998,-289.6220357
1.548,1.46E-11,3.41E-13,-117.3268622,-194.0994668,-216.934067,-282.6435545,-173.7284229,-289.6414139
1.549,9.09E-12,8.24E-13,-117.0518721,-194.3540521,-217.0158827,-282.693798,-173.8583038,-289.7261117
1.55,-6.71E-12,1.02E-12,-116.7002989,-194.6262418,-217.0318531,-282.7670926,-173.9384652,-289.8491751
1.551,1.22E-11,-3.13E-13,-116.2803395,-194.9143628,-216.9873428,-282.8594443,-173.9752683,-290.0072183
1.552,3.07E-12,-2.64E-12,-115.8659916,-195.2020733,-216.9535167,-282.9521905,-174.0439451,-290.1821392
1.553,-2.96E-12,-1.14E-12,-115.495394,-195.4813196,-216.9656806,-283.0349569,-174.1733441,-290.3602018
1.554,1.36E-12,1.71E-13,-114.9916798,-195.8035261,-216.8441351,-283.1568467,-174.1797228,-290.5864861
1.555,2.25E-11,2.39E-12,-114.4931935,-196.1288755,-216.7243919,-283.2757221,-174.1945499,-290.8148307
1.556,-4.55E-12,1.42E-12,-114.0909236,-196.4272869,-216.693766,-283.3597282,-174.3010976,-291.0093577
1.557,8.75E-12,-1.73E-12,-113.6709418,-196.7821988,-216.6396976,-283.4933322,-174.3827628,-291.2505105
1.558,5.57E-12,3.07E-12,-113.1817672,-197.1595238,-216.5138597,-283.6453335,-174.3848534,-291.5019354
1.559,-1.65E-11,-5.68E-13,-112.6825495,-197.5516296,-216.3738975,-283.8085583,-174.3633079,-291.7537339
1.56,9.09E-12,1.68E-12,-112.2301945,-197.9219442,-216.2770828,-283.9474275,-174.3718209,-291.9670674
1.561,1.44E-11,3.04E-12,-111.7772996,-198.3013474,-216.1763788,-284.0938138,-174.3597784,-292.1705492
1.562,1.27E-11,-3.38E-12,-111.2543678,-198.7311845,-216.0026546,-284.2900557,-174.2544723,-292.4032585
1.563,-1.93E-12,2.59E-12,-110.7377427,-199.1510176,-215.8326197,-284.4767082,-174.1297211,-292.6019024
1.564,-9.44E-12,8.53E-13,-110.1908962,-199.5783467,-215.630112,-284.6722641,-173.9510126,-292.787812
1.565,2.50E-12,-4.60E-12,-109.4554624,-200.0414695,-215.2371315,-284.9060144,-173.5629678,-292.9926741
1.566,4.43E-12,-1.14E-13,-108.6470715,-200.5028661,-214.7676662,-285.1405818,-173.0821955,-293.1815079
1.567,4.89E-12,-4.55E-13,-108.5288169,-200.8318103,-214.9857108,-285.245172,-173.2753109,-293.225915
1.568,7.05E-12,-7.11E-13,-107.9549211,-201.2688939,-214.7472712,-285.4604212,-172.9985591,-293.3689153
1.569,2.15E-11,3.75E-12,-107.2474988,-201.7363664,-214.372205,-285.7106307,-172.5760773,-293.5351864
1.57,-5.68E-13,1.11E-12,-106.5961595,-202.184049,-214.0497615,-285.9475687,-172.1994973,-293.6769774
1.571,-5.68E-13,2.10E-12,-105.8819821,-202.6532049,-213.6606594,-286.2144457,-171.7519204,-293.8379797
1.572,9.21E-12,1.14E-13,-105.3048192,-203.0977044,-213.4043912,-286.467079,-171.4352217,-293.9744915
1.573,6.48E-12,7.67E-13,-104.6175383,-203.5687308,-213.0334638,-286.7585994,-171.004291,-294.1401242
1.574,-6.25E-12,-1.99E-13,-103.7954239,-204.0390713,-212.5228018,-287.063741,-170.4364353,-294.310093
1.575,1.82E-12,1.05E-12,-102.9762035,-204.5304624,-212.0097723,-287.4061876,-169.8714045,-294.5085625
1.576,-5.91E-12,-1.31E-12,-102.133596,-204.9989467,-211.4659,-287.741548,-169.2831057,-294.6916222
1.577,6.03E-12,9.38E-13,-101.5177291,-205.4615821,-211.1435022,-288.0894214,-168.9262391,-294.8793524
1.578,2.16E-12,-2.16E-12,-100.9037833,-205.9099127,-210.8192785,-288.4422233,-168.5782132,-295.0642055
1.579,9.44E-12,-1.68E-12,-100.1919848,-206.3787428,-210.3913899,-288.8298781,-168.141482,-295.281894
1.58,-1.71E-12,-3.98E-13,-99.42953609,-206.8619818,-209.9065145,-289.2414836,-167.6654761,-295.5272357
1.581,7.28E-12,-1.42E-13,-98.72337609,-207.3548766,-209.4710666,-289.6674753,-167.2610595,-295.7986516
1.582,3.18E-12,3.27E-12,-98.00191116,-207.8541748,-209.0129281,-290.0997892,-166.8517274,-296.0876254
1.583,-2.23E-11,9.95E-13,-97.22146904,-208.3510023,-208.4879024,-290.5247398,-166.3906056,-296.3818222
1.584,1.02E-11,-2.10E-12,-96.40083259,-208.8634388,-207.9142477,-290.9555951,-165.8932749,-296.6958606
1.585,-7.96E-12,-4.41E-12,-95.60361572,-209.3795509,-207.3545931,-291.3742523,-165.4196867,-297.0129885
1.586,-9.78E-12,-5.68E-14,-94.78455868,-209.9306689,-206.764951,-291.8111712,-164.9231759,-297.365016
1.587,2.27E-12,-1.82E-12,-93.93488096,-210.5100062,-206.1371233,-292.2581153,-164.392867,-297.7450575
1.588,-3.75E-12,2.90E-12,-93.11313257,-211.0544785,-205.5333405,-292.6528387,-163.8852146,-298.0899296
1.589,-3.41E-12,-1.14E-12,-92.21825262,-211.6274345,-204.8505953,-293.0620807,-163.2970626,-298.4628821
1.59,4.89E-12,-1.48E-12,-91.30443226,-212.2325892,-204.1437517,-293.494841,-162.680507,-298.8675309
1.591,-1.84E-11,-3.10E-12,-90.4592874,-212.8080507,-203.5010987,-293.8945122,-162.1210684,-299.2418851
1.592,9.55E-12,4.83E-13,-89.39978607,-213.4026676,-202.6402772,-294.3152276,-161.3336197,-299.6346942
1.593,-5.57E-12,2.84E-13,-88.5953869,-213.9762996,-202.031419,-294.7221315,-160.7855242,-300.0057191
1.594,-1.27E-11,-1.08E-12,-87.53961192,-214.5523593,-201.168719,-295.143921,-159.9682088,-300.378273
1.595,-1.34E-11,1.56E-12,-86.6100537,-215.1174644,-200.4290491,-295.5702193,-159.2561121,-300.7367903
1.596,-1.05E-11,-2.84E-12,-85.38613471,-215.6927128,-199.3906672,-296.0266868,-158.2287799,-301.1048616
1.597,-6.25E-12,6.54E-13,-84.57446009,-216.2152198,-198.7574195,-296.4532052,-157.5916463,-301.4201018
1.598,1.36E-12,-3.41E-13,-83.07866653,-216.8427167,-197.4326611,-297.0101642,-156.2471772,-301.8407415
1.599,1.65E-11,-9.66E-13,-82.3541486,-217.3006551,-196.8692463,-297.4207981,-155.6495963,-302.0927319
1.6,2.05E-12,-4.77E-12,-81.31612768,-217.8393777,-195.9823171,-297.9329686,-154.7129539,-302.4269151
1.601,1.08E-11,-1.73E-12,-80.2731521,-218.3674531,-195.0803426,-298.4527639,-153.7446275,-302.7523591
1.602,1.55E-11,-1.99E-13,-78.99522254,-218.9029884,-193.9332442,-298.9958102,-152.513447,-303.0876704
1.603,-1.76E-11,-1.22E-12,-77.91077115,-219.4284764,-192.9690822,-299.5406532,-151.4463809,-303.414375
1.604,4.21E-12,2.84E-13,-76.78941417,-219.9597147,-191.9590807,-300.1034127,-150.3135618,-303.7515729
1.605,7.39E-12,-1.71E-13,-75.63569132,-220.4853911,-190.9087613,-300.6719103,-149.1194195,-304.0900656
1.606,2.05E-12,-3.10E-12,-74.49188155,-220.9949657,-189.861385,-301.2347402,-147.9061234,-304.4214276
1.607,1.14E-11,2.25E-12,-73.35620172,-221.4949366,-188.819126,-301.7968725,-146.6717807,-304.7542707
1.608,-7.50E-12,-2.84E-13,-72.08832777,-221.9844925,-187.6348799,-302.3596372,-145.2759576,-305.0898977
1.609,-7.16E-12,2.30E-12,-70.99502335,-222.4456989,-186.6111027,-302.9065226,-144.025308,-305.4124882
1.61,1.02E-12,-1.65E-12,-69.81813578,-222.9178458,-185.4853339,-303.4782412,-142.6615696,-305.763446
1.611,-4.77E-12,4.63E-12,-68.97012463,-223.285559,-184.6659254,-303.9586199,-141.5972924,-306.0272894
1.612,-1.48E-12,4.55E-13,-67.54568944,-223.7973083,-183.2453339,-304.5971332,-139.9291312,-306.4541842
1.613,1.09E-11,-5.68E-13,-66.40834421,-224.2145211,-182.0844915,-305.1546112,-138.5222162,-306.8056518
1.614,-2.27E-13,9.09E-13,-65.22614722,-224.6164627,-180.8488747,-305.7097215,-137.0462218,-307.1610511
1.615,3.07E-12,4.83E-13,-64.03802762,-225.0074293,-179.5748308,-306.2661631,-135.5416935,-307.5247725
1.616,6.14E-12,-2.42E-12,-62.83698656,-225.3834476,-178.2555845,-306.8222974,-134.0032486,-307.8929362
1.617,-3.07E-12,5.68E-13,-61.69025282,-225.7340685,-176.9591289,-307.3644256,-132.4997321,-308.2551872
1.618,-9.78E-12,-3.52E-12,-60.51487719,-226.0770975,-175.6064878,-307.9098385,-130.949811,-308.6294247
1.619,9.32E-12,-1.73E-12,-59.40981293,-226.405182,-174.2998769,-308.4482393,-129.4533441,-309.00596
1.62,9.66E-12,-2.47E-12,-58.1849571,-226.7421254,-172.8534603,-309.0047558,-127.8221388,-309.4105292
1.621,-1.32E-11,-3.61E-12,-56.93962318,-227.0670331,-171.3693531,-309.5575426,-126.1559535,-309.821895
1.622,-1.71E-11,4.41E-12,-55.61413363,-227.3983675,-169.7906794,-310.1241113,-124.3955555,-310.2581773
1.623,-5.00E-12,-3.13E-13,-54.51147076,-227.6844559,-168.423223,-310.6518384,-122.8443719,-310.6673608
1.624,1.67E-11,1.51E-12,-53.23617087,-227.9729135,-166.874322,-311.1873883,-121.1073839,-311.0967181
1.625,2.50E-12,-1.68E-12,-52.12396903,-228.2565766,-165.4845708,-311.7235153,-119.5207714,-311.538743
1.626,1.13E-11,-8.53E-13,-50.81240294,-228.545375,-163.8842512,-312.2719991,-117.722517,-312.0030226
1.627,-7.16E-12,4.15E-12,-49.57904787,-228.8015653,-162.3458026,-312.7978162,-115.9906408,-312.4514709
1.628,-3.75E-12,-9.09E-13,-48.35810507,-229.083359,-160.7985108,-313.3596058,-114.2600091,-312.9396648
1.629,-1.43E-11,1.02E-12,-47.10637214,-229.3293867,-159.1938487,-313.9033582,-112.4876756,-313.4105319
1.63,-2.67E-11,-1.39E-12,-45.88604407,-229.6006872,-157.5883406,-314.4952636,-110.7357451,-313.9272002
1.631,-1.01E-11,1.53E-12,-44.53788323,-229.8684162,-155.8170779,-315.1116296,-108.8448898,-314.4629147
1.632,-1.53E-11,-2.33E-12,-43.47797818,-230.0798609,-154.2904786,-315.7048949,-107.231108,-314.9670516
1.633,3.87E-12,-2.19E-12,-42.1814079,-230.2843189,-152.4779508,-316.3295089,-105.3693888,-315.4909979
1.634,4.55E-12,-8.53E-14,-41.02822196,-230.513399,-150.7575719,-317.0222583,-103.6396913,-316.0684516
1.635,7.62E-12,-4.21E-12,-39.85629906,-230.707475,-148.9683996,-317.718224,-101.8798043,-316.6418755
1.636,-5.57E-12,-2.84E-14,-38.61163607,-230.8746111,-147.0622547,-318.4181931,-100.0366614,-317.2194842
1.637,2.96E-12,1.36E-12,-37.45129258,-231.0570369,-145.2014329,-319.1590903,-98.26767079,-317.8456296
1.638,-2.39E-12,-1.56E-12,-36.26639878,-231.2204583,-143.282966,-319.8987593,-96.46497685,-318.4855825
1.639,-1.71E-11,-1.85E-12,-34.8963154,-231.3739325,-141.1521162,-320.6383949,-94.46895456,-319.1479652
1.64,4.55E-13,-1.42E-13,-33.83018156,-231.4937985,-139.3039243,-321.3464742,-92.76975727,-319.8086818
1.641,8.75E-12,4.58E-12,-32.71736304,-231.609923,-137.3936575,-322.0450016,-91.01776498,-320.497164
1.642,-1.63E-11,4.26E-13,-31.51728419,-231.7221956,-135.3883036,-322.7302445,-89.17341625,-321.2128664
1.643,5.12E-12,-1.14E-13,-29.8902152,-231.9185296,-132.9432311,-323.4890289,-86.89799553,-322.0432674
1.644,1.59E-11,8.53E-14,-29.06386094,-231.9050423,-131.2831504,-324.0304401,-85.42022188,-322.6940495
1.645,-8.07E-12,-2.19E-12,-27.92357268,-232.0002465,-129.2914025,-324.6735304,-83.62744455,-323.4808621
1.646,-3.52E-12,-1.82E-12,-26.78848541,-232.0738154,-127.282885,-325.2969896,-81.83856987,-324.2789918
1.647,-8.07E-12,5.68E-14,-25.61876794,-232.1388785,-125.2139934,-325.9204221,-80.01400177,-325.1046402
1.648,-4.21E-12,-8.24E-13,-24.44101835,-232.1946549,-123.1075525,-326.5495222,-78.18053201,-325.9628699
1.649,4.55E-13,-3.01E-12,-23.29681084,-232.2326892,-121.0013629,-327.1823095,-76.3739913,-326.8373068
1.65,-1.66E-11,-2.84E-12,-22.15953029,-232.2386954,-118.8650362,-327.8109731,-74.56256319,-327.7086174
1.651,-1.96E-11,2.61E-12,-21.03252935,-232.2149635,-116.6981048,-328.4464419,-72.74439902,-328.5740451
1.652,8.41E-12,-6.54E-13,-19.88628765,-232.1749597,-114.471648,-329.0983073,-70.88505429,-329.4397132
1.653,5.91E-12,-8.81E-13,-18.77727887,-232.1120668,-112.2441041,-329.7551023,-69.03663644,-330.2889216
1.654,7.28E-12,-2.61E-12,-17.66883857,-232.0229136,-109.9809424,-330.4059237,-67.15828418,-331.1055337
1.655,1.81E-11,-4.09E-12,-16.58800561,-231.9241184,-107.7113356,-331.0598574,-65.27283954,-331.8934024
1.656,-8.75E-12,9.38E-13,-15.51343139,-231.8206361,-105.4160688,-331.714326,-63.35475708,-332.6447171
1.657,-3.75E-12,-1.08E-12,-14.42058415,-231.7212422,-103.0727441,-332.3705728,-61.37650863,-333.3593203
1.658,1.25E-12,1.42E-12,-13.38989637,-231.6176538,-100.7639277,-333.0127826,-59.42034339,-334.0237324
1.659,5.00E-12,-2.10E-12,-12.35831295,-231.5255985,-98.43081874,-333.6517902,-57.42646617,-334.6516188
1.66,7.05E-12,-3.98E-13,-11.30744384,-231.4533973,-96.0513936,-334.2878749,-55.38135846,-335.2487476
1.661,-1.14E-13,1.79E-12,-10.67152163,-231.3043468,-94.05382317,-334.8303264,-53.71898967,-335.7285487
1.662,-1.93E-11,-1.42E-12,-9.333930975,-231.3437351,-91.31657988,-335.5497125,-51.32363078,-336.3657303
1.663,7.05E-12,-2.27E-13,-8.317339514,-231.2740641,-88.85741913,-336.1538152,-49.21883574,-336.8722144
1.664,-1.31E-11,1.28E-12,-7.342590464,-231.1908419,-86.3922719,-336.7434224,-47.12633411,-337.3529291
1.665,2.05E-12,2.56E-13,-6.39907326,-231.0853988,-83.90561539,-337.315144,-45.03640165,-337.8086248
1.666,4.66E-12,2.27E-12,-5.482511561,-230.9627067,-81.38826103,-337.8792319,-42.94564833,-338.2536935
1.667,-5.68E-13,1.39E-12,-4.513811997,-230.8345321,-78.7590077,-338.4536136,-40.77923991,-338.7102842
1.668,3.30E-12,1.51E-12,-3.634078575,-230.6460945,-76.16980554,-338.9764423,-38.67766831,-339.1172506
1.669,-2.27E-12,1.42E-13,-2.776660354,-230.4250527,-73.56851917,-339.4683451,-36.5787386,-339.4960543
1.67,5.00E-12,2.84E-13,-1.878801925,-230.2218495,-70.90690876,-339.9727333,-34.42415141,-339.8909412
1.671,-9.32E-12,1.36E-12,-0.982952835,-230.0370325,-68.24193942,-340.4831228,-32.26081232,-340.2962616
1.672,3.07E-12,9.09E-13,-0.179696198,-229.7666625,-65.67870982,-340.8885427,-30.18376046,-340.6018791
1.673,-2.61E-12,7.67E-13,0.602884019,-229.5161184,-63.1598195,-341.2873406,-28.12553583,-340.9069756
1.674,-6.82E-13,-9.38E-13,1.499311201,-229.304869,-60.56246321,-341.6951946,-25.95607107,-341.2248226
1.675,-9.21E-12,-1.71E-13,2.308254714,-229.0930109,-58.08479049,-342.0612753,-23.88049481,-341.5079395
1.676,1.82E-12,-1.71E-12,3.194280388,-228.8599988,-55.550214,-342.3691571,-21.73116826,-341.7410174
1.677,-3.41E-13,2.36E-12,4.08677348,-228.6362467,-53.01690125,-342.6517947,-19.57516977,-341.9591867
1.678,-1.30E-11,1.14E-13,4.713795924,-228.3611343,-50.74434307,-342.8511082,-17.67958396,-342.1058154
1.679,-9.89E-12,1.31E-12,5.843642012,-228.20391,-47.95179794,-343.1388865,-15.27152216,-342.3548456
1.68,3.75E-12,-3.41E-13,6.61656835,-227.9498168,-45.48656201,-343.3029131,-13.20613346,-342.4962137
1.681,6.14E-12,3.18E-12,7.510831351,-227.7215946,-42.85793163,-343.4684683,-11.00056707,-342.6573528
1.682,9.09E-12,-1.02E-12,8.191773627,-227.4301565,-40.39008947,-343.5514971,-8.984886064,-342.7538696
1.683,-3.41E-13,1.02E-12,8.892942334,-227.1184261,-37.85327163,-343.6000243,-6.923789812,-342.8325347
1.684,-2.59E-11,-1.99E-12,9.618698712,-226.8006759,-35.25046819,-343.6244182,-4.811818001,-342.9000386
1.685,-5.68E-12,-3.47E-12,10.09122971,-226.4272151,-32.86946331,-343.5696233,-2.928304469,-342.8976479
1.686,8.75E-12,-3.07E-12,10.72867222,-226.0939347,-30.30209126,-343.5261659,-0.853838803,-342.9131332
1.687,-7.16E-12,4.83E-13,11.51800066,-225.7612773,-27.57134875,-343.4491235,1.392535565,-342.8959802
1.688,-2.73E-12,-3.72E-12,12.13293139,-225.4216711,-25.01349058,-343.3255597,3.479229805,-342.8300228
1.689,1.25E-12,2.96E-12,12.97277774,-225.1811647,-22.23917453,-343.2561582,5.800252075,-342.8127148
1.69,1.34E-11,1.56E-12,13.48219787,-224.8684088,-19.81175174,-343.0661154,7.794126358,-342.6654316
1.691,-6.48E-12,-1.56E-12,14.01432975,-224.6342544,-17.37744996,-342.9091216,9.809529693,-342.5475469
1.692,1.00E-11,-1.71E-13,14.57867859,-224.4022503,-14.92638235,-342.7130217,11.85003092,-342.3919232
1.693,-6.14E-12,-1.25E-12,15.14551974,-224.1191085,-12.48789194,-342.4288244,13.879969,-342.1545867
1.694,5.00E-12,7.11E-13,15.75946904,-223.8982454,-10.01698126,-342.1742419,15.93802338,-341.9582674
1.695,-1.17E-11,-2.93E-12,16.44965553,-223.6494351,-7.484139652,-341.8633447,18.04512595,-341.7284514
1.696,8.75E-12,-3.69E-13,16.9454655,-223.346647,-5.159599193,-341.4743987,19.93430414,-341.442019
1.697,-9.09E-12,-2.07E-12,17.5146557,-223.0519009,-2.77522151,-341.0737199,21.87552876,-341.1693698
1.698,-1.16E-11,-4.26E-13,18.19435109,-222.7040229,-0.290408722,-340.6045857,23.90837309,-340.8548224
1.699,-6.03E-12,5.12E-13,18.90635402,-222.3704533,2.217300045,-340.1287258,25.96395456,-340.5583032
1.7,6.25E-12,6.82E-13,19.45421913,-221.9613518,4.555107151,-339.5512012,27.85566569,-340.1793119
1.701,-8.87E-12,-1.05E-12,20.00264021,-221.622606,6.89135411,-339.0128009,29.75803817,-339.8530767
1.702,1.23E-11,1.99E-13,20.49804957,-221.2336954,9.176120981,-338.3879061,31.6273422,-339.4484174
1.703,8.98E-12,-1.71E-13,21.472529,-220.9253887,11.94513727,-337.8021869,34.00549746,-339.085443
1.704,-2.50E-12,-2.80E-12,21.82289256,-220.5540403,14.09886476,-337.106899,35.7991559,-338.6098482
1.705,-3.07E-12,9.81E-13,22.23764698,-220.200332,16.32778492,-336.3787901,37.70379454,-338.0939564
1.706,-9.09E-12,4.83E-13,23.0722202,-219.9730726,18.98480502,-335.7361514,40.06105748,-337.6572245
1.707,-4.43E-12,2.42E-13,23.28724637,-219.6407654,21.02296433,-334.9513776,41.81366547,-337.0819124
1.708,3.87E-12,4.55E-13,23.96540861,-219.4228494,23.51775348,-334.2489958,44.02638823,-336.601216
1.709,1.03E-11,1.72E-12,24.37608556,-219.169126,25.73135863,-333.4838952,45.950691,-336.0786933
1.71,2.03E-11,1.12E-12,24.87422132,-218.9142706,28.0115314,-332.695839,47.9236045,-335.5627765
1.711,-7.73E-12,9.66E-13,25.60224231,-218.7349059,30.49350573,-331.9665379,50.06964177,-335.143845
1.712,-4.89E-12,-1.35E-12,25.93298833,-218.4789284,32.54292895,-331.1489761,51.7437292,-334.683552
1.713,-3.07E-12,-3.48E-12,26.34748901,-218.1806561,34.63375553,-330.2822768,53.40910037,-334.2296895
1.714,6.71E-12,4.97E-13,27.18569295,-218.0007816,37.11060871,-329.5249162,55.40540107,-333.9468566
1.715,5.68E-12,-1.15E-12,27.47592675,-217.6963322,39.00360396,-328.6307391,56.77495742,-333.5752738
1.716,1.48E-12,1.62E-12,27.84036056,-217.3661364,40.93899086,-327.6970865,58.16085282,-333.1958058
1.717,-2.84E-12,5.40E-13,28.38065946,-217.1340348,43.02251389,-326.8463114,59.68566554,-332.9143298
1.718,-7.05E-12,-3.85E-12,28.94493528,-216.8591473,45.10636434,-325.9360461,61.2184207,-332.5720021
1.719,1.26E-11,5.68E-13,29.85227068,-216.6830873,47.51370426,-325.1064164,63.09911418,-332.2924725
1.72,6.93E-12,-1.05E-12,29.75994454,-216.2880756,48.90589196,-324.0381556,64.00593811,-331.7399983
1.721,-1.21E-11,-9.24E-13,30.27933511,-216.024092,50.89745419,-323.0798783,65.57025302,-331.2467179
1.722,-4.09E-12,-2.73E-12,31.24338153,-215.8845736,53.31722911,-322.2288311,67.6377309,-330.7934023
1.723,2.27E-12,2.15E-12,31.09802336,-215.4811433,54.60855263,-321.1034891,68.663038,-329.9834112
1.724,-2.84E-12,-3.55E-13,31.48103187,-215.2061103,56.40131959,-320.0975747,70.27275164,-329.221169
1.725,6.14E-12,5.26E-13,31.99664187,-214.9472998,58.29415042,-319.1046581,72.05758349,-328.4126618
1.726,-1.03E-11,3.69E-13,32.8045971,-214.7899901,60.4411744,-318.2157628,74.16375412,-327.6613292
1.727,-2.41E-11,-3.38E-12,32.6978421,-214.3913973,61.62972165,-317.0938499,75.37068491,-326.6425482
1.728,-4.89E-12,-1.88E-12,33.31499081,-214.1097879,63.49279169,-316.1029309,77.30346663,-325.7327465
1.729,-6.82E-13,7.11E-14,33.26464365,-213.6712859,64.63337052,-314.9748751,78.55717654,-324.6762091
1.73,-1.08E-11,-1.08E-12,34.24744713,-213.5403241,66.74654538,-314.1802039,80.81899314,-323.9558738
1.731,9.55E-12,-4.12E-13,34.73858992,-213.2075569,68.31081623,-313.2113574,82.56093957,-323.0735268
1.732,4.43E-12,-5.12E-13,35.18452423,-212.8488918,69.77752611,-312.2451741,84.22763985,-322.2001371
1.733,1.93E-12,2.43E-12,35.62477775,-212.4712426,71.19117801,-311.2872108,85.85758265,-321.3355249
1.734,-7.96E-12,1.66E-12,36.16425775,-212.1504923,72.6638619,-310.4114934,87.55463621,-320.5484797
1.735,3.52E-12,4.69E-13,36.69353388,-211.7516666,74.0933301,-309.4811906,89.20833116,-319.6969336
1.736,-1.14E-11,-1.26E-12,37.11350172,-211.341032,75.38766088,-308.5607115,90.71852403,-318.8400593
1.737,-5.12E-12,-2.42E-12,37.63047795,-210.9513327,76.76035364,-307.6809434,92.2904925,-318.0035075
1.738,3.52E-12,3.55E-13,38.19564242,-210.5621314,78.16977089,-306.819592,93.87437737,-317.1597472
1.739,2.16E-12,9.24E-13,38.69651391,-210.161318,79.51061412,-305.9626897,95.35665842,-316.2895748
1.74,3.87E-12,-2.27E-13,38.6723526,-209.6067094,80.32784397,-304.9677875,96.27982516,-315.2457589
1.741,5.80E-12,-2.12E-12,38.97795854,-209.1500989,81.47964619,-304.0843179,97.49558218,-314.2824284
1.742,1.19E-11,3.40E-12,40.09188629,-208.9212835,83.43736123,-303.4360839,99.48538529,-313.5323642
1.743,2.84E-12,1.01E-12,40.50700912,-208.497119,84.68832415,-302.5946974,100.745009,-312.5754062
1.744,6.25E-12,-7.11E-13,41.02935197,-208.1138927,86.03302171,-301.7912014,102.0833795,-311.6508253
1.745,1.82E-12,5.06E-12,41.49826663,-207.6783665,87.30526748,-300.9271139,103.3427498,-310.6683677
1.746,-5.68E-13,1.62E-12,41.92414928,-207.2376173,88.50991944,-300.0442679,104.5364173,-309.6780942
1.747,1.41E-11,1.80E-12,42.40647765,-206.8182228,89.74091714,-299.1639968,105.766761,-308.7095665
1.748,3.41E-12,-8.95E-13,42.89578358,-206.4076865,90.9432542,-298.2685601,106.9872139,-307.7532719
1.749,8.75E-12,3.20E-12,43.33901951,-205.974911,92.05814217,-297.3214837,108.1474271,-306.7809644
1.75,1.82E-11,-7.82E-13,43.80634026,-205.5401179,93.1588807,-296.3421698,109.3239105,-305.8200683
1.751,5.57E-12,-2.70E-13,44.28333719,-205.1180216,94.23130404,-295.3536363,110.5035459,-304.8847819
1.752,1.00E-11,8.10E-13,44.7695557,-204.690747,95.27968627,-294.3482915,111.6850648,-303.9596624
1.753,-4.55E-12,4.97E-13,45.2984626,-204.252633,96.34222291,-293.3307573,112.9011202,-303.041481
1.754,7.05E-12,2.98E-13,45.80057744,-203.7975973,97.35416219,-292.3052348,114.0814178,-302.1265879
1.755,6.14E-12,-2.67E-12,46.33999703,-203.3513558,98.38432962,-291.3077231,115.2892407,-301.243131
1.756,-1.74E-11,-2.27E-12,46.82459026,-202.8709524,99.34532275,-290.3055491,116.4316437,-300.3505866
1.757,3.52E-12,-4.41E-13,47.36272416,-202.383942,100.3502857,-289.3366019,117.6162285,-299.4789927
1.758,5.57E-12,-2.12E-12,47.83039868,-201.8552302,101.2811713,-288.3640746,118.7175908,-298.5879674
1.759,-3.07E-12,-5.49E-12,48.35041465,-201.3416455,102.2594626,-287.4385493,119.857691,-297.7283777
1.76,-8.30E-12,-3.69E-13,48.90572602,-200.843425,103.2694313,-286.549827,121.0186428,-296.8944991
1.761,2.16E-11,-3.65E-12,49.408463,-200.3366297,104.2245253,-285.6635325,122.1128483,-296.0556341
1.762,6.71E-12,6.68E-13,49.94463244,-199.8572978,105.2120695,-284.8052677,123.2286138,-295.2402047
1.763,8.30E-12,1.28E-13,50.42790416,-199.3584942,106.1470515,-283.9176616,124.2828349,-294.3926026
1.764,1.17E-11,2.63E-12,50.90909236,-198.8914039,107.0816032,-283.0414627,125.3295518,-293.5553396
1.765,1.10E-11,-4.12E-13,51.38444398,-198.4715586,108.0125815,-282.1831822,126.3675295,-292.7366895
1.766,7.50E-12,3.08E-12,51.90731916,-198.0705022,108.9932535,-281.3135359,127.451943,-291.9091311
1.767,0,1.42E-14,52.36044477,-197.6807457,109.9069224,-280.4262371,128.4664682,-291.0676593
1.768,-1.93E-12,2.91E-12,52.80558796,-197.2887394,110.8110479,-279.5149022,129.4738211,-290.2012087
1.769,3.18E-12,-4.80E-12,53.3141107,-196.9171003,111.7742191,-278.6092853,130.5463126,-289.3348802
1.77,-6.48E-12,-4.05E-12,53.78754742,-196.5606137,112.6951974,-277.7113093,131.586426,-288.4659431
1.771,-2.30E-11,-6.27E-12,54.24369181,-196.1731397,113.5890034,-276.7819716,132.612904,-287.5507416
1.772,-5.80E-12,-1.71E-12,54.70334525,-195.7867808,114.4736656,-275.8605122,133.6509714,-286.6234965
1.773,-1.48E-12,2.54E-12,55.13645422,-195.3911783,115.3163575,-274.9437096,134.6628562,-285.6838252
1.774,-5.80E-12,-8.95E-13,55.58733207,-194.9499938,116.1586195,-274.0023629,135.6892419,-284.7057954
1.775,1.05E-11,-9.24E-13,56.04974755,-194.4966918,116.9914472,-273.0770741,136.7202676,-283.733278
1.776,1.33E-11,1.56E-12,56.50497311,-194.0141349,117.7956503,-272.1576578,137.7338097,-282.759556
1.777,-1.18E-11,4.55E-13,56.93483652,-193.5033759,118.5534282,-271.2410875,138.7097046,-281.785475
1.778,-2.96E-12,2.36E-12,57.39404312,-192.9696825,119.3230194,-270.3288283,139.7011173,-280.8158955
1.779,2.05E-11,-3.27E-12,57.83486538,-192.4136409,120.0602292,-269.4176631,140.6587802,-279.8509963
1.78,4.09E-12,-2.94E-12,58.28682907,-191.8778669,120.7981165,-268.5464047,141.6106789,-278.9329858
1.781,1.25E-12,-1.31E-12,58.70756966,-191.2832891,121.4978496,-267.6321787,142.5140385,-277.980286
1.782,-1.59E-12,-1.04E-12,59.16501963,-190.7513323,122.2308942,-266.7926071,143.438728,-277.1070251
1.783,-5.91E-12,2.27E-13,59.57073044,-190.1789222,122.9123346,-265.9208123,144.2996625,-276.2004063
1.784,-2.05E-12,1.92E-12,60.02978711,-189.6547188,123.6507888,-265.1016514,145.2052904,-275.3393675
1.785,1.30E-11,7.67E-13,60.42601342,-189.1037074,124.3339784,-264.2531364,146.0427991,-274.4391716
1.786,-9.09E-13,-5.44E-12,60.82552994,-188.6077734,125.0256851,-263.4534076,146.8806529,-273.5741853
1.787,-7.84E-12,3.41E-13,61.20300627,-188.1123565,125.6984203,-262.6460762,147.695549,-272.6876602
1.788,1.06E-11,1.18E-12,61.63201447,-187.6444367,126.4228524,-261.8580499,148.5623421,-271.8061442
1.789,8.53E-12,7.53E-13,61.99504212,-187.1907878,127.0785656,-261.0760306,149.3648025,-270.9159796
1.79,-9.78E-12,-3.13E-13,62.31543463,-186.7040861,127.6860019,-260.2526224,150.127558,-269.9694107
1.791,1.27E-11,4.41E-13,62.70591366,-186.2634946,128.3549795,-259.4669162,150.9652698,-269.0442116
1.792,8.87E-12,-7.12E-12,63.09071503,-185.8122339,129.0068308,-258.6620606,151.7969569,-268.0936347
1.793,-8.30E-12,-3.28E-12,63.41236246,-185.341431,129.581176,-257.8291105,152.5607638,-267.1179136
1.794,3.18E-12,4.69E-13,63.79351457,-184.8844771,130.1996379,-257.0005399,153.37497,-266.1595462
1.795,-3.07E-12,-3.25E-12,64.17387842,-184.4197854,130.8011274,-256.1611016,154.1749034,-265.2060521
1.796,-7.50E-12,-4.26E-13,64.49142193,-183.9143924,131.3245631,-255.2837517,154.8941528,-264.2335748
1.797,-3.75E-12,-2.63E-12,64.93762606,-183.4039499,131.962071,-254.4110944,155.7195144,-263.2879053
1.798,6.48E-12,-1.49E-12,65.26045551,-182.8840854,132.4644769,-253.5361817,156.3964839,-262.3652829
1.799,5.68E-12,2.46E-12,65.61370207,-182.3502112,132.9879476,-252.6533712,157.0758985,-261.4632524
1.8,1.59E-11,1.42E-14,66.01052213,-181.8073472,133.5480147,-251.7666285,157.7697024,-260.5871857
1.801,7.39E-12,1.26E-12,66.32644075,-181.2527592,134.0225782,-250.8721647,158.3563172,-259.7277041
1.802,-9.55E-12,-2.56E-13,66.70594267,-180.6848612,134.5584981,-249.9673394,158.9848359,-258.8751594
1.803,-1.27E-11,-5.17E-12,67.08771074,-180.1378614,135.0968322,-249.0853063,159.5985492,-258.0556976
1.804,-1.24E-11,-8.10E-13,67.44984796,-179.5855127,135.619377,-248.1973022,160.1801681,-257.2350092
1.805,9.55E-12,2.43E-12,67.80696975,-179.0309608,136.1391648,-247.3044988,160.7489161,-256.4081777
1.806,3.41E-13,-3.50E-12,68.19128206,-178.4893949,136.6881303,-246.4196808,161.34134,-255.5833804
1.807,1.16E-11,-1.21E-12,68.50988904,-177.9486899,137.1741037,-245.5303195,161.869882,-254.7434812
1.808,-1.22E-11,-2.15E-12,68.86921832,-177.416803,137.70402,-244.6444093,162.4460894,-253.891867
1.809,-4.32E-12,-1.04E-12,69.25812081,-176.9001151,138.2672379,-243.7683681,163.0646571,-253.0293869
1.81,-4.66E-12,-1.17E-12,69.51622025,-176.3840128,138.7038885,-242.88762,163.5632307,-252.1465642
1.811,-1.39E-11,4.69E-13,69.89175473,-175.8765576,139.2627174,-242.0102633,164.1889964,-251.255515
1.812,-4.89E-12,2.56E-12,70.30793936,-175.3932815,139.8674473,-241.1518673,164.8641175,-250.3758266
1.813,-9.09E-13,-3.84E-12,70.4983659,-174.8926506,140.2521774,-240.2709354,165.3211337,-249.47002
1.814,-7.05E-12,2.54E-12,70.86108765,-174.4103458,140.8154686,-239.4031855,165.9570465,-248.5778312
1.815,-1.14E-11,-4.83E-13,71.24278212,-173.9595515,141.4052982,-238.5597982,166.6174815,-247.7164996
1.816,1.75E-11,2.56E-12,71.41037811,-173.4724567,141.7865837,-237.6789235,167.0666283,-246.8247122
1.817,-1.03E-11,-5.71E-12,71.71314824,-173.0070426,142.3088314,-236.8174815,167.6524595,-245.9622446
1.818,2.08E-11,2.20E-12,71.97525386,-172.5623588,142.7948427,-235.9760517,168.1969878,-245.1304451
1.819,4.66E-12,-4.08E-12,72.22979134,-172.1002019,143.2763541,-235.1179603,168.732443,-244.291471
1.82,-3.98E-12,-9.81E-13,72.48474427,-171.6485269,143.7599892,-234.2726919,169.2668166,-243.4720397
1.821,-1.15E-11,1.69E-12,72.74618665,-171.2058934,144.2504621,-233.4403358,169.8061909,-242.6694732
1.822,7.96E-12,2.25E-12,72.96516667,-170.7530041,144.697461,-232.6031244,170.301622,-241.8632365
1.823,1.50E-11,1.49E-12,73.20990107,-170.2893742,145.1678426,-231.7621024,170.8213347,-241.0516069
1.824,-2.05E-12,-1.07E-12,73.41450796,-169.845232,145.5943653,-230.949028,171.2994554,-240.2635752
1.825,0,7.25E-13,73.65958003,-169.3917282,146.0562616,-230.1365812,171.8165847,-239.4690543
1.826,-1.23E-11,-4.18E-12,73.92846586,-168.9502003,146.5355204,-229.3476295,172.3560793,-238.6881441
1.827,1.00E-11,1.98E-12,74.10869569,-168.4983517,146.9183117,-228.5614058,172.8054776,-237.8973102
1.828,7.28E-12,-1.62E-12,74.31445201,-168.0225718,147.3194771,-227.7646275,173.2792519,-237.0825365
1.829,-1.02E-11,-1.07E-12,74.54729679,-167.5716491,147.7386704,-227.0053346,173.7814099,-236.2880102
1.83,-7.62E-12,2.37E-12,74.76201771,-167.1166535,148.1308995,-226.2527761,174.2635101,-235.4870086
1.831,-4.55E-13,2.56E-13,74.98924603,-166.6701077,148.5270158,-225.5176534,174.7551326,-234.6922891
1.832,1.39E-11,-2.88E-12,75.18242058,-166.2021106,148.8806782,-224.7682444,175.2086648,-233.8741852
1.833,-1.03E-11,-2.12E-12,75.40162348,-165.7327972,149.2521888,-224.0228631,175.6831375,-233.0530666
1.834,1.35E-11,-2.32E-12,75.64021068,-165.2829421,149.6351239,-223.3004629,176.1708554,-232.2499428
1.835,-1.59E-11,-4.63E-12,75.84561563,-164.8160527,149.9771369,-222.5627301,176.6182006,-231.4285554
1.836,-4.55E-12,2.46E-12,76.06837918,-164.3735072,150.3289888,-221.8492219,177.0746625,-230.6305178
1.837,-3.98E-12,-1.99E-13,76.29477853,-163.9290243,150.6771769,-221.1318358,177.5254672,-229.8297831
1.838,1.61E-11,1.63E-12,76.50338907,-163.4788043,151.0004968,-220.404951,177.9481385,-229.0227863
1.839,-2.61E-12,-2.88E-12,76.74110611,-163.0357767,151.3455694,-219.6820717,178.3880262,-228.2250873
1.84,9.32E-12,4.26E-13,76.95809944,-162.5900825,151.6647849,-218.9492059,178.7969113,-227.4239576
1.841,-3.41E-12,2.81E-12,77.14803601,-162.1605956,151.9531142,-218.2259333,179.1701147,-226.6399023
1.842,-1.55E-11,-1.61E-12,77.43443835,-161.7332709,152.3356988,-217.4980212,179.6336167,-225.8593058
1.843,5.91E-12,-4.26E-13,77.57389014,-161.3092811,152.5707416,-216.7664546,179.9464583,-225.0837701
1.844,1.14E-13,1.22E-12,77.77557708,-160.8774263,152.869047,-216.0198461,180.320283,-224.3025247
1.845,-1.59E-12,4.73E-12,77.97903525,-160.4796155,153.1717704,-215.2999171,180.6970843,-223.5579082
1.846,-4.09E-12,-1.25E-12,78.13736844,-160.0640832,153.4336343,-214.5547145,181.0324237,-222.7985846
1.847,3.41E-13,-1.08E-12,78.31888422,-159.649131,153.7245655,-213.8023523,181.3970662,-222.0432849
1.848,-1.02E-11,-1.58E-12,78.4875627,-159.2534518,154.010163,-213.0613359,181.7574496,-221.3111313
1.849,1.21E-11,-2.70E-13,78.65139209,-158.8548234,154.300034,-212.3092553,182.1240195,-220.5803311
1.85,6.93E-12,2.84E-13,78.7813984,-158.4576822,154.5659107,-211.5507162,182.4688355,-219.8571737
1.851,-1.06E-11,1.36E-12,78.8896091,-158.052233,154.8187754,-210.7770912,182.80492,-219.1307593
1.852,-5.34E-12,-1.56E-12,79.03886828,-157.6751367,155.1193022,-210.026753,183.1945052,-218.4383267
1.853,1.10E-11,5.26E-13,79.11249335,-157.2937386,155.3486383,-209.2687584,183.5215504,-217.7452083
1.854,-6.25E-12,2.71E-12,79.21196024,-156.8936927,155.6060894,-208.4904731,183.8836294,-217.0386803
1.855,-1.23E-11,2.97E-12,79.28328113,-156.5134613,155.8354978,-207.7320711,184.2240401,-216.3560695
1.856,-2.16E-12,-9.09E-13,79.39625343,-156.1422257,156.1044906,-206.9844453,184.6098657,-215.6854217
1.857,7.39E-12,-2.57E-12,79.49604556,-155.7536411,156.3560662,-206.2229625,184.9835603,-214.9992564
1.858,1.32E-11,4.26E-12,79.5766422,-155.3826337,156.5820392,-205.4842607,185.3363942,-214.3313644
1.859,-9.09E-13,-5.23E-12,79.67922691,-155.004054,156.8214229,-204.7449018,185.7068367,-213.6554606
1.86,4.43E-12,-3.84E-13,79.77290819,-154.635919,157.0411557,-204.0246147,186.0612819,-212.9884265
1.861,1.46E-11,3.69E-13,79.88802587,-154.2596065,157.2693979,-203.3081921,186.427346,-212.3122076
1.862,8.41E-12,-2.44E-12,79.98873122,-153.8788269,157.4730962,-202.5939469,186.7700481,-211.625761
1.863,1.48E-12,2.27E-13,80.10436528,-153.519984,157.6826008,-201.9085685,187.1195985,-210.952234
1.864,4.77E-12,8.53E-14,80.21269838,-153.1362639,157.8781488,-201.202018,187.4546367,-210.2415562
1.865,3.64E-12,4.69E-13,80.30643387,-152.8157704,158.0549101,-200.5591739,187.7692996,-209.577216
1.866,-7.62E-12,1.72E-12,80.4317614,-152.4826425,158.2615412,-199.90095,188.1114122,-208.8839898
1.867,3.41E-12,-3.41E-13,80.53271129,-152.16421,158.4445391,-199.251451,188.4272727,-208.1885975
1.868,-1.14E-12,-3.10E-12,80.64547608,-151.8587299,158.642563,-198.6057088,188.7553416,-207.4886864
1.869,2.61E-12,-2.42E-13,80.70865771,-151.5521457,158.7959058,-197.9486211,189.0357126,-206.7717695
1.87,1.36E-12,-1.32E-12,80.81473963,-151.2795982,158.9977106,-197.3142289,189.3613303,-206.0745034
1.871,-5.00E-12,-2.84E-14,80.86672954,-150.9987812,159.1509763,-196.6613437,189.6349945,-205.3583149
1.872,-1.44E-11,-1.58E-12,80.91732294,-150.7543815,159.3083894,-196.0357701,189.9091929,-204.6716238
1.873,9.66E-12,8.53E-14,80.98223525,-150.4885113,159.4856564,-195.3807377,190.1994332,-203.9602753
1.874,1.93E-12,9.09E-13,81.03152623,-150.2507257,159.6528281,-194.7469194,190.4755673,-203.2775576
1.875,-1.36E-12,-2.20E-12,81.0689051,-150.0077178,159.8138977,-194.1016086,190.7410966,-202.5938966
1.876,4.77E-12,1.25E-12,81.11129931,-149.7701603,159.9843072,-193.4584919,191.0127408,-201.9236983
1.877,4.32E-12,-3.41E-12,81.15861698,-149.5240405,160.1629613,-192.8058357,191.2922787,-201.2538547
1.878,5.80E-12,6.96E-13,81.18960073,-149.2752486,160.3275993,-192.1518096,191.5551355,-200.5949269
1.879,6.82E-13,3.71E-12,81.22930824,-149.0205778,160.5011073,-191.4976617,191.8238488,-199.9478389
1.88,-2.96E-12,-2.43E-12,81.26440879,-148.7642359,160.6713082,-190.8435542,192.0858929,-199.3124286
1.881,-9.09E-12,2.15E-12,81.29130278,-148.4933387,160.8344973,-190.1744074,192.3372142,-198.673292
1.882,7.96E-12,-2.15E-12,81.3214382,-148.2257939,161.0020174,-189.5059334,192.5888072,-198.0458171
1.883,-1.51E-11,-1.82E-12,81.36967048,-147.9594955,161.188619,-188.8338307,192.8550735,-197.4253781
1.884,2.61E-12,1.07E-12,81.32512872,-147.691343,161.283326,-188.1528031,193.0246883,-196.8063547
1.885,4.55E-12,7.82E-13,81.37409476,-147.4478418,161.4723152,-187.4871606,193.2834799,-196.2127325
1.886,1.50E-11,1.05E-12,81.38971871,-147.2148708,161.6300853,-186.819123,193.5041446,-195.6278706
1.887,6.82E-12,-2.06E-12,81.39443179,-146.9887515,161.7777369,-186.1455214,193.7086598,-195.0455707
1.888,-3.41E-13,6.25E-13,81.40358041,-146.7705673,161.9305317,-185.4667401,193.9119182,-194.4643966
1.889,-7.62E-12,-3.03E-12,81.39713046,-146.5490783,162.0683507,-184.77084,194.0934319,-193.8705884
1.89,-1.36E-12,1.24E-12,81.3693138,-146.3748171,162.1855149,-184.1091025,194.2471529,-193.313607
1.891,6.93E-12,3.11E-12,81.3164164,-146.1954572,162.2776523,-183.4306439,194.3683402,-192.7407481
1.892,-6.71E-12,-1.63E-12,81.33620537,-146.0439704,162.441996,-182.7714948,194.5543828,-192.1851009
1.893,4.66E-12,-9.24E-13,81.29534605,-145.8939948,162.5446774,-182.108352,194.672186,-191.6235135
1.894,-3.30E-12,1.71E-12,81.25225805,-145.7284193,162.6435822,-181.4271637,194.7809014,-191.0405333
1.895,8.07E-12,-5.97E-13,81.24342198,-145.6209889,162.7746571,-180.8047334,194.9177416,-190.5115635
1.896,-6.82E-12,-2.33E-12,81.22364373,-145.5003174,162.892174,-180.172734,195.0382443,-189.9668764
1.897,-7.50E-12,1.53E-12,81.21965377,-145.3653024,163.0223295,-179.5331218,195.169872,-189.4070277
1.898,-2.05E-12,1.90E-12,81.09496294,-145.2399392,163.0281004,-178.9129513,195.1768673,-188.8576713
1.899,-2.73E-12,-2.22E-12,81.07868204,-145.1382315,163.1380637,-178.3292848,195.2890731,-188.334469
1.9,4.09E-12,-1.58E-12,81.06885464,-145.0395598,163.2509473,-177.7619019,195.4052649,-187.8184597
1.901,-4.66E-12,-5.61E-12,80.99638523,-144.908609,163.2967742,-177.1794234,195.4563263,-187.2780266
1.902,4.55E-12,-1.12E-12,80.90472014,-144.8128273,163.321939,-176.6413898,195.488205,-186.7754391
1.903,-8.87E-12,-1.75E-12,80.87825414,-144.7237981,163.4130232,-176.1136231,195.5870356,-186.2792477
1.904,9.21E-12,2.57E-12,80.79546123,-144.6203323,163.4506874,-175.5691729,195.6330318,-185.7652309
1.905,9.66E-12,1.63E-12,80.69232478,-144.5416852,163.4731017,-175.0415329,195.6639169,-185.2696113
1.906,5.91E-12,-3.27E-13,80.61957513,-144.500311,163.5331831,-174.537396,195.7321611,-184.8018103
1.907,-1.14E-12,3.41E-13,80.53476485,-144.4501851,163.590671,-174.0049762,195.7970566,-184.3127707
1.908,-9.32E-12,-1.22E-12,80.41849706,-144.4290064,163.6283551,-173.4762109,195.8409464,-183.8371588
1.909,4.55E-12,3.00E-12,80.31116353,-144.4562634,163.6893104,-172.9638673,195.9083399,-183.3880341
1.91,-1.07E-11,-2.70E-13,80.22382642,-144.5050777,163.7830083,-172.4411487,196.0079925,-182.9390675
1.911,-5.91E-12,-2.06E-12,80.07304248,-144.5642874,163.8240009,-171.8991376,196.0556153,-182.4796409
1.912,-5.23E-12,-5.97E-13,79.99488731,-144.6808093,163.9453408,-171.3878031,196.1854205,-182.0580227
1.913,-2.84E-12,2.15E-12,79.78543149,-144.8059424,163.9393387,-170.8641073,196.1908776,-181.6294743
1.914,-1.22E-11,-2.42E-13,79.65587207,-144.9519382,164.0134316,-170.3459643,196.2805829,-181.210209
1.915,-1.25E-12,-1.66E-12,79.49005282,-145.132775,164.0477033,-169.8530151,196.3357795,-180.8181672
1.916,-5.57E-12,-9.95E-14,79.26761214,-145.3193593,164.0180322,-169.361829,196.3335047,-180.4282176
1.917,1.36E-12,9.38E-13,79.24571218,-145.5345798,164.1778204,-168.9009575,196.5283201,-180.0672107
1.918,-3.98E-12,-6.68E-13,78.97518036,-145.7481307,164.0741354,-168.4457576,196.4684521,-179.7088031
1.919,2.27E-13,-8.10E-13,78.80383353,-145.96979,164.0518832,-168.0095213,196.4991169,-179.3667347
1.92,-9.78E-12,-2.94E-12,78.6574794,-146.1987465,164.0357073,-167.5956995,196.5435212,-179.0441565
1.921,-1.26E-11,3.15E-12,78.47189135,-146.4358804,163.9608567,-167.2067028,196.5345844,-178.7449935
1.922,1.74E-11,5.12E-13,78.3271452,-146.6600738,163.9108573,-166.8183697,196.5535026,-178.4465991
1.923,6.54E-12,-2.25E-12,78.16015144,-146.8926415,163.8258593,-166.4488215,196.5380959,-178.1686096
1.924,3.81E-12,-1.14E-12,78.00298471,-147.1536325,163.7411769,-166.1149141,196.5213489,-177.9293953
1.925,-1.08E-12,-2.81E-12,77.81222976,-147.3998534,163.6166342,-165.7702605,196.4607559,-177.6840844
1.926,2.50E-12,1.14E-13,77.63310811,-147.6535079,163.5006926,-165.4338714,196.4024482,-177.4532021
1.927,-1.64E-11,3.98E-13,77.42298689,-147.9367275,163.3539586,-165.124685,196.3047027,-177.2572013
1.928,5.68E-12,2.27E-13,77.22963648,-148.2445558,163.2274422,-164.8345512,196.2176012,-177.0876947
1.929,-3.18E-12,7.96E-13,77.01326564,-148.5683807,163.0830359,-164.5533749,196.1010647,-176.9357896
1.93,-3.69E-12,-4.26E-13,76.76787532,-148.9087679,162.9132991,-164.2798823,195.9510256,-176.7963858
1.931,5.63E-12,5.12E-13,76.6672482,-149.2873976,162.8894111,-164.0347661,195.941504,-176.6872656
1.932,-1.71E-12,5.68E-13,76.3473863,-149.6744736,162.6447708,-163.7872424,195.7087396,-176.5747348
1.933,-3.64E-12,-5.68E-13,76.08790235,-150.1016082,162.4563874,-163.5679356,195.5325823,-176.4865076
1.934,2.39E-12,-1.85E-12,75.91471912,-150.5576201,162.3475805,-163.3646765,195.4391925,-176.4075046
1.935,6.37E-12,7.11E-13,75.6795543,-151.026315,162.1674644,-163.1602832,195.2805252,-176.3176334
1.936,-1.40E-11,1.22E-12,75.43689069,-151.5478905,161.9679187,-162.9939655,195.1113008,-176.2531938
1.937,6.14E-12,2.67E-12,75.1357886,-152.1003138,161.6954003,-162.8427028,194.880817,-176.1882548
1.938,-1.36E-12,-6.25E-13,74.88702021,-152.650385,161.4592085,-162.6729399,194.6998089,-176.0887019
1.939,2.84E-12,-5.68E-14,74.62645739,-153.2374993,161.1973409,-162.5297558,194.5062639,-175.9934468
1.94,6.31E-12,-3.15E-12,74.4996424,-153.888797,161.0580317,-162.4479392,194.447347,-175.9326647
1.941,-1.41E-11,1.08E-12,74.14622255,-154.5110455,160.6836204,-162.3419057,194.1643287,-175.8161583
1.942,-1.08E-12,7.67E-13,73.88284323,-155.1762068,160.3934441,-162.2912659,193.9775154,-175.7161082
1.943,-7.84E-12,-1.65E-12,73.65405887,-155.8577039,160.1347495,-162.277091,193.827962,-175.6171543
1.944,5.74E-12,1.14E-13,73.39099119,-156.5166572,159.8413502,-162.2681498,193.6452921,-175.4891027
1.945,3.47E-12,4.55E-13,73.11159483,-157.1980498,159.5345122,-162.3146024,193.4459621,-175.385622
1.946,4.89E-12,2.76E-12,72.87815563,-157.8757879,159.2752989,-162.3938449,193.2907598,-175.289304
1.947,-3.41E-12,1.68E-12,72.55916309,-158.5344576,158.9316895,-162.4913941,193.0466766,-175.1934205
1.948,4.21E-12,2.61E-12,72.26221138,-159.1486502,158.6097667,-162.5820904,192.8188074,-175.0805674
1.949,5.68E-13,1.73E-12,71.94021532,-159.7680018,158.2648998,-162.7064887,192.5615337,-174.9990545
1.95,1.48E-12,1.51E-12,71.73310625,-160.3858603,158.0389613,-162.8481025,192.4157401,-174.9401508
1.951,1.82E-11,-1.39E-12,71.42686816,-160.9907003,157.7198764,-162.9855718,192.1683643,-174.8902515
1.952,-7.79E-12,-8.53E-14,71.09402277,-161.609636,157.3821081,-163.1361765,191.8928814,-174.8743916
1.953,-5.12E-13,-3.55E-12,70.78787605,-162.2356714,157.0809037,-163.2830864,191.6435507,-174.883496
1.954,2.05E-12,-2.67E-12,70.45055165,-162.9183356,156.760328,-163.4659958,191.3634495,-174.9650144
1.955,5.63E-12,-1.19E-12,70.07508633,-163.5731702,156.4166817,-163.5913799,191.046568,-175.0324096
1.956,3.58E-12,2.42E-12,69.74262495,-164.2713779,156.1320486,-163.7304643,190.7762331,-175.151749
1.957,-3.64E-12,1.96E-12,69.30536541,-164.9976365,155.7592735,-163.8672164,190.4065466,-175.300174
1.958,-4.55E-12,-2.33E-12,68.84298589,-165.7704174,155.3747115,-164.0300963,190.0162018,-175.4962538
1.959,-6.88E-12,-5.97E-13,68.32010426,-166.5636846,154.938045,-164.203171,189.5672188,-175.7141644
1.96,-3.07E-12,-1.36E-12,67.8441113,-167.38598,154.5517289,-164.4050853,189.1643906,-175.9626599
1.961,1.25E-11,-1.14E-12,67.360128,-168.2294411,154.1559487,-164.6380798,188.7502406,-176.2340899
1.962,1.22E-11,0,66.84860973,-169.1039157,153.726224,-164.9221051,188.3026264,-176.538514
1.963,-6.88E-12,1.39E-12,66.36234044,-169.9715276,153.3104031,-165.2293881,187.8717343,-176.8382682
1.964,5.91E-12,-1.45E-12,65.83761211,-170.8416351,152.8415364,-165.5760678,187.3912584,-177.1429229
1.965,4.83E-12,1.19E-12,65.37397103,-171.7369699,152.4154834,-165.9888648,186.9594319,-177.4764196
1.966,-3.52E-12,-1.53E-12,64.88398122,-172.6426547,151.9487106,-166.442983,186.4933656,-177.8144699
1.967,-6.59E-12,1.17E-12,64.35289824,-173.5415002,151.4316324,-166.9127365,185.9867929,-178.1307422
1.968,6.42E-12,3.04E-12,63.89278215,-174.4831016,150.9814675,-167.4392236,185.5525878,-178.4743132
1.969,9.32E-12,-2.19E-12,63.38364177,-175.4211494,150.4833836,-167.967638,185.0739393,-178.7969913
1.97,2.27E-13,1.42E-12,62.66160256,-176.3948946,149.7786649,-168.5287338,184.3901532,-179.1361453
1.971,4.38E-12,-1.71E-12,62.21267942,-177.4182541,149.3585752,-169.1257097,183.9904247,-179.5038102
1.972,2.56E-12,-5.97E-13,61.65527393,-178.4979874,148.8446614,-169.7625274,183.4963356,-179.9048634
1.973,-4.32E-12,2.22E-12,61.06143778,-179.5958362,148.3116152,-170.3935229,182.9825745,-180.2968942
1.974,-6.42E-12,-1.56E-12,60.44983566,-180.7166513,147.7745816,-171.0368691,182.4642831,-180.7013285
1.975,-3.41E-13,3.44E-12,59.65531757,-181.856466,147.064017,-171.7010865,181.7719147,-181.1299401
1.976,4.04E-12,-2.73E-12,59.09085223,-183.004833,146.5884966,-172.3882152,181.3140411,-181.5880219
1.977,-3.75E-12,-4.83E-13,58.45051899,-184.1518089,146.0377061,-173.1007989,180.7803451,-182.0813711
1.978,3.13E-12,1.48E-12,57.74536224,-185.2568558,145.4182965,-173.8107871,180.1774741,-182.5851901
1.979,3.98E-13,6.82E-13,56.92453286,-186.3103664,144.6766437,-174.519815,179.4501823,-183.1056118
1.98,2.96E-12,-1.05E-12,56.3754668,-187.3822835,144.1951706,-175.312882,178.9815089,-183.7283196
1.981,-7.67E-12,0,55.6517627,-188.3439384,143.5206701,-176.0709059,178.3175355,-184.3354301
1.982,-1.08E-11,-2.64E-12,54.91103306,-189.2590948,142.8142293,-176.8504674,177.6208043,-184.9804392
1.983,1.19E-11,-1.14E-12,54.24398777,-190.1685719,142.1674165,-177.6812206,176.9825287,-185.6941948
1.984,-5.68E-13,1.71E-12,53.41900072,-191.0013094,141.3494639,-178.4809403,176.1733912,-186.3924373
1.985,-9.21E-12,0,52.78321423,-191.8863183,140.7083721,-179.3674724,175.5428431,-187.1909779
1.986,-1.19E-12,-6.25E-13,51.92887673,-192.7120127,139.8372479,-180.2180659,174.6854416,-187.965031
1.987,2.56E-12,2.33E-12,51.35975711,-193.6377306,139.2407183,-181.1808936,174.1072644,-188.8607348
1.988,-1.02E-12,1.56E-12,51.4803967,-194.6924151,139.3265536,-182.2722151,174.2151616,-189.8938329
1.989,-2.56E-12,-4.41E-12,49.81000433,-195.4810003,137.6146003,-183.0875081,172.5306509,-190.6560596
1.99,-7.39E-12,4.09E-12,48.92308997,-196.435694,136.6826627,-184.04953,171.6310606,-191.5685471
1.991,5.68E-12,-5.68E-14,48.17962458,-197.4838626,135.8882151,-185.0963599,170.8733891,-192.5677493
1.992,-5.29E-12,-3.69E-13,47.4758924,-198.5673765,135.1251039,-186.1835225,170.151007,-193.6075656
1.993,7.79E-12,1.17E-12,46.83858274,-199.6502121,134.4175807,-187.2886485,169.4876898,-194.6640012
1.994,1.65E-12,-1.68E-12,45.9894044,-200.7158962,133.4849165,-188.408919,168.604715,-195.730781
1.995,1.02E-11,6.82E-13,45.17676848,-201.7820338,132.5730847,-189.5755931,167.7414289,-196.8387291
1.996,-3.35E-12,-1.99E-13,44.40940373,-202.8143191,131.6892491,-190.766037,166.8998699,-197.9643794
1.997,3.47E-12,1.25E-12,43.94800827,-203.8691911,131.0870068,-192.0538265,166.3340461,-199.1750112
1.998,-2.90E-12,2.25E-12,43.2783142,-204.8450719,130.2456195,-193.3526504,165.5229995,-200.3798866
1.999,-8.24E-12,-7.67E-13,42.23490576,-205.6792742,128.9954054,-194.611093,164.2968283,-201.5231631
2,-9.55E-12,5.68E-13,41.49764744,-206.5125577,128.0216018,-195.9685988,163.3405501,-202.7398589
2.001,6.14E-12,-1.14E-13,40.79351714,-207.297198,127.0580172,-197.3733725,162.3877537,-203.973752
2.002,-1.59E-12,-9.09E-13,40.07838807,-208.0459406,126.0673555,-198.8340888,161.4009232,-205.2290905
2.003,-1.27E-11,4.83E-13,39.34144509,-208.7521895,125.0484352,-200.3376662,160.3758544,-206.4907806
2.004,2.79E-12,5.97E-13,38.60300792,-209.4260324,124.0277604,-201.8857065,159.3449762,-207.7595763
2.005,1.31E-12,-7.96E-13,37.81226222,-210.0782822,122.9630306,-203.4784119,158.2628893,-209.0456892
2.006,2.10E-12,-5.40E-13,37.09457483,-210.7204732,121.9881263,-205.1167061,157.2647334,-210.3598128
2.007,-4.49E-12,-1.45E-12,36.29042609,-211.343346,120.9520414,-206.7807188,156.2007618,-211.6918465
2.008,4.72E-12,-1.71E-12,35.36979241,-211.9665588,119.8306569,-208.4762864,155.0481146,-213.0573964
2.009,3.35E-12,2.44E-12,34.450148,-212.5794912,118.7342373,-210.194036,153.9183154,-214.4568592
2.01,-1.19E-12,1.34E-12,33.24511869,-213.1394893,117.3662931,-211.8886992,152.5161339,-215.8547361
2.011,1.24E-11,-2.84E-14,32.39887223,-213.7488521,116.3608769,-213.6599598,151.476882,-217.3604809
2.012,3.47E-12,-8.81E-13,31.49459643,-214.3612087,115.2952925,-215.4587593,150.3748913,-218.9348777
2.013,-2.16E-12,2.27E-13,30.50412632,-214.9368538,114.1290653,-217.2503871,149.173141,-220.545376
2.014,-5.68E-14,2.73E-12,29.47113951,-215.4754464,112.8970501,-219.0394132,147.9064525,-222.1987898
2.015,-3.64E-12,-1.65E-12,28.42798664,-216.0117056,111.6227745,-220.8654672,146.6129776,-223.9598756
2.016,-1.14E-12,9.09E-13,27.48231734,-216.5490569,110.4076215,-222.7357339,145.3814308,-225.8086321
2.017,5.00E-12,3.41E-13,26.49758544,-217.0260748,109.1142655,-224.5922727,144.0730125,-227.6750643
2.018,-8.47E-12,1.19E-12,25.53860155,-217.5281325,107.8087231,-226.5237049,142.752265,-229.6357386
2.019,-8.07E-12,-7.96E-13,24.56053006,-217.9863971,106.4473644,-228.4644459,141.3740846,-231.6130154
2.02,-1.14E-13,5.97E-13,23.54694135,-218.4074607,105.0135117,-230.4252921,139.9217732,-233.6046804
2.021,1.35E-11,-1.39E-12,22.66679331,-218.8512125,103.6771411,-232.4647529,138.5640208,-235.6618158
2.022,-6.82E-13,-2.56E-13,21.77168404,-219.2386591,102.2914303,-234.4990652,137.1535511,-237.6936061
2.023,1.65E-12,1.02E-12,20.77574815,-219.6169956,100.7698345,-236.5781907,135.6033657,-239.7429604
2.024,3.35E-12,-5.97E-13,19.98694187,-219.9907198,99.42142117,-238.7053226,134.2220783,-241.8060194
2.025,1.21E-11,5.68E-14,18.97534053,-220.3183229,97.81737662,-240.8376475,132.5804215,-243.8329171
2.026,-2.96E-12,1.02E-12,18.56839279,-220.7339921,96.78626063,-243.1080484,131.4980186,-245.9298115
2.027,-2.39E-12,9.95E-13,17.37321133,-220.9851414,94.93816902,-245.2609701,129.5913883,-247.8740097
2.028,-1.71E-13,-1.42E-13,16.5193968,-221.2647048,93.39644526,-247.4936148,127.9936999,-249.8743594
2.029,-9.61E-12,8.53E-13,15.66985257,-221.5203942,91.81707215,-249.7527389,126.3694072,-251.8914586
2.03,-5.63E-12,-3.87E-12,14.78148915,-221.762287,90.1518526,-252.0518508,124.6787838,-253.9526564
2.031,7.79E-12,-2.30E-12,13.96783199,-221.9952788,88.50628254,-254.3960068,123.0357967,-256.0768507
2.032,1.10E-11,-1.25E-12,13.15218877,-222.1792977,86.79564007,-256.7452958,121.3641949,-258.2379715
2.033,7.62E-12,5.68E-13,12.29992271,-222.3885219,84.97725886,-259.1740569,119.6297829,-260.5241991
2.034,5.34E-12,1.17E-12,11.47825186,-222.5677416,83.11032742,-261.627241,117.9002201,-262.8943258
2.035,-5.12E-13,-1.51E-12,10.57099694,-222.7065667,81.08068556,-264.0963794,116.0597687,-265.3519633
2.036,-5.80E-12,-7.39E-13,10.27439621,-222.9453182,79.5919064,-266.7045459,114.8051082,-268.0514348
2.037,-1.08E-12,1.53E-12,9.191529381,-223.004639,77.264883,-269.1537523,112.7415058,-270.7261661
2.038,5.29E-12,6.54E-13,8.443789996,-223.1624789,75.23859509,-271.7062444,110.9880481,-273.6626824
2.039,-6.08E-12,-2.27E-13,7.708435535,-223.2847353,73.20929772,-274.2103631,109.1931008,-276.6464074
2.04,-3.98E-13,5.12E-13,6.978038648,-223.3998818,71.18856111,-276.6770256,107.3165362,-279.6157383
2.041,-6.99E-12,-1.28E-12,6.2161173,-223.5000211,69.15338666,-279.0913243,105.2891718,-282.4727013
2.042,-5.12E-13,1.68E-12,5.411452423,-223.5924626,67.09087166,-281.4651166,103.0670882,-285.1345293
2.043,1.48E-12,-1.90E-12,4.793747186,-223.6951953,65.22489929,-283.8281971,100.8472883,-287.5291354
2.044,5.57E-12,1.99E-12,4.095411085,-223.769033,63.28205907,-286.1531849,98.32948113,-289.5272563
2.045,2.39E-12,-2.22E-12,3.392810938,-223.8768617,61.33415607,-288.5124972,95.55859136,-291.0994274
2.046,1.39E-11,1.85E-12,2.654588056,-223.9665345,59.34259588,-290.8715663,92.6356747,-292.5209937
2.047,-6.99E-12,2.36E-12,1.962252895,-224.056532,57.38311868,-293.2640181,90.15732116,-294.9566104
2.048,0,-4.32E-12,1.293551246,-224.1321028,55.42622044,-295.6896968,87.7763663,-297.1989733
2.049,4.60E-12,-2.56E-12,0.650011933,-224.2211136,53.45703139,-298.1629092,85.41718688,-299.538553
2.05,-1.17E-11,-8.81E-13,-0.037283167,-224.3034159,51.38938605,-300.6468499,83.01214352,-302.0232543
2.051,-6.31E-12,-2.13E-12,-0.736843133,-224.3431387,49.23752794,-303.0889906,80.66036041,-304.2871645
2.052,3.07E-12,-1.25E-12,-1.423848348,-224.3719378,47.00902931,-305.5043298,78.28866382,-306.4298948
2.053,-3.98E-12,4.63E-12,-2.083885465,-224.3818505,44.70105614,-307.8682477,75.93170427,-308.5038423
2.054,-1.14E-11,1.82E-12,-2.751296075,-224.4076747,42.27092456,-310.2009315,73.8023675,-310.357104
2.055,-2.79E-12,-2.47E-12,-3.458304419,-224.3935868,39.70234199,-312.4350718,71.52121661,-312.3160423
2.056,3.01E-12,-6.54E-13,-4.185028905,-224.3956328,37.04195842,-314.6141217,69.24624656,-314.1919639
2.057,2.90E-12,1.45E-12,-4.853355833,-224.3918124,34.39465596,-316.7034879,67.0552852,-315.953816
2.058,-6.42E-12,2.84E-13,-5.557846052,-224.3606561,31.69264214,-318.6691079,64.85348581,-317.5710767
2.059,1.14E-12,-5.12E-13,-6.259846567,-224.3554515,29.0013384,-320.5516763,62.67921553,-319.0879811
2.06,4.21E-12,8.53E-13,-6.972409367,-224.3515645,26.32806994,-322.320407,60.51909373,-320.4754084
2.061,4.32E-12,-5.97E-13,-7.608912984,-224.3515803,23.75761556,-323.9722186,58.45503842,-321.7362202
2.062,1.32E-11,7.67E-13,-8.257830355,-224.3623846,21.19443828,-325.5141816,56.39508192,-322.8808062
2.063,2.16E-12,-2.76E-12,-8.948483199,-224.3861024,18.60257794,-326.9573764,54.30683332,-323.9235659
2.064,-5.12E-13,1.99E-12,-9.562459719,-224.4054603,16.09566478,-328.2925748,52.3074921,-324.8585903
2.065,-2.50E-12,-3.10E-12,-10.12528727,-224.4426204,13.64338985,-329.5499843,50.3703186,-325.7194059
2.066,5.68E-14,-1.88E-12,-10.69230401,-224.4749268,11.18563342,-330.7149941,48.43876234,-326.4947213
2.067,1.82E-12,5.68E-14,-11.34162419,-224.4806355,8.639499651,-331.7739057,46.43349674,-327.1741569
2.068,-4.38E-12,-1.59E-12,-11.86885208,-224.4960119,6.206041152,-332.7711372,44.55770522,-327.8053425
2.069,5.51E-12,4.55E-13,-12.40389791,-224.4917553,3.756557257,-333.6824128,42.68026522,-328.3703419
2.07,-6.76E-12,-1.19E-12,-13.02588297,-224.453203,1.214638457,-334.4975025,40.72084315,-328.8658568
2.071,1.25E-12,1.56E-12,-13.56350247,-224.422738,-1.244760287,-335.2618232,38.85046988,-329.3442362
2.072,2.79E-12,2.07E-12,-14.07150201,-224.3691,-3.6743178,-335.9443965,37.0125425,-329.7814337
2.073,4.83E-12,-6.54E-13,-14.6832005,-224.3006834,-6.20420519,-336.55211,35.07335707,-330.1918501
2.074,2.61E-12,1.05E-12,-15.18986072,-224.2330605,-8.622537449,-337.0990288,33.24292922,-330.591265
2.075,-1.16E-11,-1.76E-12,-15.69777852,-224.1303519,-11.03142404,-337.5507009,31.41663689,-330.9442455
2.076,1.02E-12,2.96E-12,-16.26600495,-224.0392809,-13.49316375,-337.9510793,29.53710284,-331.2979609
2.077,-2.73E-12,1.90E-12,-16.81078697,-223.9216792,-15.92303027,-338.2629944,27.68975394,-331.6146893
2.078,7.56E-12,6.25E-13,-17.31275949,-223.8183168,-18.3017146,-338.5288127,25.89459976,-331.9362448
2.079,-5.97E-12,-8.24E-13,-17.89835706,-223.686721,-20.75556005,-338.7102175,24.02599754,-332.2237584
2.08,3.69E-12,-3.15E-12,-18.41755493,-223.5639935,-23.13521184,-338.8480735,22.23400264,-332.5175424
2.081,-6.03E-12,2.10E-12,-18.95384652,-223.4546198,-25.52483329,-338.9506293,20.43515229,-332.8252932
2.082,-2.22E-12,-2.84E-13,-19.53787104,-223.2925305,-27.95573359,-338.9555787,18.59883789,-333.0841521
2.083,4.43E-12,1.65E-12,-20.09186248,-223.1584495,-30.35081664,-338.9474086,16.80285607,-333.3780538
2.084,1.89E-11,-1.71E-12,-20.65085323,-223.0334047,-32.74578478,-338.91091,15.01220507,-333.6912369
2.085,-6.25E-12,8.10E-13,-21.26880307,-222.8809773,-35.19675599,-338.8193474,13.17096361,-333.9948711
2.086,7.96E-12,1.02E-12,-21.83866159,-222.7474472,-37.5975851,-338.7117584,11.38592084,-334.324791
2.087,5.23E-12,-3.15E-12,-22.37180203,-222.6157548,-39.9630208,-338.5745712,9.642531481,-334.661769
2.088,3.30E-12,-1.44E-12,-22.97117311,-222.4636059,-42.39921284,-338.3878378,7.834849231,-334.9802009
2.089,-4.66E-12,2.02E-12,-23.48851968,-222.3121588,-44.76110705,-338.1750629,6.108131651,-335.2979354
2.09,1.71E-11,-2.27E-13,-24.0760958,-222.1483974,-47.20415852,-337.9255767,4.307127107,-335.5986468
2.091,1.08E-12,9.09E-13,-24.62946218,-221.9824885,-49.62712895,-337.6518924,2.533277298,-335.889192
2.092,-5.68E-13,9.52E-13,-25.18204951,-221.7949408,-52.06665005,-337.3368649,0.750153955,-336.1467701
2.093,1.99E-12,-3.01E-12,-25.76325417,-221.5763689,-54.55531919,-336.9734551,-1.074636884,-336.3586859
2.094,2.22E-12,-1.93E-12,-26.27654918,-221.3777738,-56.99878784,-336.6144032,-2.84654325,-336.5720235
2.095,5.74E-12,3.52E-12,-26.82156367,-221.1871653,-59.49833273,-336.2506717,-4.66574743,-336.768215
2.096,9.21E-12,-3.13E-13,-27.34891905,-220.9519474,-61.99184139,-335.8212023,-6.482122135,-336.8867731
2.097,8.92E-12,6.82E-13,-27.85850501,-220.76546,-64.46693512,-335.4168657,-8.297291988,-337.0225621
2.098,-4.49E-12,1.46E-12,-28.4489893,-220.5703977,-67.01001323,-334.977887,-10.20353832,-337.1028139
2.099,-1.13E-11,1.44E-12,-28.94177269,-220.3860193,-69.43020811,-334.521056,-12.01909304,-337.1440507
2.1,1.07E-11,4.26E-14,-29.49215397,-220.231496,-71.87055016,-334.0630743,-13.89608605,-337.1627069
2.101,-6.25E-12,0,-30.01954628,-220.0941819,-74.23818408,-333.5888269,-15.75076163,-337.1433999
2.102,-3.07E-12,7.11E-13,-30.54890155,-219.9814299,-76.54718025,-333.1049435,-17.60628966,-337.0924919
2.103,-1.44E-11,-1.85E-13,-31.13240675,-219.8696886,-78.84225419,-332.5988258,-19.51214553,-336.9941431
2.104,1.02E-11,-2.44E-12,-31.66165668,-219.7982147,-81.01862431,-332.1110155,-21.35817465,-336.8967627
2.105,1.78E-11,7.67E-13,-32.2450367,-219.7224275,-83.19261529,-331.6033061,-23.25101298,-336.7649229
2.106,-7.05E-12,4.36E-12,-32.87919235,-219.6208264,-85.36881199,-331.0605713,-25.18555662,-336.5862755
2.107,-1.48E-12,1.88E-12,-33.43333362,-219.541904,-87.42436372,-330.5376779,-27.0292662,-336.4184659
2.108,3.64E-12,-9.38E-13,-34.11398182,-219.4153212,-89.57373114,-329.970661,-28.98905914,-336.2044761
2.109,0,2.20E-12,-34.77383701,-219.2871507,-91.67755361,-329.4119676,-30.91305123,-335.9922801
2.11,1.34E-11,-2.36E-12,-35.44681049,-219.115813,-93.77711489,-328.82795,-32.8327447,-335.7475449
2.111,-5.57E-12,-2.67E-12,-36.1233708,-218.9121485,-95.85916133,-328.2319652,-34.73673192,-335.4855912
2.112,4.43E-12,2.36E-12,-36.82100091,-218.6941981,-97.93923716,-327.6403193,-36.64339686,-335.2213645
2.113,8.41E-12,2.00E-12,-37.55777036,-218.4434588,-100.0340754,-327.0299274,-38.57231232,-334.9304196
2.114,-2.84E-12,3.13E-13,-38.25518752,-218.1445794,-102.063848,-326.3808566,-40.44648993,-334.5914631
2.115,9.55E-12,1.45E-12,-39.04183263,-217.8507543,-104.1557985,-325.7417192,-42.39601317,-334.251747
2.116,6.48E-12,-1.02E-12,-39.77931118,-217.5643921,-106.170196,-325.1103419,-44.28399079,-333.9077375
2.117,3.41E-13,9.52E-13,-40.55536572,-217.2408672,-108.1934466,-324.4375173,-46.19966859,-333.508867
2.118,1.93E-12,-7.82E-13,-41.29345462,-216.9433123,-110.147672,-323.7817963,-48.06982901,-333.1121465
2.119,2.50E-12,-1.53E-12,-42.0466337,-216.6596187,-112.084238,-323.1286396,-49.94804046,-332.702387
2.12,8.41E-12,-2.84E-14,-42.80831702,-216.3733175,-113.9972777,-322.4591722,-51.82655231,-332.2657554
2.121,8.53E-12,1.99E-12,-43.52641737,-216.1064051,-115.8344826,-321.7953806,-53.65057766,-331.8275854
2.122,4.66E-12,1.79E-12,-44.26006814,-215.8295292,-117.6547653,-321.107903,-55.47655017,-331.3618623
2.123,5.91E-12,2.36E-12,-44.99482329,-215.591682,-119.4434586,-320.4457218,-57.28732409,-330.9209155
2.124,-2.27E-12,-3.03E-12,-45.80806264,-215.2977638,-121.2777211,-319.7137277,-59.15757954,-330.412983
2.125,1.09E-11,-1.71E-13,-46.57828442,-215.0460152,-123.0358302,-319.0101517,-60.96311502,-329.9396427
2.126,-2.96E-12,-5.54E-13,-47.3888619,-214.7826856,-124.800938,-318.2812334,-62.78460408,-329.4504815
2.127,-6.59E-12,1.59E-12,-48.22302232,-214.5156913,-126.5574959,-317.5369561,-64.60401953,-328.9588298
2.128,6.14E-12,4.26E-13,-49.05061331,-214.2684657,-128.2823363,-316.7987718,-66.39321943,-328.4888599
2.129,-4.09E-12,9.81E-13,-49.96025083,-213.9843509,-130.0615836,-316.0151229,-68.24275468,-327.9818338
2.13,6.48E-12,-5.26E-13,-50.81752789,-213.7456585,-131.7613386,-315.2743427,-70.01971808,-327.5187948
2.131,3.18E-12,7.82E-13,-51.69022841,-213.4341182,-133.4498933,-314.4641828,-71.79339337,-326.9802049
2.132,-5.57E-12,-2.15E-12,-52.58125575,-213.1716543,-135.1306589,-313.7125891,-73.56818369,-326.4867201
2.133,-8.07E-12,-2.93E-12,-53.5230703,-212.857344,-136.8366035,-312.9246607,-75.37804927,-325.93615
2.134,-1.09E-11,1.22E-12,-54.38608091,-212.5879414,-138.438644,-312.2031734,-77.09489873,-325.4239806
2.135,5.12E-12,-2.42E-13,-55.30577968,-212.2432076,-140.0727803,-311.4339102,-78.85572399,-324.8287049
2.136,-1.02E-12,5.97E-13,-56.21046015,-211.9513304,-141.6687789,-310.7489145,-80.58978928,-324.276576
2.137,1.71E-12,-7.96E-13,-57.1336466,-211.613152,-143.2612101,-310.0470107,-82.32885589,-323.6678608
2.138,3.52E-12,1.01E-12,-58.01595811,-211.2742075,-144.7936011,-309.3693224,-84.01325214,-323.0478454
2.139,-4.55E-13,7.11E-14,-58.92067205,-210.8909564,-146.3321375,-308.6678981,-85.70545248,-322.3736505
2.14,-1.93E-12,-1.42E-12,-59.82022544,-210.5156252,-147.8521642,-307.990553,-87.37795398,-321.700289
2.141,1.14E-12,2.19E-12,-60.71739054,-210.1355283,-149.3593617,-307.3201901,-89.03358895,-321.017862
2.142,1.07E-11,-2.53E-12,-61.62660017,-209.7400692,-150.8710708,-306.6418018,-90.68685025,-320.3185595
2.143,-9.09E-13,8.10E-13,-62.51933625,-209.3220566,-152.361356,-305.9438276,-92.30895431,-319.5980188
2.144,-6.82E-12,-1.72E-12,-63.4074234,-208.8931024,-153.84465,-305.2294954,-93.91148568,-318.8666657
2.145,2.17E-11,1.83E-12,-64.29475048,-208.471376,-155.3286403,-304.5088059,-95.49786523,-318.141441
2.146,-9.44E-12,3.42E-12,-65.18467997,-208.0215566,-156.8114463,-303.7447996,-97.07098752,-317.3857954
2.147,-2.61E-12,4.63E-12,-66.10064843,-207.6035415,-158.3130926,-302.9963616,-98.65382115,-316.6583977
2.148,9.32E-12,-7.11E-14,-67.0307432,-207.1500001,-159.8182547,-302.195149,-100.234753,-315.8899069
2.149,1.14E-13,1.71E-13,-67.94125243,-206.7357325,-161.2898086,-301.4149496,-101.7789739,-315.1521421
2.15,-1.25E-12,-5.12E-13,-68.82961026,-206.3295688,-162.7227951,-300.6257746,-103.284732,-314.4131389
2.151,-1.02E-11,-4.26E-14,-69.72442332,-205.921522,-164.143896,-299.820256,-104.7819168,-313.6635538
2.152,1.00E-11,1.80E-12,-70.66951406,-205.5255052,-165.596554,-299.0169262,-106.3171786,-312.9199439
2.153,1.22E-11,2.70E-13,-71.5660536,-205.1056896,-166.9815601,-298.1845761,-107.794516,-312.1491245
2.154,-1.69E-11,1.93E-12,-72.49543766,-204.7192606,-168.3799302,-297.3850104,-109.2981524,-311.410925
2.155,-1.23E-11,-3.13E-13,-73.39028868,-204.3243166,-169.7257685,-296.5798804,-110.7635378,-310.6660876
2.156,3.41E-12,1.42E-12,-74.32990414,-203.8833217,-171.1015291,-295.7332563,-112.2727975,-309.8797205
2.157,-4.77E-12,-2.57E-12,-75.18967749,-203.5089652,-172.3878703,-294.9587816,-113.7041524,-309.1671571
2.158,-1.36E-12,-3.98E-13,-76.05488178,-203.0915544,-173.6750465,-294.1480287,-115.1454199,-308.4216598
2.159,4.09E-12,4.26E-14,-76.98620306,-202.6354839,-175.0261113,-293.3037056,-116.6572165,-307.6476263
2.16,1.08E-11,-2.52E-12,-77.78226959,-202.2487672,-176.2418106,-292.5321406,-118.0385872,-306.9519191
2.161,5.68E-13,-7.39E-13,-78.66402866,-201.8020649,-177.5452095,-291.7023094,-119.5076675,-306.2045455
2.162,2.61E-12,-3.27E-13,-79.50317776,-201.3554405,-178.8101232,-290.8725903,-120.9340194,-305.4639102
2.163,-2.61E-12,-3.11E-12,-80.3332061,-200.9268454,-180.0721585,-290.0592496,-122.3489964,-304.746306
2.164,-3.30E-12,-3.51E-12,-81.20680658,-200.4585199,-181.3872885,-289.2010403,-123.8031559,-303.9923143
2.165,6.93E-12,1.42E-14,-81.96216117,-200.037539,-182.5897155,-288.3876834,-125.1325444,-303.2873515
2.166,-6.14E-12,-3.91E-12,-82.84720556,-199.5319394,-183.9250253,-287.4884247,-126.5831104,-302.4983606
2.167,-1.02E-11,-2.53E-12,-83.60172572,-199.1191355,-185.1315498,-286.6808414,-127.8935483,-301.8006166
2.168,5.80E-12,-3.11E-12,-84.47367753,-198.6254666,-186.4559406,-285.7915511,-129.3108724,-301.0184344
2.169,7.28E-12,1.09E-12,-85.22314649,-198.1863709,-187.6569788,-284.95627,-130.5942263,-300.2852281
2.17,1.11E-11,6.25E-13,-86.01824437,-197.7134125,-188.901472,-284.0868405,-131.9107802,-299.5105375
2.171,-1.56E-11,-1.92E-12,-86.82687289,-197.2513707,-190.1560177,-283.22832,-133.2274942,-298.7371176
2.172,2.73E-12,7.67E-13,-87.60025355,-196.8024024,-191.3705329,-282.3831438,-134.4971027,-297.9654167
2.173,-7.16E-12,-2.39E-12,-88.39427532,-196.3245587,-192.5996024,-281.5096409,-135.7746185,-297.1531865
2.174,1.64E-11,1.51E-12,-89.16177271,-195.8843614,-193.7957754,-280.6743916,-137.0144752,-296.3674531
2.175,9.09E-12,-2.87E-12,-89.92526034,-195.4194081,-194.9814142,-279.8152185,-138.2403076,-295.5479968
2.176,-1.38E-11,-2.06E-12,-90.70955155,-194.9510248,-196.1819225,-278.9516275,-139.4777845,-294.7163319
2.177,5.46E-12,3.27E-12,-91.44273024,-194.5319601,-197.3257883,-278.1362577,-140.655659,-293.9271063
2.178,1.36E-12,2.36E-12,-92.20987368,-194.0867795,-198.4984928,-277.2935652,-141.8596775,-293.1067845
2.179,1.36E-11,3.45E-12,-93.01709709,-193.6300221,-199.7065555,-276.4379798,-143.0966245,-292.2718049
2.18,-1.02E-12,1.72E-12,-93.70174601,-193.2080979,-200.787726,-275.615802,-144.2045148,-291.4704766
2.181,6.25E-12,1.34E-12,-94.46830445,-192.7808716,-201.9468924,-274.7867871,-145.3885015,-290.6645634
2.182,3.41E-13,-2.86E-12,-95.23595203,-192.3444993,-203.1036383,-273.9469819,-146.5684335,-289.8521206
2.183,-3.41E-12,3.00E-12,-95.97939333,-191.9063214,-204.2330726,-273.1036172,-147.7196846,-289.0423876
2.184,2.61E-12,-2.43E-12,-96.72491353,-191.4714402,-205.3628718,-272.2606944,-148.8684614,-288.2425334
2.185,6.25E-12,-1.99E-13,-97.43514034,-191.0540634,-206.4538017,-271.4336562,-149.9803445,-287.4664033
2.186,-9.09E-12,-1.34E-12,-98.156986,-190.6317836,-207.5520383,-270.6006037,-151.1007403,-286.6918525
2.187,2.07E-11,1.19E-12,-98.94261864,-190.1990229,-208.7090134,-269.7564675,-152.2814194,-285.9122841
2.188,9.09E-12,2.02E-12,-99.67474434,-189.7865169,-209.8066967,-268.9324917,-153.4046901,-285.1574145
2.189,-9.09E-13,2.00E-12,-100.3942392,-189.3597398,-210.885228,-268.0946592,-154.5110308,-284.3916992
2.19,-3.41E-12,-1.85E-12,-101.1983302,-188.9380971,-212.0410982,-267.2628838,-155.6972711,-283.6335245
2.191,5.68E-13,-9.38E-13,-101.9428968,-188.5235937,-213.1294503,-266.4396792,-156.8188926,-282.8838765
2.192,-1.03E-11,-1.14E-13,-102.6600999,-188.0985668,-214.1817088,-265.6078908,-157.9076585,-282.124073
2.193,6.71E-12,-1.71E-13,-103.4548865,-187.6804533,-215.3020846,-264.7854644,-159.0681183,-281.3705323
2.194,-2.84E-12,-1.34E-12,-104.1951163,-187.2792028,-216.3574045,-263.9841135,-160.1674375,-280.6334405
2.195,-5.34E-12,-5.23E-12,-104.8957555,-186.8537447,-217.364132,-263.1608571,-161.2213773,-279.8694063
2.196,3.41E-13,7.25E-13,-105.6996917,-186.4435332,-218.4657354,-262.3545044,-162.3748913,-279.1150524
2.197,5.68E-13,1.14E-13,-106.4230431,-186.0422391,-219.4798215,-261.5570374,-163.4431443,-278.365358
2.198,1.71E-11,1.28E-12,-107.1456605,-185.6225478,-220.4877297,-260.7394529,-164.5065045,-277.5927081
2.199,-4.09E-12,-6.25E-13,-107.9131445,-185.2184946,-221.5365491,-259.9340978,-165.6110894,-276.8308376
2.2,1.48E-12,4.75E-12,-108.6202921,-184.8320624,-222.5225652,-259.1412662,-166.6522132,-276.0814289
2.201,8.41E-12,7.53E-13,-109.3629169,-184.4254391,-223.5430803,-258.3214574,-167.7262068,-275.3063692
2.202,-7.16E-12,7.96E-13,-110.1024495,-184.0390433,-224.5610135,-257.5134012,-168.795018,-274.5457767
2.203,1.74E-11,3.35E-12,-110.8163909,-183.6502811,-225.5553543,-256.6928154,-169.8366647,-273.7767572
2.204,5.34E-12,-1.69E-12,-111.5310891,-183.2601346,-226.5532443,-255.860295,-170.8773171,-273.0012939
2.205,7.05E-12,1.82E-12,-112.2502333,-182.8808444,-227.5597663,-255.0270399,-171.9210868,-272.2319748
2.206,6.59E-12,-4.26E-13,-112.9061137,-182.5187633,-228.5089964,-254.1993502,-172.8999711,-271.4770174
2.207,1.59E-12,-1.34E-12,-113.6195653,-182.1488447,-229.5196764,-253.3560915,-173.9345118,-270.7132398
2.208,-2.84E-12,1.82E-12,-114.320707,-181.7677559,-230.5209301,-252.4971065,-174.9545346,-269.9391743
2.209,-2.84E-12,4.69E-13,-115.0092696,-181.3754884,-231.5114934,-251.6255617,-175.9594774,-269.1566771
2.21,1.36E-11,1.42E-13,-115.6491933,-180.9707676,-232.4543111,-250.7433574,-176.912987,-268.3663384
2.211,-1.51E-11,1.31E-12,-116.3236246,-180.5762561,-233.4315352,-249.8763314,-177.897917,-267.5926857
2.212,8.41E-12,-6.34E-12,-117.0380844,-180.1601376,-234.447691,-248.9958424,-178.919495,-266.8057674
2.213,-2.84E-12,-1.80E-12,-117.6464262,-179.7291023,-235.3556373,-248.1117556,-179.8312816,-266.0141387
2.214,-1.48E-12,-3.89E-12,-118.2869863,-179.3010526,-236.2918045,-247.2461311,-180.7704092,-265.2385492
2.215,6.82E-13,-2.30E-12,-118.9540355,-178.8647431,-237.2496378,-246.3860745,-181.7310249,-264.4647942
2.216,-1.59E-11,-4.48E-12,-119.5589238,-178.3911855,-238.1400358,-245.4996569,-182.6266342,-263.6603777
2.217,8.75E-12,1.31E-12,-120.1956863,-177.8932521,-239.0561107,-244.5994867,-183.5483279,-262.8375872
2.218,-1.71E-12,-7.11E-14,-120.7643987,-177.4415781,-239.8979671,-243.7538326,-184.3962614,-262.0651157
2.219,-1.36E-12,2.00E-12,-121.444958,-176.9522965,-240.845531,-242.876461,-185.350412,-261.2571543
2.22,-1.34E-11,-4.09E-12,-122.0309823,-176.4830531,-241.6924492,-242.0226509,-186.2044775,-260.4694064
2.221,4.55E-12,-9.09E-13,-122.6416614,-175.9769562,-242.5579405,-241.133144,-187.0777276,-259.6430382
2.222,1.93E-12,2.42E-12,-123.2516186,-175.5140106,-243.4166569,-240.2855787,-187.9448655,-258.8561125
2.223,7.73E-12,-6.25E-13,-123.8357522,-175.0334567,-244.2435258,-239.4168286,-188.7808696,-258.0459275
2.224,2.39E-12,6.11E-13,-124.4142433,-174.5800506,-245.0586927,-238.5706999,-189.6059364,-257.2567139
2.225,-2.19E-11,3.35E-12,-125.0880517,-174.0618846,-245.9634846,-237.6548346,-190.521444,-256.396538
2.226,3.87E-12,-2.42E-13,-125.6274735,-173.6278213,-246.7285958,-236.8192785,-191.2981378,-255.6158703
2.227,-4.89E-12,4.14E-12,-126.2160047,-173.1445937,-247.5384902,-235.9305094,-192.119963,-254.7830516
2.228,1.08E-11,9.81E-13,-126.8446046,-172.6723129,-248.3831157,-235.0510564,-192.9783288,-253.959801
2.229,1.14E-11,2.50E-12,-127.405993,-172.2222504,-249.154888,-234.1929773,-193.7664039,-253.1589976
2.23,-7.96E-13,1.45E-12,-127.9712322,-171.7331184,-249.9245656,-233.2957711,-194.5557003,-252.3209616
2.231,-1.39E-11,-5.84E-12,-128.6024479,-171.2565942,-250.7539704,-232.4119013,-195.4087932,-251.4989781
2.232,-1.43E-11,-2.25E-12,-129.1588361,-170.7896053,-251.5019941,-231.539082,-196.1853277,-250.6915824
2.233,8.53E-12,-1.71E-12,-129.7222849,-170.2871476,-252.2502213,-230.6330957,-196.9676416,-249.8553782
2.234,1.03E-11,2.50E-12,-130.3461787,-169.7651466,-253.0500351,-229.7127415,-197.8078715,-249.0099862
2.235,1.24E-11,1.85E-13,-130.876627,-169.2787142,-253.7499558,-228.828853,-198.555291,-248.2070612
2.236,9.09E-13,-1.52E-12,-131.4410572,-168.7593514,-254.478474,-227.9105326,-199.3391439,-247.3765268
2.237,2.16E-12,6.96E-13,-132.059057,-168.1919456,-255.2562409,-226.940269,-200.180835,-246.5016933
2.238,8.41E-12,3.89E-12,-132.5961201,-167.6530235,-255.9498135,-225.9921903,-200.9503134,-245.6547883
2.239,-5.34E-12,4.86E-12,-133.1589295,-167.1381959,-256.6681451,-225.0592393,-201.7526627,-244.832413
2.24,-1.44E-11,-3.38E-12,-133.7110325,-166.6117398,-257.3750553,-224.106322,-202.5522149,-243.997059
2.241,1.00E-11,-4.46E-12,-134.2055115,-166.0735575,-258.024955,-223.1337733,-203.3028373,-243.1468436
2.242,5.68E-13,4.26E-13,-134.7384595,-165.5400724,-258.7152662,-222.1584485,-204.1014075,-242.296405
2.243,-9.44E-12,3.52E-12,-135.2737429,-165.0085451,-259.411184,-221.1780406,-204.912577,-241.4412188
2.244,-2.27E-12,2.79E-12,-135.7697605,-164.4854529,-260.0718125,-220.2003191,-205.6949057,-240.5868371
2.245,1.06E-11,-5.24E-12,-136.2777687,-163.9737128,-260.7473489,-219.2317567,-206.4980469,-239.7375153
2.246,-1.71E-12,7.96E-13,-136.7760757,-163.4393877,-261.4141472,-218.2427478,-207.2978107,-238.8614304
2.247,-5.68E-12,-3.13E-12,-137.2264691,-162.9324111,-262.0320411,-217.2875574,-208.0534867,-238.0106301
2.248,-5.68E-13,2.13E-12,-137.698982,-162.4051249,-262.6691098,-216.3228589,-208.8326101,-237.1395705
2.249,6.37E-12,-4.26E-14,-138.1516973,-161.8857028,-263.2830896,-215.3792952,-209.5907657,-236.2785395
2.25,-9.44E-12,-3.69E-13,-138.6375842,-161.3454886,-263.9241753,-214.431071,-210.3784248,-235.4009951
2.251,3.07E-12,2.93E-12,-139.040388,-160.8124292,-264.4749538,-213.5070859,-211.0768347,-234.5369983
2.252,6.59E-12,-1.32E-12,-139.4735033,-160.2560724,-265.0476613,-212.5778405,-211.7968919,-233.6582112
2.253,1.82E-12,1.58E-12,-139.9125743,-159.7026186,-265.6162525,-211.6714887,-212.5112118,-232.7939491
2.254,-4.55E-13,4.11E-12,-140.3873519,-159.1179597,-266.2147604,-210.7483716,-213.2524876,-231.9057147
2.255,-6.82E-13,-4.41E-13,-140.8639587,-158.5302748,-266.8133589,-209.8319864,-213.9895536,-231.0181664
2.256,-1.33E-11,1.49E-12,-140.8794775,-158.0260834,-266.9531817,-209.0041704,-214.262204,-230.2143032
2.257,-3.41E-12,-3.41E-13,-141.7803254,-157.3244978,-267.984697,-207.9793537,-215.4195674,-229.2097166
2.258,1.02E-12,4.97E-13,-142.149274,-156.7361906,-268.4947276,-207.0635267,-216.0497009,-228.3092171
2.259,-1.59E-12,-3.18E-12,-142.7375219,-156.1444809,-269.2385231,-206.1353265,-216.904774,-227.3952345
2.26,3.98E-12,5.26E-13,-143.1380714,-155.5933519,-269.8136017,-205.2330468,-217.581146,-226.5084998
2.261,-1.48E-12,1.56E-12,-143.5188475,-155.0494517,-270.3893983,-204.3211673,-218.2500989,-225.6124092
2.262,-1.01E-11,2.70E-13,-143.9440038,-154.4559555,-271.0321748,-203.3396292,-218.9791431,-224.6468856
2.263,-1.01E-11,-4.83E-13,-144.1753196,-153.9673223,-271.5043934,-202.4416351,-219.5319896,-223.7651132
2.264,8.53E-12,-2.84E-13,-144.4247344,-153.4909985,-272.0141167,-201.5361903,-220.1179497,-222.876079
2.265,-9.32E-12,-1.69E-12,-144.7521148,-153.0111994,-272.6159165,-200.6109094,-220.7928439,-221.9673793
2.266,3.30E-12,3.55E-13,-145.0223518,-152.5086081,-273.1693886,-199.6498751,-221.4175167,-221.0230785
2.267,-6.71E-12,-1.75E-12,-145.1666953,-152.0673299,-273.6004879,-198.7405922,-221.9191715,-220.130663
2.268,-2.05E-12,6.11E-13,-145.445735,-151.624288,-274.1645091,-197.8233835,-222.5543521,-219.2304375
2.269,1.15E-11,-1.72E-12,-145.4971229,-151.2043717,-274.493809,-196.9265379,-222.9566637,-218.3506723
2.27,-1.31E-11,-8.53E-13,-145.9369793,-150.6818438,-275.2008897,-195.9272833,-223.7381805,-217.3690113
2.271,5.80E-12,1.25E-12,-146.211505,-150.2231801,-275.7260175,-194.9958704,-224.3410571,-216.4553117
2.272,-7.62E-12,-7.67E-13,-146.5701974,-149.7097723,-276.3142624,-194.0185757,-225.0106434,-215.4958143
2.273,-5.12E-12,1.90E-12,-146.739006,-149.2500692,-276.6942136,-193.100947,-225.4758092,-214.5960309
2.274,-1.31E-11,-2.36E-12,-147.023541,-148.7689702,-277.1739579,-192.1662207,-226.0449214,-213.6791619
2.275,-5.00E-12,1.25E-12,-147.392759,-148.2501657,-277.7249281,-191.1964241,-226.6896933,-212.7271991
2.276,-6.82E-12,9.95E-14,-147.5677698,-147.7877349,-278.0707108,-190.2839737,-227.1339916,-211.8325228
2.277,1.25E-12,-1.56E-12,-147.6792621,-147.3022009,-278.3444709,-189.3477295,-227.5112616,-210.9139572
2.278,-1.36E-11,8.81E-13,-147.8668957,-146.8667911,-278.6883448,-188.4592562,-227.9639199,-210.0430312
2.279,-8.07E-12,-1.53E-12,-147.9973212,-146.4374288,-278.9714595,-187.5728141,-228.3613738,-209.1739691
2.28,1.71E-12,-3.98E-13,-148.4344015,-145.9215196,-279.5601543,-186.5941458,-229.0702431,-208.2124778
2.281,-2.27E-12,-1.72E-12,-148.5583828,-145.5149329,-279.8381015,-185.7158806,-229.4735307,-207.3527279
2.282,4.77E-12,5.40E-13,-149.0166349,-145.0250978,-280.4550634,-184.7454474,-230.2213631,-206.4004499
2.283,-1.49E-11,4.39E-12,-148.9147449,-144.6710089,-280.5185671,-183.9004116,-230.4205275,-205.5732984
2.284,5.80E-12,2.03E-12,-148.9784508,-144.2602574,-280.7547724,-182.9894316,-230.7998277,-204.6774288
2.285,-6.71E-12,-1.19E-12,-148.9790184,-143.9162192,-280.9340634,-182.1373272,-231.1250418,-203.8402542
2.286,-1.82E-12,2.40E-12,-149.5416256,-143.4610165,-281.6807363,-181.1676642,-232.0192413,-202.8853489
2.287,7.05E-12,-1.69E-12,-149.4527685,-143.1302624,-281.7804059,-180.3174995,-232.2668159,-202.0497784
2.288,-3.52E-12,-3.27E-13,-149.660156,-142.7655122,-282.1798993,-179.4298324,-232.8133679,-201.1765501
2.289,5.91E-12,-1.25E-12,-149.6441169,-142.4371637,-282.358664,-178.5765042,-233.1371199,-200.337514
2.29,6.25E-12,1.17E-12,-149.8384774,-142.0998219,-282.7496445,-177.7135638,-233.6697916,-199.4887275
2.291,-9.89E-12,1.18E-12,-150.2591974,-141.676724,-283.3679191,-176.7656922,-234.4252364,-198.5548799
2.292,-1.28E-11,-1.63E-12,-149.9981263,-141.4308735,-283.3044558,-175.9973367,-234.4931974,-197.8004271
2.293,-1.71E-12,2.73E-12,-149.9703508,-141.1074481,-283.4722317,-175.1568901,-234.7854269,-196.9737704
2.294,7.62E-12,1.90E-12,-150.0688821,-140.8030593,-283.7685302,-174.3355556,-235.196823,-196.1669481
2.295,4.55E-12,1.88E-12,-150.6408582,-140.3766743,-284.5391078,-173.3901875,-236.0748405,-195.2362499
2.296,-1.14E-12,1.83E-12,-150.2601934,-140.1770377,-284.3573604,-172.6664651,-235.9937105,-194.5277423
2.297,7.84E-12,2.81E-12,-150.1728046,-139.9129412,-284.4686868,-171.870115,-236.1996669,-193.7475394
2.298,-1.14E-13,-4.12E-13,-150.3641262,-139.6374489,-284.8580026,-171.0511362,-236.6784607,-192.9460277
2.299,-4.55E-12,-2.16E-12,-151.0035885,-139.2707086,-285.6942201,-170.1266113,-237.5998391,-192.040677
2.3,-3.18E-12,5.40E-13,-150.5671783,-139.1590394,-285.4528075,-169.4397942,-237.4401056,-191.3751287
2.301,-5.00E-12,-3.78E-12,-150.4892927,-139.0035626,-285.5676437,-168.6887411,-237.6339743,-190.6478264
2.302,1.02E-12,6.54E-13,-150.5690555,-138.8301713,-285.835487,-167.8979348,-237.9790387,-189.8836405
2.303,-6.48E-12,-1.05E-12,-150.5564908,-138.7210046,-286.0070418,-167.1510626,-238.2268383,-189.1666453
2.304,-3.87E-12,2.64E-12,-150.5778124,-138.592019,-286.2080768,-166.3672788,-238.5039771,-188.4163829
2.305,-8.30E-12,-2.02E-12,-150.6073215,-138.5168116,-286.4124484,-165.6233788,-238.7851465,-187.7100359
2.306,1.01E-11,-2.79E-12,-150.5381755,-138.445182,-286.5139272,-164.8716155,-238.9638943,-187.0009892
2.307,7.16E-12,2.79E-12,-150.6977339,-138.370548,-286.8409066,-164.1099861,-239.3679701,-186.2862461
2.308,-3.41E-12,4.26E-12,-150.5917312,-138.3138043,-286.9013901,-163.3631957,-239.5034986,-185.5902867
2.309,5.68E-13,1.22E-12,-150.6092567,-138.2658103,-287.0867361,-162.6259136,-239.7599594,-184.9075559
2.31,4.55E-12,1.68E-12,-150.902508,-138.1272232,-287.5514113,-161.8026073,-240.2932095,-184.1397262
2.311,-4.66E-12,1.19E-12,-150.5996997,-138.1650374,-287.4258993,-161.1640813,-240.2292924,-183.5598628
2.312,-1.89E-11,-2.96E-12,-150.5445782,-138.1076963,-287.5543536,-160.4436457,-240.4108889,-182.9009562
2.313,1.24E-11,-2.98E-12,-150.4989115,-138.0440042,-287.700872,-159.7268633,-240.6006242,-182.2482497
2.314,1.52E-11,4.26E-13,-150.5149224,-138.0038151,-287.9181028,-159.0413881,-240.8496741,-181.6290776
2.315,3.18E-12,-3.35E-12,-150.3428235,-137.9645333,-287.9566846,-158.3624248,-240.9072045,-181.0183252
2.316,-2.84E-12,1.14E-13,-150.3078839,-137.9230309,-288.142312,-157.6846454,-241.0974375,-180.410345
2.317,8.41E-12,1.02E-12,-150.1759044,-137.914157,-288.2438761,-157.0397116,-241.1851271,-179.8374666
2.318,1.08E-11,-6.25E-13,-150.1520038,-137.8804015,-288.4611299,-156.368356,-241.3743453,-179.2396608
2.319,3.41E-12,3.95E-12,-150.0577138,-137.8866086,-288.612548,-155.7325957,-241.4855769,-178.6792519
2.32,3.64E-12,2.98E-12,-150.437624,-137.76258,-289.2396622,-154.9594056,-242.0623645,-177.9835227
2.321,-2.84E-12,-2.61E-12,-149.7940241,-137.9415878,-288.841705,-154.4792306,-241.6059513,-177.5832255
2.322,-8.07E-12,-1.14E-12,-149.7043455,-138.0094711,-288.9930502,-153.875083,-241.6927215,-177.0616802
2.323,4.66E-12,-2.53E-12,-149.362183,-138.1185323,-288.8846907,-153.297596,-241.5156789,-176.5698279
2.324,-8.19E-12,1.14E-12,-149.8512215,-138.0943912,-289.6013157,-152.5727953,-242.1615232,-175.9340015
2.325,-3.87E-12,3.55E-12,-149.152602,-138.3667434,-289.1254369,-152.1321012,-241.6147765,-175.5859293
2.326,-3.18E-12,-7.96E-13,-149.0641438,-138.5048881,-289.2562439,-151.5465375,-241.6766394,-175.0969424
2.327,6.82E-13,-2.56E-12,-149.6342079,-138.5044625,-290.0434686,-150.8134664,-242.398854,-174.4647107
2.328,8.87E-12,3.69E-12,-148.6011845,-138.8746945,-289.2268715,-150.4438404,-241.5231918,-174.2004944
2.329,3.75E-12,2.07E-12,-148.446009,-139.0818071,-289.2903136,-149.9056946,-241.5339694,-173.7725486
2.33,-5.23E-12,1.19E-12,-148.1892686,-139.2994697,-289.2582884,-149.3752169,-241.4551552,-173.3565754
2.331,4.21E-12,-3.58E-12,-147.8827847,-139.5346545,-289.1879654,-148.861651,-241.3419517,-172.961579
2.332,1.93E-11,-9.95E-13,-147.5229997,-139.8215682,-289.078645,-148.4007704,-241.1916922,-172.6230939
2.333,7.39E-12,-8.53E-14,-147.3073778,-140.0468398,-289.1304693,-147.87778,-241.2025521,-172.2260855
2.334,4.32E-12,-1.17E-12,-146.9253101,-140.3119971,-289.0333445,-147.393123,-241.0648965,-171.8684269
2.335,-5.68E-13,5.12E-13,-146.5135578,-140.597663,-288.9245465,-146.9263376,-240.9114747,-171.5322188
2.336,3.64E-12,2.61E-12,-146.1554003,-140.8846754,-288.8878697,-146.4571771,-240.8239987,-171.1975118
2.337,7.96E-13,-1.73E-12,-145.9035982,-141.1640012,-288.9765895,-145.975524,-240.8536616,-170.8544859
2.338,-4.66E-12,1.05E-12,-145.5381893,-141.460202,-288.9712585,-145.504855,-240.7789335,-170.5269153
2.339,-1.86E-11,-2.53E-12,-145.0833492,-141.8137734,-288.8965673,-145.0845814,-240.6224225,-170.2545086
2.34,-6.25E-12,5.68E-14,-144.833658,-142.1494781,-289.0476108,-144.6383811,-240.6771412,-169.9612413
2.341,-6.03E-12,-1.42E-13,-144.4988423,-142.5381199,-289.1346304,-144.2359734,-240.6512486,-169.7171299
2.342,1.02E-12,-2.96E-12,-143.9524251,-142.9487648,-289.032986,-143.8427601,-240.4167002,-169.4904533
2.343,7.62E-12,-7.39E-13,-143.3008239,-143.4378636,-288.8384672,-143.5154227,-240.0761582,-169.3352762
2.344,-9.55E-12,2.05E-12,-142.851256,-143.879663,-288.8539562,-143.1307038,-239.938231,-169.1278415
2.345,8.19E-12,-3.44E-12,-142.359334,-144.3721848,-288.8287176,-142.7880361,-239.7579099,-168.9670813
2.346,1.42E-11,-2.05E-12,-141.7172055,-144.8845392,-288.6485515,-142.4579403,-239.428944,-168.8215212
2.347,-4.55E-12,6.54E-13,-140.9899691,-145.4515456,-288.3722083,-142.1766461,-239.0134242,-168.7278004
2.348,-1.14E-13,1.19E-12,-140.4754686,-145.9828584,-288.2911843,-141.8552186,-238.8082066,-168.5958307
2.349,3.07E-12,5.68E-13,-140.0568451,-146.5549782,-288.2822728,-141.571569,-238.6954445,-168.5023704
2.35,1.36E-12,4.83E-13,-139.3811985,-147.1745367,-287.9892726,-141.3324389,-238.3212497,-168.4543088
2.351,3.87E-12,-6.25E-13,-138.6829802,-147.8374143,-287.6477575,-141.131622,-237.9190861,-168.4477837
2.352,1.21E-11,1.31E-12,-138.005869,-148.4952025,-287.3051078,-140.9172315,-237.5316444,-168.4346442
2.353,-1.06E-11,1.05E-12,-137.5155037,-149.1239921,-287.1306641,-140.6618804,-237.3235757,-168.3912388
2.354,-8.98E-12,-2.13E-12,-136.4780722,-149.905928,-286.3943157,-140.5442355,-236.5600801,-168.4999698
2.355,2.27E-13,1.99E-12,-136.1299659,-150.5603116,-286.3361557,-140.2801199,-236.4765609,-168.4803962
2.356,1.72E-11,-5.40E-13,-135.4215344,-151.3295621,-285.9102355,-140.108475,-236.0223802,-168.5751947
2.357,-4.43E-12,2.27E-13,-134.6364696,-152.0970229,-285.4039485,-139.9091662,-235.4802419,-168.6679664
2.358,1.82E-12,2.61E-12,-134.2247348,-152.7829335,-285.2728727,-139.5993178,-235.2991214,-168.6792082
2.359,3.98E-12,5.40E-13,-133.2839238,-153.6581878,-284.6102163,-139.4553126,-234.5756248,-168.8800717
2.36,-2.96E-12,4.26E-13,-132.4185554,-154.5277306,-284.0176943,-139.2882506,-233.913283,-169.0757592
2.361,1.14E-11,-4.26E-13,-131.9058135,-155.3125624,-283.7696871,-139.0252873,-233.5882921,-169.1875287
2.362,4.32E-12,-7.67E-13,-131.2406766,-156.1919804,-283.3583696,-138.8518754,-233.0946427,-169.394935
2.363,2.05E-12,3.61E-12,-130.7990505,-157.0077019,-283.156844,-138.6158871,-232.8072528,-169.539953
2.364,-1.51E-11,-3.24E-12,-129.9540219,-157.9617998,-282.5353933,-138.5255507,-232.0982213,-169.8249131
2.365,4.66E-12,-9.09E-13,-129.138242,-158.9188211,-281.9238653,-138.4515684,-231.3992115,-170.1146199
2.366,4.21E-12,1.85E-12,-128.6397423,-159.83412,-281.6074877,-138.3554495,-230.997267,-170.3646851
2.367,2.73E-12,2.13E-12,-128.1841393,-160.7617206,-281.3090735,-138.2973734,-230.6204492,-170.6238995
2.368,-9.66E-12,-2.98E-12,-127.3664687,-161.7913793,-280.6221975,-138.3695641,-229.8601962,-170.9889385
2.369,1.93E-11,1.82E-12,-126.5350472,-162.8528866,-279.8947762,-138.5010247,-229.0646578,-171.3915845
2.37,-9.89E-12,-2.59E-12,-125.9782387,-163.8771321,-279.4156159,-138.6150301,-228.5217769,-171.7611049
2.371,-6.82E-13,1.05E-12,-125.2910178,-164.9483857,-278.7825966,-138.7960085,-227.82857,-172.1879205
2.372,-3.75E-12,-1.11E-12,-124.5799496,-166.0465003,-278.1049191,-139.0211875,-227.0933749,-172.6552512
2.373,-1.89E-11,-2.61E-12,-123.9317476,-167.1194453,-277.4719333,-139.235911,-226.4046778,-173.1144336
2.374,-7.50E-12,-3.35E-12,-123.3161569,-168.2081033,-276.8560201,-139.4784365,-225.7339963,-173.6097177
2.375,3.41E-13,3.07E-12,-122.6193169,-169.3281303,-276.1459548,-139.7617948,-224.9692424,-174.1601267
2.376,1.80E-11,2.93E-12,-121.9415602,-170.4480407,-275.4471458,-140.0509198,-224.2125215,-174.737542
2.377,6.03E-12,-7.11E-13,-121.552538,-171.5185303,-275.0254395,-140.3006157,-223.7352572,-175.2960269
2.378,3.41E-12,-2.02E-12,-120.6001387,-172.7232647,-274.0274349,-140.6980105,-222.6903279,-176.0228913
2.379,-1.02E-12,-7.96E-13,-119.941852,-173.8642778,-273.3093314,-141.0486003,-221.9337156,-176.719597
2.38,-5.68E-13,-1.28E-12,-119.2440682,-175.0156205,-272.5362297,-141.4298986,-221.1331753,-177.4593676
2.381,-7.16E-12,-4.09E-12,-118.5175889,-176.1744012,-271.7176416,-141.8424762,-220.300873,-178.2384839
2.382,-1.02E-12,-3.35E-12,-117.8413937,-177.3346537,-270.9312566,-142.2838293,-219.5171529,-179.0501524
2.383,-1.16E-11,-2.61E-12,-117.0602856,-178.4909495,-270.0205879,-142.7519916,-218.6281824,-179.8881168
2.384,7.39E-12,-3.69E-13,-116.2439163,-179.6471354,-269.054914,-143.2510888,-217.7035511,-180.7526091
2.385,-3.87E-12,-9.38E-13,-115.4582021,-180.7933491,-268.1041669,-143.7749767,-216.8111287,-181.6330426
2.386,1.60E-11,-1.14E-13,-115.0264656,-181.8515512,-267.4960903,-144.2476131,-216.2742066,-182.4485436
2.387,1.08E-11,-8.81E-13,-113.9302995,-183.0689468,-266.2166978,-144.9181998,-215.0743461,-183.4434826
2.388,1.71E-12,4.58E-12,-113.0703769,-184.2075657,-265.1710835,-145.5507639,-214.112189,-184.3770551
2.389,-1.48E-11,-1.19E-12,-112.2152953,-185.3271617,-264.1322659,-146.2070558,-213.1563016,-185.3061801
2.39,5.00E-12,-3.15E-12,-111.3032109,-186.445273,-263.0428223,-146.906611,-212.1448089,-186.2455617
2.391,8.07E-12,-3.15E-12,-110.8226118,-187.4612667,-262.3965053,-147.5477313,-211.5691947,-187.0913025
2.392,2.96E-12,-2.10E-12,-109.532797,-188.678478,-260.9476972,-148.4364885,-210.1856638,-188.1519984
2.393,-1.07E-11,-2.27E-13,-108.6160735,-189.7750643,-259.8746435,-149.250781,-209.1763018,-189.110516
2.394,-1.82E-12,1.11E-12,-107.6398111,-190.8701636,-258.7406525,-150.1094874,-208.1082573,-190.0907025
2.395,3.41E-12,-1.25E-12,-106.7349347,-191.9696039,-257.6725874,-151.0181768,-207.1122337,-191.1030954
2.396,1.00E-11,-5.68E-13,-105.733903,-193.0620912,-256.4988454,-151.965296,-206.0204686,-192.1411098
2.397,4.77E-12,1.93E-12,-104.7198701,-194.1666949,-255.2985188,-152.9696551,-204.9158946,-193.2285244
2.398,-4.43E-12,-7.67E-13,-103.699995,-195.25782,-254.0765804,-154.0020175,-203.8049188,-194.3429914
2.399,2.05E-12,-3.18E-12,-102.9546997,-196.2716301,-253.1148394,-155.0006785,-202.9679383,-195.4279323
2.4,5.34E-12,1.73E-12,-101.5762929,-197.4463416,-251.508452,-156.2040397,-201.4959904,-196.728472
2.401,-1.93E-12,-2.61E-12,-100.4608774,-198.5379641,-250.156368,-157.3682968,-200.2839063,-198.0075289
2.402,5.91E-12,1.62E-12,-99.41628326,-199.5711673,-248.8692651,-158.5183048,-199.1382448,-199.2966813
2.403,2.27E-12,8.53E-13,-98.32972493,-200.6034191,-247.537205,-159.7117173,-197.9449485,-200.6603056
2.404,6.82E-13,-3.01E-12,-97.16229043,-201.6462422,-246.1241229,-160.9602427,-196.6638343,-202.1168335
2.405,-1.13E-11,-6.54E-13,-96.02614241,-202.6699498,-244.7460161,-162.2328797,-195.4067819,-203.6395914
2.406,2.05E-12,3.98E-13,-94.89030674,-203.6597388,-243.3664507,-163.5203979,-194.1400683,-205.2150478
2.407,-8.07E-12,-7.39E-13,-93.68422633,-204.642684,-241.9108288,-164.8544226,-192.7918955,-206.8678443
2.408,-1.34E-11,2.76E-12,-92.55395674,-205.5951029,-240.5211652,-166.2158218,-191.5070783,-208.5718652
2.409,-5.57E-12,-2.61E-12,-91.39688117,-206.506579,-239.0908026,-167.5987294,-190.181759,-210.3142606
2.41,-5.34E-12,3.92E-12,-90.07980336,-207.4258298,-237.4837802,-169.055325,-188.682777,-212.1402264
2.411,7.73E-12,2.84E-14,-89.09925136,-208.2517935,-236.1922097,-170.4863934,-187.5050437,-213.9435636
2.412,-6.25E-12,1.90E-12,-87.97039872,-209.0925057,-234.730096,-171.9981274,-186.1630274,-215.8265706
2.413,-1.08E-11,-1.22E-12,-86.78428938,-209.9096349,-233.1886338,-173.5523369,-184.7470665,-217.745179
2.414,1.14E-12,4.35E-12,-85.13823033,-210.7953067,-231.1675548,-175.2382053,-182.8537629,-219.7857771
2.415,1.82E-12,-1.19E-12,-84.29988681,-211.4575546,-229.9369491,-176.7608239,-181.7500764,-221.6506614
2.416,-7.62E-12,4.26E-13,-83.12589604,-212.1944382,-228.3558785,-178.41531,-180.291939,-223.6321543
2.417,8.07E-12,5.26E-12,-81.96417268,-212.9034694,-226.7746826,-180.0962335,-178.82656,-225.6220308
2.418,-1.36E-12,-2.05E-12,-80.81799479,-213.5830304,-225.1990642,-181.7990343,-177.3565121,-227.6129359
2.419,-6.82E-13,1.56E-12,-79.62463433,-214.2449689,-223.5687199,-183.532618,-175.818362,-229.6109801
2.42,-1.71E-12,-9.95E-13,-78.43671591,-214.9050748,-221.9405235,-185.3059141,-174.264029,-231.6262164
2.421,1.36E-12,-1.34E-12,-77.22766564,-215.5503297,-220.2840264,-187.1098599,-172.6662339,-233.6398893
2.422,-6.03E-12,4.26E-13,-75.99475799,-216.1887023,-218.5945911,-188.9530676,-171.0313097,-235.6582568
2.423,-1.02E-11,-1.34E-12,-74.79004327,-216.7920791,-216.9222504,-190.8062028,-169.3990553,-237.649358
2.424,8.19E-12,2.27E-13,-73.60539851,-217.3914609,-215.2576198,-192.7049805,-167.7583177,-239.6489584
2.425,7.50E-12,1.14E-13,-72.38177701,-217.9685456,-213.5397603,-194.6337956,-166.0463895,-241.6415032
2.426,4.32E-12,-3.41E-12,-71.19526888,-218.5288953,-211.8428698,-196.6009074,-164.3357002,-243.635302
2.427,1.59E-12,3.41E-13,-70.01476403,-219.050997,-210.1339456,-198.5874998,-162.591479,-245.6115892
2.428,1.18E-11,-2.27E-13,-68.78299879,-219.57176,-208.3567356,-200.6314397,-160.7528014,-247.6100214
2.429,-1.05E-11,-1.99E-13,-67.56589263,-220.0593651,-206.5743787,-202.7005722,-158.8819262,-249.601527
2.43,6.48E-12,8.53E-13,-66.39098633,-220.5295966,-204.8140605,-204.8083175,-156.9980346,-251.6086711
2.431,-6.82E-12,-4.83E-13,-65.20741605,-220.9676118,-203.0245616,-206.937469,-155.0668983,-253.6201348
2.432,1.41E-11,2.61E-12,-63.99498973,-221.4008874,-201.1853345,-209.113139,-153.0836645,-255.6699379
2.433,5.12E-12,1.14E-13,-62.75418107,-221.8297355,-199.2964975,-211.3332758,-151.0641459,-257.7649354
2.434,9.21E-12,3.69E-13,-61.79277898,-222.1417792,-197.6654839,-213.4831384,-149.3314704,-259.7992935
2.435,8.30E-12,1.71E-12,-60.3108723,-222.5695515,-195.4934067,-215.7924875,-147.1010658,-262.0120882
2.436,-9.66E-12,-2.39E-12,-59.20703089,-222.8565211,-193.6763391,-218.0126712,-145.287116,-264.1517261
2.437,2.13E-11,4.18E-12,-58.13329527,-223.1442445,-191.8656481,-220.2934059,-143.5542393,-266.3654886
2.438,1.43E-11,2.81E-12,-57.09178518,-223.3825393,-190.0622852,-222.5905828,-141.8863379,-268.5963096
2.439,-1.71E-12,-8.53E-14,-56.00444088,-223.6386576,-188.1870223,-224.9775278,-140.1838114,-270.901151
2.44,-5.80E-12,-5.91E-12,-54.76453498,-223.9228023,-186.1319637,-227.4705172,-138.3183917,-273.279925
2.441,-1.66E-11,-1.51E-12,-53.65224227,-224.1083312,-184.1761158,-229.9489827,-136.5487129,-275.5956992
2.442,1.42E-11,-1.93E-12,-52.52557889,-224.271991,-182.1786034,-232.4919885,-134.7112504,-277.9149296
2.443,1.13E-11,-2.42E-12,-51.51505724,-224.4171388,-180.2625459,-235.0936545,-132.9149759,-280.2306831
2.444,-6.93E-12,-8.81E-13,-50.43026863,-224.5901914,-178.2315633,-237.786767,-130.94794,-282.579086
2.445,7.05E-12,-2.30E-12,-49.24551768,-224.7835757,-176.0539889,-240.5501221,-128.7629067,-284.9422747
2.446,3.41E-12,2.27E-13,-47.65294316,-224.9867255,-173.4159901,-243.3595231,-126.030474,-287.2993927
2.447,5.34E-12,-3.13E-13,-46.68798669,-225.0928342,-171.3476094,-246.0918327,-123.7651149,-289.5306427
2.448,2.31E-11,-2.27E-13,-46.13635712,-225.1392717,-169.6353237,-248.7814759,-121.7392623,-291.6720781
2.449,1.02E-12,5.68E-13,-45.0368988,-225.2826683,-167.3207824,-251.5851524,-119.006132,-293.8789459
2.45,7.96E-13,5.68E-13,-44.0932015,-225.3833496,-165.1147932,-254.3659721,-116.2914019,-296.0130022
2.451,3.75E-12,-2.02E-12,-42.79470499,-225.4951651,-162.5140136,-257.1805686,-113.1066002,-298.1295266
2.452,-4.43E-12,-1.14E-13,-42.14250941,-225.5195345,-160.5267616,-259.9331459,-110.4749152,-300.131369
2.453,-6.93E-12,-2.10E-12,-41.14864633,-225.6149214,-158.1722867,-262.7849518,-107.4304669,-302.1784235
2.454,1.11E-11,-6.25E-13,-40.23277652,-225.632153,-155.8774675,-265.5895977,-104.4150043,-304.1229476
2.455,-5.23E-12,-3.69E-12,-39.30406107,-225.666789,-153.5580458,-268.4503268,-101.3597768,-306.061931
2.456,2.84E-12,-2.25E-12,-38.35074431,-225.7152175,-151.1965268,-271.3592105,-98.27511702,-307.9931924
2.457,1.74E-11,-7.96E-13,-37.36944143,-225.7262961,-148.7830106,-274.2627894,-95.17972845,-309.8670193
2.458,2.27E-12,1.71E-12,-36.49980886,-225.7147904,-146.451795,-277.1727321,-92.23651193,-311.6988269
2.459,-1.82E-12,-4.83E-13,-35.59110892,-225.7020811,-144.0431381,-280.1081528,-89.31432873,-313.5114762
2.46,7.39E-12,3.98E-12,-34.70692552,-225.6825128,-141.6124416,-283.0592499,-86.49718365,-315.2989124
2.461,6.37E-12,-3.69E-13,-33.73591226,-225.6684299,-139.0402545,-286.0391724,-83.694151,-317.0730803
2.462,-3.98E-12,6.54E-13,-32.87793183,-225.6253597,-136.5226798,-289.0008561,-81.11985008,-318.8019565
2.463,1.14E-12,-1.11E-12,-31.93774856,-225.6137716,-133.8617665,-291.9921957,-78.55772691,-320.529855
2.464,-3.18E-12,-3.98E-13,-31.60933369,-225.4416901,-131.7487706,-294.8086414,-76.67556601,-322.0504341
2.465,1.74E-11,8.24E-13,-30.17111775,-225.5128815,-128.4594074,-297.8413849,-73.72561103,-323.7530939
2.466,6.82E-13,1.96E-12,-29.3048949,-225.4876466,-125.6727559,-300.7381526,-71.36346941,-325.2837691
2.467,-5.23E-12,3.41E-13,-28.47160879,-225.4429189,-122.8470445,-303.5633036,-69.02389795,-326.7050269
2.468,5.00E-12,1.14E-13,-27.65553446,-225.3815038,-119.9626901,-306.3121566,-66.66498495,-328.0053066
2.469,4.55E-12,2.79E-12,-26.69239559,-225.389724,-116.8586546,-309.0585125,-64.09798366,-329.2585225
2.47,-1.82E-12,-4.63E-12,-25.8230448,-225.3630289,-113.7813149,-311.6957427,-61.57013115,-330.3716866
2.471,-1.66E-11,-4.41E-13,-25.04366492,-225.314455,-110.733064,-314.2323108,-59.0856113,-331.3690659
2.472,-6.48E-12,1.78E-12,-24.19893229,-225.3000555,-107.5647884,-316.7196972,-56.49710156,-332.3179444
2.473,-8.53E-12,-1.39E-12,-23.57632066,-225.218852,-104.5701721,-319.0523505,-54.10007671,-333.1285744
2.474,-5.91E-12,-1.21E-12,-22.85172587,-225.1490385,-101.4292379,-321.3042764,-51.5784337,-333.8903806
2.475,-7.05E-12,-2.69E-12,-21.89945634,-225.1508801,-98.02447814,-323.5293117,-48.81448204,-334.6748587
2.476,1.66E-11,1.78E-12,-21.26279057,-225.0592565,-94.90671616,-325.5552786,-46.35950129,-335.3281193
2.477,-3.75E-12,2.49E-12,-20.58269089,-224.9676312,-91.72445918,-327.4685828,-43.86245488,-335.9548566
2.478,1.07E-11,2.12E-12,-19.88729522,-224.8795082,-88.51339003,-329.2656706,-41.35948179,-336.5698052
2.479,-3.07E-12,-3.87E-12,-18.86248386,-224.8393247,-84.9669339,-330.9839213,-38.54839072,-337.2276821
2.48,1.00E-11,2.19E-12,-18.33683699,-224.7040699,-81.92178263,-332.4714479,-36.24958337,-337.7824772
2.481,6.25E-12,-1.68E-12,-17.66035833,-224.5775705,-78.73270161,-333.8268439,-33.80843317,-338.3339644
2.482,-1.82E-12,1.44E-12,-17.01588353,-224.3995285,-75.58465397,-334.9910319,-31.40404611,-338.81553
2.483,-6.25E-12,-7.11E-14,-15.90220768,-224.3562261,-71.98033623,-336.1548991,-28.53148764,-339.40714
2.484,-1.46E-11,-2.54E-12,-15.47907948,-224.169127,-69.08339855,-337.0445142,-26.34677683,-339.8239423
2.485,-1.99E-11,-1.08E-12,-14.83546235,-224.01506,-65.98670576,-337.841311,-23.93514746,-340.2364496
2.486,4.89E-12,8.24E-13,-14.20562734,-223.8571169,-62.92843033,-338.5129863,-21.52714093,-340.6014378
2.487,2.27E-12,-1.79E-12,-13.60402625,-223.6829745,-59.92692551,-339.0518219,-19.13347939,-340.9002677
2.488,-5.46E-12,3.13E-12,-12.63091346,-223.6451953,-56.58634711,-339.6149853,-16.35068761,-341.2791859
2.489,1.33E-11,-5.97E-13,-11.83262795,-223.5761474,-53.4563435,-340.0430389,-13.72137491,-341.5642443
2.49,7.39E-12,5.40E-13,-11.74794299,-223.3611795,-51.07407389,-340.2228696,-11.78184277,-341.6345358
2.491,1.40E-11,2.49E-12,-11.11297584,-223.2955933,-48.17677171,-340.4612879,-9.267192577,-341.785189
2.492,5.91E-12,3.52E-12,-10.49094626,-223.225889,-45.33026043,-340.6160309,-6.741115769,-341.8622589
2.493,-1.40E-11,-1.99E-13,-9.931306012,-223.1669263,-42.58659558,-340.7131947,-4.250148491,-341.8820882
2.494,-2.27E-12,-1.71E-13,-9.395005567,-223.1265521,-39.90933135,-340.771863,-1.763802932,-341.8538814
2.495,-9.09E-13,9.09E-13,-8.998184156,-223.0779793,-37.4172107,-340.7764853,0.597500429,-341.7548767
2.496,-1.71E-12,3.41E-12,-8.373989656,-223.0261229,-34.74598524,-340.7432133,3.196332448,-341.5940144
2.497,1.18E-11,6.11E-13,-7.822932812,-222.9908222,-32.19966202,-340.7045455,5.727901129,-341.3951591
2.498,4.55E-13,-1.89E-12,-7.337879985,-222.9370486,-29.76554426,-340.621973,8.195058855,-341.1273075
2.499,6.25E-12,2.67E-12,-6.858523019,-222.873321,-27.37930412,-340.504066,10.65383252,-340.8030038
2.5,3.98E-12,-2.27E-13,-6.28610389,-222.8176791,-24.9381639,-340.3689156,13.1986989,-340.4443132
2.501,-1.22E-11,3.41E-12,-5.700564204,-222.752641,-22.51733952,-340.1996831,15.74614113,-340.0383709
2.502,1.28E-11,-2.96E-12,-5.180294555,-222.6833348,-20.18793504,-339.9983856,18.21675424,-339.591168
2.503,1.21E-11,1.29E-12,-4.617088031,-222.5870051,-17.83444636,-339.7394869,20.71774138,-339.0811424
2.504,4.55E-13,-1.71E-13,-3.990305613,-222.4982178,-15.42893732,-339.4547721,23.26873778,-338.544053
2.505,1.41E-11,1.11E-12,-3.424058625,-222.4035559,-13.08608343,-339.1348032,25.74565812,-337.9736343
2.506,2.73E-12,9.95E-13,-2.847970759,-222.3244332,-10.74108745,-338.7912214,28.21614189,-337.3865339
2.507,7.28E-12,6.68E-13,-2.386776982,-222.1594136,-8.523405631,-338.3230118,30.55292748,-336.6847247
2.508,-3.75E-12,5.12E-13,-1.7549173,-222.0547804,-6.152199272,-337.8768794,33.03904826,-336.0178989
2.509,-1.48E-11,3.27E-13,-1.174217975,-221.9348758,-3.854015929,-337.3775875,35.45015132,-335.3138077
2.51,-1.93E-12,4.26E-14,-0.660869602,-221.7980306,-1.64976751,-336.8238888,37.76751944,-334.5741909
2.511,2.11E-11,1.46E-12,-0.266152103,-221.6171308,0.404544785,-336.1890903,39.93734606,-333.7753433
2.512,5.91E-12,2.96E-12,0.402326866,-221.4719566,2.695991022,-335.5525487,42.34889592,-332.9996092
2.513,4.77E-12,2.64E-12,0.983998073,-221.3278933,4.864904596,-334.8863542,44.63952632,-332.217831
2.514,2.09E-11,2.86E-12,1.931449877,-221.2613913,7.366966783,-334.265989,47.25895301,-331.5109729
2.515,-3.52E-12,5.40E-13,2.013449308,-221.005135,8.980086666,-333.430266,48.97307038,-330.6162326
2.516,5.80E-12,1.36E-12,2.587742582,-220.8005674,11.07115255,-332.6267567,51.13675201,-329.7795667
2.517,1.08E-11,3.98E-13,3.252326841,-220.6676021,13.2473036,-331.8815034,53.34512244,-329.0254022
2.518,-1.71E-12,4.12E-13,3.651815073,-220.4298577,15.1622949,-331.0242532,55.2419866,-328.183459
2.519,1.42E-11,1.17E-12,4.185431117,-220.2323086,17.22449232,-330.2061091,57.22805013,-327.396216
2.52,4.43E-12,2.23E-12,4.808096791,-220.0494172,19.39795975,-329.4076621,59.2620166,-326.6381206
2.521,7.05E-12,4.46E-12,5.337346571,-219.8027589,21.51004032,-328.5560663,61.1652022,-325.830733
2.522,6.14E-12,-4.95E-12,5.818344706,-219.573739,23.59251052,-327.7314033,62.98655294,-325.0554437
2.523,-1.19E-11,3.06E-12,6.21499484,-219.2807275,25.59669566,-326.8524695,64.69318908,-324.2318028
2.524,-1.48E-12,-8.53E-13,6.836084808,-219.0609915,27.81834125,-326.0518961,66.59665107,-323.4931949
2.525,-7.28E-12,8.53E-13,7.460795836,-218.8116706,30.02229403,-325.2235694,68.47758065,-322.7342596
2.526,-3.52E-12,2.79E-12,7.826104273,-218.4958578,31.93119593,-324.3273287,70.07441463,-321.91559
2.527,4.66E-12,1.66E-12,8.293819092,-218.1861946,33.89252141,-323.4325622,71.75042248,-321.1073276
2.528,-1.39E-11,-2.84E-13,8.766610409,-217.8854436,35.79460615,-322.538779,73.40973481,-320.3097351
2.529,-1.59E-11,-1.56E-13,9.420028775,-217.6330481,37.80182634,-321.6835681,75.22936266,-319.5597558
2.53,1.51E-11,-2.42E-12,9.945797718,-217.3477556,39.60775699,-320.7835858,76.90249003,-318.7736372
2.531,5.00E-12,1.79E-12,10.37019345,-217.0264484,41.24416571,-319.8361023,78.45685364,-317.9457616
2.532,-5.46E-12,8.67E-13,11.02819098,-216.763548,43.05151893,-318.9359273,80.22979782,-317.1701102
2.533,-1.22E-11,1.78E-12,11.72747843,-216.53595,44.8429962,-318.0603444,82.02450693,-316.4187904
2.534,1.94E-11,1.28E-13,12.24456915,-216.2428022,46.40110992,-317.1097799,83.61387533,-315.5906048
2.535,1.00E-11,1.56E-13,12.86645265,-215.9852072,48.02125089,-316.1883572,85.28367569,-314.7880532
2.536,8.07E-12,1.53E-12,13.40871123,-215.7136888,49.52795716,-315.2504953,86.84882799,-313.9639308
2.537,2.96E-12,4.97E-13,14.19750359,-215.5065247,51.25634316,-314.3783668,88.63482856,-313.1987863
2.538,-1.14E-11,-5.68E-14,14.7613361,-215.2379507,52.74570691,-313.450161,90.16952145,-312.3691269
2.539,-1.59E-12,1.55E-12,15.495252,-215.0055419,54.38756134,-312.5635795,91.84728754,-311.5747991
2.54,6.48E-12,-4.35E-12,16.08092525,-214.7178445,55.86198761,-311.6285711,93.34913844,-310.7266203
2.541,8.75E-12,-1.46E-12,16.90163416,-214.5066804,57.55067125,-310.7783606,95.05769011,-309.9586836
2.542,-1.02E-12,5.26E-13,17.52702857,-214.2351999,59.02166929,-309.8775011,96.54193005,-309.1364108
2.543,9.55E-12,-2.30E-12,18.314159,-213.9920129,60.63043947,-309.0160052,98.15824644,-308.3506828
2.544,-1.48E-12,2.73E-12,19.03903595,-213.7201629,62.15139953,-308.1383193,99.68198743,-307.5468147
2.545,4.32E-12,-1.73E-12,19.74312499,-213.4381897,63.62442219,-307.264386,101.155687,-306.7482761
2.546,-1.25E-11,-4.25E-12,20.50358803,-213.1655681,65.12507661,-306.4150828,102.6588058,-305.9716591
2.547,-1.17E-11,2.27E-12,20.63417202,-212.7073817,65.96551695,-305.3968963,103.5091684,-305.0228284
2.548,-1.13E-11,-3.27E-13,21.8339108,-212.5338104,67.84440891,-304.6816166,105.4098862,-304.3727445
2.549,9.09E-12,2.42E-13,22.63914619,-212.2121143,69.30328302,-303.8376643,106.9000168,-303.5896272
2.55,-7.05E-12,1.52E-12,23.20807183,-211.814326,70.50632233,-302.9355698,108.1404746,-302.7436076
2.551,-1.25E-12,-1.24E-12,23.92045812,-211.4609139,71.83815973,-302.0943814,109.5126238,-301.9533343
2.552,-1.11E-11,-1.58E-12,24.70995744,-211.1150798,73.23731013,-301.2758808,110.9517104,-301.1801899
2.553,4.43E-12,2.53E-12,25.10420229,-210.6664694,74.23626846,-300.368294,111.9869607,-300.3120007
2.554,2.27E-13,-1.45E-12,26.05247878,-210.3090612,75.78918339,-299.5641791,113.5692547,-299.5409255
2.555,-2.73E-12,-1.19E-12,26.77489202,-209.9036128,77.1210225,-298.722874,114.9202911,-298.7259027
2.556,6.59E-12,1.42E-12,27.53703293,-209.4917303,78.50223919,-297.8845647,116.3072548,-297.906719
2.557,2.16E-12,5.83E-13,27.97716157,-209.0073351,79.57814215,-296.9804209,117.3699993,-297.0154762
2.558,4.77E-12,4.45E-12,28.5600608,-208.5412313,80.80390397,-296.1029422,118.5790287,-296.1403541
2.559,1.40E-11,1.55E-12,29.67061114,-208.1875747,82.55774494,-295.3472857,120.3114918,-295.3764868
2.56,-1.76E-11,-4.41E-13,30.39753393,-207.7292794,83.92172611,-294.4973669,121.6532445,-294.5070892
2.561,-5.80E-12,-2.76E-12,31.25146236,-207.2895498,85.39982043,-293.6773913,123.1120548,-293.6556661
2.562,1.01E-11,4.26E-13,32.0497664,-206.8367334,86.80273761,-292.856708,124.5024273,-292.7908655
2.563,1.06E-11,-2.49E-12,32.27660443,-206.2705924,87.60797576,-291.9360804,125.3056553,-291.8127502
2.564,-4.55E-13,-8.53E-13,32.97743205,-205.7721113,88.85399688,-291.0985409,126.5639955,-290.9036517
2.565,-3.30E-12,-3.78E-12,33.67394924,-205.2796442,90.05797084,-290.284071,127.7984129,-290.0028506
2.566,3.07E-12,1.62E-12,34.80690459,-204.8912406,91.6579594,-289.5916409,129.4485886,-289.2100779
2.567,-3.52E-12,-1.11E-12,35.50769668,-204.3991515,92.78670775,-288.8119676,130.6448538,-288.3192659
2.568,6.82E-13,1.11E-12,36.66468482,-203.9784963,94.33660382,-288.1168767,132.2745004,-287.5072154
2.569,5.68E-12,-2.84E-13,37.41864193,-203.4710876,95.45244919,-287.3448871,133.4772339,-286.6174203
2.57,-6.48E-12,-7.82E-13,38.11487032,-202.9671727,96.48357481,-286.5829522,134.5972891,-285.7418092
2.571,1.14E-12,2.46E-12,38.87782091,-202.466965,97.55846025,-285.8279919,135.7580497,-284.882277
2.572,3.87E-12,-2.25E-12,39.27715406,-201.8691442,98.25079452,-284.975392,136.5281084,-283.9391847
2.573,1.34E-11,-7.25E-13,40.80606831,-201.500978,100.0578048,-284.3491263,138.4027652,-283.2385935
2.574,3.18E-12,8.53E-13,41.55724945,-200.9838131,101.0762056,-283.5672481,139.4733655,-282.4039017
2.575,7.96E-13,2.30E-12,42.48338504,-200.4810802,102.262713,-282.7898942,140.6943796,-281.5979767
2.576,-5.68E-12,5.12E-13,43.35530689,-199.9661213,103.3944966,-281.9867584,141.8384218,-280.7935973
2.577,3.98E-12,3.57E-12,44.23730335,-199.4409462,104.5314498,-281.1647311,142.9715629,-279.9922104
2.578,-3.52E-12,-3.85E-12,45.0730505,-198.8913472,105.6152795,-280.3141079,144.0392616,-279.179045
2.579,1.59E-12,1.53E-12,45.80859464,-198.3022689,106.5888108,-279.427276,144.9880943,-278.3414221
2.58,4.32E-12,1.36E-12,46.65581968,-197.7665204,107.6624957,-278.5981521,146.0322647,-277.5681917
2.581,-1.81E-11,2.59E-12,47.6900525,-197.2361072,108.9098135,-277.782701,147.2490034,-276.8102525
2.582,-7.73E-12,3.41E-13,48.55984773,-196.6778972,109.977471,-276.9517496,148.2887688,-276.033365
2.583,7.39E-12,2.47E-12,49.34284263,-196.0780608,110.9412577,-276.0954277,149.231102,-275.2225927
2.584,1.93E-12,5.97E-12,50.1692772,-195.4811321,111.9295661,-275.2622287,150.2081468,-274.4213624
2.585,6.59E-12,3.71E-12,51.12555433,-194.9204791,113.026951,-274.4894798,151.3082099,-273.6619351
2.586,2.17E-11,-1.99E-13,52.10063068,-194.3410842,114.1218337,-273.7229024,152.4221516,-272.8881859
2.587,1.09E-11,3.23E-12,52.88740755,-193.7004295,115.0112809,-272.9189665,153.344777,-272.0564899
2.588,-3.75E-12,1.24E-12,53.65634405,-193.1160403,115.8708406,-272.1911723,154.2484491,-271.2832653
2.589,1.24E-11,2.13E-13,54.44875989,-192.4901129,116.7469211,-271.4376912,155.1763914,-270.4696012
2.59,-4.55E-13,-1.15E-12,55.16498225,-191.8411127,117.5449383,-270.6729635,156.0308347,-269.6328559
2.591,-3.87E-12,-5.13E-12,56.27138563,-191.2685415,118.7363556,-269.9924663,157.2800574,-268.8714241
2.592,1.15E-11,-3.69E-13,57.01624741,-190.5845082,119.5745388,-269.2042833,158.1769185,-267.995005
2.593,-2.05E-12,3.78E-12,57.73327854,-189.9534118,120.3982878,-268.4687885,159.0526065,-267.1694769
2.594,-5.57E-12,6.25E-13,58.56134336,-189.3009181,121.3515555,-267.707623,160.0465061,-266.3205674
2.595,4.66E-12,-8.53E-14,59.14008525,-188.6194558,122.0781571,-266.9097019,160.7976827,-265.4417376
2.596,-1.71E-12,-4.12E-13,60.21261115,-188.0030354,123.31686,-266.1703367,162.0488357,-264.6263069
2.597,-9.09E-13,-1.32E-12,60.86067556,-187.3039312,124.144802,-265.3427928,162.8804127,-263.7265359
2.598,-7.84E-12,-1.55E-12,61.62515776,-186.654206,125.0982454,-264.5601238,163.8319865,-262.8744735
2.599,7.50E-12,7.25E-13,62.29142609,-185.963662,125.9579415,-263.7331229,164.6876186,-261.9799079
2.6,-3.52E-12,3.30E-12,63.33590094,-185.3323505,127.195694,-262.9628324,165.9224228,-261.1428768
2.601,3.64E-12,-2.03E-12,63.93230464,-184.6265819,127.9806082,-262.1165534,166.7088147,-260.2296765
2.602,-5.80E-12,1.12E-12,64.93732935,-183.9770087,129.1647593,-261.3259294,167.9021797,-259.3709456
2.603,-3.02E-11,2.61E-12,65.48738326,-183.2814905,129.8799387,-260.4898111,168.6376194,-258.4645301
2.604,-6.37E-12,4.76E-12,65.89297227,-182.5134492,130.4320353,-259.5826111,169.2243329,-257.4838378
2.605,-5.34E-12,7.25E-13,66.99243889,-181.9113103,131.6561221,-258.8425888,170.4993562,-256.6672805
2.606,1.10E-11,-2.88E-12,67.67469605,-181.2077108,132.4403868,-258.0043697,171.3502954,-255.7474812
2.607,-3.30E-12,1.78E-12,68.15726486,-180.429049,133.0030847,-257.095663,171.9950437,-254.7494236
2.608,-1.80E-11,-3.35E-12,69.21566116,-179.8347781,134.120466,-256.377233,173.206177,-253.9348123
2.609,1.49E-11,1.98E-12,69.90201358,-179.1121002,134.8453936,-255.5375928,174.0342663,-252.9919299
2.61,3.07E-12,-9.81E-13,70.43021275,-178.344371,135.3927059,-254.6641328,174.6918579,-252.0079361
2.611,3.52E-12,-1.08E-12,71.53917332,-177.7452792,136.5041306,-253.9690852,175.9183878,-251.1948324
2.612,2.61E-12,1.09E-12,72.13945897,-177.0165817,137.0937008,-253.1550837,176.6255969,-250.2550218
2.613,-9.21E-12,6.68E-13,72.8413674,-176.2765647,137.7751835,-252.3412908,177.4249605,-249.307436
2.614,3.18E-12,-3.13E-13,73.51335264,-175.548067,138.4205024,-251.5514216,178.1861101,-248.3755597
2.615,5.91E-12,8.24E-13,74.43086909,-174.9079179,139.3112613,-250.8605891,179.1856775,-247.5368682
2.616,-1.69E-11,-2.80E-12,74.90273848,-174.1816249,139.7556763,-250.0929414,179.733662,-246.6175144
2.617,-9.09E-12,-9.52E-13,75.73045578,-173.4995952,140.5572757,-249.3745932,180.6327359,-245.7485514
2.618,1.47E-11,4.55E-13,76.33949567,-172.7729972,141.1435672,-248.6124208,181.3095515,-244.8417936
2.619,-9.09E-13,7.25E-13,76.9510546,-172.0662464,141.7377805,-247.8665472,181.9864826,-243.9623021
2.62,-7.16E-12,-3.13E-13,77.55046042,-171.3674729,142.3272767,-247.1208102,182.6537556,-243.0962907
2.621,1.53E-11,-1.85E-12,78.23047866,-170.7033842,143.0068545,-246.3976248,183.4027567,-242.2714849
2.622,-7.28E-12,9.95E-13,79.42350927,-170.1438141,144.2109469,-245.7625325,184.668253,-241.5559073
2.623,1.14E-11,3.41E-12,79.59131169,-169.3853149,144.4031495,-244.9087579,184.9143711,-240.6442989
2.624,6.71E-12,1.05E-12,80.31053098,-168.7483497,145.1635636,-244.1579275,185.7201234,-239.8553114
2.625,-1.47E-11,-5.24E-12,80.93339855,-168.1116953,145.8476358,-243.390854,186.4401085,-239.0659102
2.626,9.78E-12,1.79E-12,81.51343668,-167.475729,146.5101317,-242.6112958,187.1282441,-238.2760064
2.627,8.53E-12,-7.67E-13,82.13779591,-166.8635652,147.2400172,-241.8445806,187.8726482,-237.5070804
2.628,1.82E-12,2.74E-12,82.66745792,-166.2554792,147.898579,-241.0744297,188.5337595,-236.7390061
2.629,1.74E-11,4.55E-12,83.20078195,-165.656754,148.5844814,-240.3095722,189.2093944,-235.9766654
2.63,-1.26E-11,9.52E-13,83.72061936,-165.0654326,149.2808806,-239.5514971,189.8818613,-235.2177001
2.631,-4.32E-12,1.25E-12,84.19620271,-164.4797703,149.9573143,-238.8019059,190.51985,-234.4599642
2.632,1.63E-11,-8.95E-13,84.67068223,-163.9030507,150.658446,-238.0654275,191.1659677,-233.7063402
2.633,8.64E-12,-1.04E-12,85.11074467,-163.3180794,151.3454871,-237.3268403,191.7863583,-232.9392324
2.634,-7.50E-12,3.24E-12,85.5061554,-162.7423499,152.0040488,-236.6037726,192.3702443,-232.1757331
2.635,-2.39E-12,-1.35E-12,85.92785103,-162.1807148,152.7009138,-235.9012113,192.9880193,-231.4202937
2.636,5.00E-12,1.44E-12,86.28327434,-161.596595,153.3393708,-235.1827119,193.5465833,-230.6359339
2.637,4.66E-12,-1.93E-12,86.68950898,-161.0465901,154.0323495,-234.5050083,194.1649074,-229.8767224
2.638,6.82E-12,-2.33E-12,87.08173846,-160.4929596,154.7108795,-233.8304946,194.7746058,-229.1078952
2.639,-1.69E-11,1.39E-12,87.44867067,-159.9380433,155.3595145,-233.161645,195.3630681,-228.332858
2.64,-2.73E-12,-2.15E-12,87.86690147,-159.3880937,156.0506966,-232.5048465,196.0055719,-227.5589294
2.641,1.48E-12,-2.42E-13,88.23394476,-158.8490087,156.6773843,-231.8679511,196.5979116,-226.794893
2.642,1.22E-11,-2.27E-12,88.57663335,-158.2965178,157.2640993,-231.2221621,197.1674442,-226.0128834
2.643,-6.71E-12,-5.47E-12,88.92993708,-157.7573552,157.8428402,-230.5911696,197.7490043,-225.2375226
2.644,-1.44E-11,9.95E-14,89.24106695,-157.2202188,158.3607666,-229.959074,198.2896675,-224.4553957
2.645,3.07E-12,-2.44E-12,89.54818962,-156.6951984,158.857096,-229.3333963,198.8274653,-223.6744807
2.646,-1.08E-11,-2.63E-12,89.85490601,-156.1782285,159.339363,-228.7055806,199.3658632,-222.8885991
2.647,2.06E-11,-1.04E-12,90.19492272,-155.6860657,159.8452081,-228.0878942,199.9384324,-222.1123956
2.648,1.32E-11,-1.72E-12,90.51487891,-155.2376108,160.325204,-227.4947478,200.4916769,-221.3626585
2.649,1.16E-11,-1.52E-12,90.77955161,-154.7853741,160.7480617,-226.8741619,200.9902383,-220.5897855
2.65,-2.50E-12,5.26E-13,91.09043436,-154.3525083,161.2192085,-226.2447994,201.5354749,-219.8148172
2.651,-2.39E-12,-2.46E-12,91.35836293,-153.9576022,161.6516549,-225.6223771,202.0363282,-219.0558478
2.652,9.32E-12,-1.36E-12,91.61921391,-153.5645984,162.0879605,-224.9694964,202.5312886,-218.2778561
2.653,-6.93E-12,2.19E-12,91.87573378,-153.2285939,162.5361143,-224.3420613,203.0245377,-217.5386718
2.654,8.30E-12,-2.91E-12,92.14497665,-152.9089183,163.0138044,-223.703254,203.5345647,-216.8003573
2.655,-3.18E-12,1.93E-12,92.3446242,-152.601121,163.4391674,-223.0529637,203.9804863,-216.0611946
2.656,-4.21E-12,-3.15E-12,92.5074692,-152.2948795,163.8454506,-222.3852082,204.3965305,-215.313594
2.657,9.32E-12,-1.07E-12,92.72973925,-152.0018405,164.3293364,-221.7159742,204.88036,-214.5719348
2.658,1.31E-11,1.71E-12,92.9657517,-151.7647459,164.8455968,-221.0923436,205.3877271,-213.8816916
2.659,-7.96E-12,-2.98E-12,93.04343404,-151.4916431,165.222614,-220.426704,205.7479945,-213.1536446
2.66,-3.87E-12,-5.83E-13,93.15919685,-151.2303296,165.6572534,-219.7711929,206.1590079,-212.4383237
2.661,6.03E-12,-5.40E-13,93.33727276,-151.0061814,166.1742022,-219.1555264,206.6464349,-211.7638379
2.662,3.75E-12,-1.71E-12,93.3939604,-150.7590943,166.587998,-218.5248466,207.0257935,-211.0737218
2.663,3.98E-12,2.23E-12,93.37860368,-150.5129101,166.9469369,-217.902205,207.3463602,-210.3894196
2.664,-7.16E-12,1.39E-12,93.47267188,-150.3015642,167.428746,-217.3219589,207.7868426,-209.7436809
2.665,9.55E-12,1.86E-12,93.93953519,-150.2023103,168.294412,-216.8592048,208.6108077,-209.2118474
2.666,-1.52E-11,-1.05E-12,93.54666661,-149.8775074,168.3071117,-216.1763364,208.5801727,-208.4550135
2.667,1.43E-11,1.90E-12,93.52642281,-149.6719538,168.6957457,-215.6155528,208.9245559,-207.8159382
2.668,-8.30E-12,-5.40E-13,93.5267739,-149.4833412,169.1048281,-215.0719466,209.2891888,-207.1902737
2.669,-6.37E-12,-3.58E-12,93.52299333,-149.3327003,169.5061761,-214.563949,209.6466063,-206.5970112
2.67,2.84E-12,2.56E-13,93.45610751,-149.1439179,169.8373601,-214.0128478,209.9350962,-205.957998
2.671,5.68E-13,-3.98E-13,93.44990991,-149.0125652,170.2187174,-213.511615,210.2757136,-205.3667661
2.672,-4.66E-12,1.39E-12,93.72914822,-148.9601103,170.8715396,-213.0791194,210.8904675,-204.8427439
2.673,-3.41E-13,-1.82E-12,93.43599837,-148.7838302,170.9345467,-212.5100388,210.9187954,-204.1811691
2.674,-1.15E-11,-2.59E-12,93.46619757,-148.7237127,171.3000196,-212.0417618,211.2536959,-203.6199899
2.675,-7.73E-12,-1.96E-12,93.37883509,-148.6683507,171.5222082,-211.5631174,211.4501364,-203.0485954
2.676,1.03E-11,7.67E-13,93.62198188,-148.7046392,172.0550844,-211.1581965,211.9604195,-202.5522926
2.677,8.98E-12,-2.44E-12,93.40097059,-148.6675112,172.1062732,-210.6638232,211.9928187,-201.9670572
2.678,5.80E-12,-4.23E-12,93.48907794,-148.6810106,172.4540231,-210.2049479,212.3235514,-201.4179756
2.679,4.89E-12,2.61E-12,93.36229616,-148.7024761,172.5792984,-209.7398157,212.4315507,-200.8634293
2.68,-9.09E-13,1.42E-13,93.25493635,-148.7450768,172.7213819,-209.282502,212.5540682,-200.3176298
2.681,-9.66E-12,6.82E-13,93.42051382,-148.8616912,173.1387611,-208.8867919,212.9475602,-199.8344984
2.682,1.14E-12,4.83E-13,93.25862639,-148.9509259,173.2360056,-208.4521984,213.0145651,-199.3136842
2.683,-4.09E-12,-1.65E-12,93.20185722,-149.0236142,173.4506705,-207.9904609,213.1906069,-198.7670631
2.684,-6.59E-12,-2.27E-13,93.29446222,-149.1871094,173.8319837,-207.6098393,213.5228822,-198.3030309
2.685,-1.14E-13,8.81E-13,93.18096805,-149.3386819,174.0294438,-207.2085105,213.6588585,-197.8199009
2.686,-1.46E-11,-1.31E-12,92.988635,-149.4846956,174.175283,-206.7937445,213.7319275,-197.3216155
2.687,9.09E-13,3.98E-13,92.88114214,-149.6692658,174.4369253,-206.4112689,213.9032324,-196.8594888
2.688,-6.25E-12,6.25E-13,92.79950157,-149.8638954,174.7509591,-206.0338985,214.1130385,-196.4054041
2.689,-4.55E-13,2.93E-12,92.53187583,-150.0395762,174.8994358,-205.6357141,214.1463977,-195.9323407
2.69,-2.27E-13,8.53E-13,91.87735367,-150.1098842,174.6753331,-205.1333803,213.7992879,-195.355862
2.691,-4.77E-12,4.55E-13,92.11118977,-150.4473284,175.3477948,-204.9024947,214.3438534,-195.0504641
2.692,9.21E-12,-4.55E-13,91.87507414,-150.6544714,175.5523999,-204.5487088,214.4186734,-194.6206971
2.693,4.09E-12,1.90E-12,91.45409365,-150.8547503,175.5681241,-204.1985483,214.3057242,-194.1919853
2.694,-5.00E-12,-7.39E-13,91.09768167,-151.074028,175.63829,-203.8809651,214.2513286,-193.7921793
2.695,5.68E-13,4.63E-12,90.79648432,-151.3057881,175.7474325,-203.5925312,214.2430219,-193.4167498
2.696,1.46E-11,-2.10E-12,90.46423359,-151.5365945,175.8049065,-203.3202912,214.1914256,-193.0542481
2.697,-5.00E-12,-9.66E-13,90.15224378,-151.7759629,175.8588547,-203.0754145,214.1447433,-192.7161772
2.698,-6.82E-13,-3.98E-13,89.79955721,-152.0151259,175.8459905,-202.8487104,214.0380909,-192.3961937
2.699,-9.55E-12,-2.84E-13,89.39929032,-152.2495702,175.7641353,-202.6311454,213.8676924,-192.0881114
2.7,-1.56E-11,-1.53E-12,89.06758893,-152.4999774,175.7327795,-202.4394842,213.7514407,-191.8115424
2.701,1.59E-12,-9.38E-13,88.77297364,-152.7608431,175.7237882,-202.2643054,213.661873,-191.5579168
2.702,5.68E-12,9.95E-13,88.51389087,-153.0700964,175.7389524,-202.1396208,213.5970086,-191.3640121
2.703,-3.75E-12,-4.26E-13,88.17269142,-153.3633487,175.6639676,-201.9971249,213.4409699,-191.1623204
2.704,7.39E-12,-2.10E-12,87.81414495,-153.6669834,175.566948,-201.8592839,213.2602979,-190.9761054
2.705,1.82E-12,-5.12E-13,87.46209711,-153.9976546,175.4750838,-201.7388347,213.0806098,-190.8189016
2.706,1.47E-11,-6.25E-13,87.08724627,-154.3573542,175.362418,-201.6338524,212.8743756,-190.6895815
2.707,7.96E-13,8.81E-13,86.75319683,-154.758719,175.2958996,-201.5530566,212.7069709,-190.5976622
2.708,8.19E-12,-2.33E-12,86.33366076,-155.1508547,175.1525851,-201.4416357,212.4538794,-190.4891298
2.709,-3.75E-12,1.19E-12,85.97410261,-155.6123169,175.0841645,-201.3744682,212.262337,-190.4394206
2.71,-8.19E-12,2.30E-12,85.55788348,-156.0658601,174.9701739,-201.2750939,212.0163126,-190.3705871
2.711,3.41E-13,4.55E-13,85.10936419,-156.5914265,174.8338118,-201.2239232,211.7407786,-190.3615778
2.712,9.66E-12,-1.14E-13,84.60791519,-157.1235536,174.6523522,-201.1588132,211.4147828,-190.3487885
2.713,-7.96E-12,3.41E-12,84.08115037,-157.685529,174.4513122,-201.1063713,211.0656163,-190.357365
2.714,2.36E-11,3.13E-13,83.63629499,-158.2741558,174.3358206,-201.0667202,210.8001817,-190.3859684
2.715,9.78E-12,-1.62E-12,83.19197182,-158.8666826,174.2224036,-201.0204283,210.536779,-190.4137055
2.716,-1.06E-11,-1.36E-12,82.62286071,-159.5127413,173.9836443,-201.0204471,210.1497653,-190.4920663
2.717,5.68E-13,-5.68E-14,82.05139191,-160.1565687,173.7398764,-201.0143331,209.7612481,-190.5671457
2.718,9.78E-12,-3.35E-12,81.50464519,-160.7846595,173.5160831,-200.9919007,209.3979845,-190.6272967
2.719,-3.64E-12,2.90E-12,80.92111037,-161.4309542,173.2486575,-200.9904102,208.9981415,-190.7083176
2.72,-1.82E-11,-1.19E-12,80.39344633,-162.1010721,173.0281621,-201.0188005,208.6540553,-190.8176862
2.721,-3.18E-12,1.34E-12,79.8341896,-162.7785707,172.7650365,-201.063949,208.2779397,-190.9408179
2.722,9.44E-12,-1.39E-12,79.72890984,-163.5225899,172.9451583,-201.1882207,208.3550416,-191.1387107
2.723,-2.16E-12,-7.67E-13,78.63700314,-164.1445656,172.1247715,-201.2037965,207.4416398,-191.2214737
2.724,4.55E-13,1.42E-12,78.84667997,-164.9776354,172.5959819,-201.4464631,207.8278321,-191.5228601
2.725,-1.34E-11,-7.39E-13,77.29580802,-165.4641514,171.2975366,-201.3590279,206.450358,-191.4836437
2.726,3.52E-12,5.68E-13,76.67805327,-166.1823034,170.9239813,-201.5201362,206.005025,-191.67752
2.727,6.59E-12,2.16E-12,76.66195088,-166.9782642,171.1447305,-201.7764163,206.1556268,-191.9545364
2.728,7.73E-12,-1.76E-12,75.47593478,-167.5873224,170.1890978,-201.8636117,205.1290567,-192.0509979
2.729,-3.75E-12,3.41E-13,75.24703228,-168.3816724,170.18499,-202.1543723,205.0508014,-192.3401157
2.73,-6.71E-12,-7.67E-13,74.12263897,-169.0429564,169.2806823,-202.3307959,204.066716,-192.5045488
2.731,5.12E-12,-1.79E-12,73.83009828,-169.8045413,169.2043976,-202.6267044,203.9026034,-192.7786806
2.732,-5.57E-12,-2.84E-13,73.069778,-170.570409,168.6573833,-202.9465351,203.2572906,-193.0675097
2.733,-7.16E-12,1.56E-12,71.90781192,-171.226747,167.7083949,-203.1740932,202.195371,-193.2582403
2.734,-2.50E-12,0,71.58542956,-172.0746998,167.5919812,-203.6096341,201.9565335,-193.6530336
2.735,-6.14E-12,-5.49E-12,70.75538429,-172.828019,166.9559101,-203.9612959,201.191847,-193.964835
2.736,1.34E-11,-1.02E-12,70.1297523,-173.6266285,166.5094974,-204.3664852,200.6139287,-194.3358586
2.737,6.93E-12,3.47E-12,69.36177126,-174.4499303,165.9031041,-204.8006761,199.8764405,-194.746386
2.738,1.02E-12,-1.96E-12,69.60886283,-175.4559539,166.2912751,-205.4179704,200.1372288,-195.3553266
2.739,3.30E-12,1.17E-12,68.13659387,-176.1641343,164.9367007,-205.7338752,198.6648389,-195.6821244
2.74,6.37E-12,-1.34E-12,67.31004798,-177.0218433,164.2015877,-206.1918346,197.8232328,-196.1728773
2.741,6.93E-12,-5.68E-14,66.64689118,-177.9326374,163.6042015,-206.6912656,197.1315274,-196.7289503
2.742,1.16E-11,1.96E-12,66.13449722,-178.8943856,163.130984,-207.2296997,196.5785473,-197.3460211
2.743,7.84E-12,-1.56E-12,65.88731907,-179.8956851,162.8983387,-207.7953761,196.2801964,-198.0104952
2.744,-8.41E-12,1.42E-12,65.59737757,-180.9254675,162.6002373,-208.3768686,195.9299465,-198.7091129
2.745,2.27E-13,-3.38E-12,64.85033965,-181.9129644,161.8242973,-208.9030508,195.1149153,-199.3689142
2.746,-8.64E-12,1.28E-12,63.32026555,-182.7758622,160.2465297,-209.2912509,193.5106139,-199.905394
2.747,4.32E-12,-1.53E-12,62.21111352,-183.7488842,159.0721615,-209.7749282,192.3217696,-200.550178
2.748,-3.52E-12,6.82E-13,61.95573432,-184.910769,158.7369467,-210.4383651,191.9836367,-201.385715
2.749,-2.27E-12,2.84E-12,61.12392133,-185.9833871,157.8150133,-211.0085023,191.0673663,-202.1380096
2.75,-6.03E-12,2.53E-12,60.23882571,-187.0590995,156.8282659,-211.5852834,190.0974673,-202.9035565
2.751,-1.25E-12,-9.66E-13,59.35685441,-188.1435444,155.8343513,-212.1812293,189.1317042,-203.6921281
2.752,6.93E-12,2.84E-13,58.48900861,-189.2283412,154.8455102,-212.7948421,188.187563,-204.4988522
2.753,1.02E-12,-9.95E-13,57.72301524,-190.3112502,153.9507091,-213.4307649,187.3473354,-205.3301082
2.754,-1.17E-11,-1.71E-13,56.94752991,-191.3912562,153.0398433,-214.0948651,186.49879,-206.1923257
2.755,6.14E-12,-2.93E-12,55.87110302,-192.4182123,151.8227026,-214.7438785,185.34959,-207.0428033
2.756,-1.24E-11,1.19E-12,54.61514827,-193.4080773,150.4219404,-215.4006466,184.020262,-207.9049449
2.757,4.21E-12,2.56E-13,54.39406085,-194.4995656,150.052921,-216.2072325,183.7240437,-208.9213762
2.758,2.73E-12,1.05E-12,52.93161126,-195.3843603,148.4396435,-216.8570291,182.1828074,-209.7860527
2.759,-3.07E-12,-2.70E-12,51.83325286,-196.3397782,147.1869402,-217.6260873,180.9992587,-210.7755877
2.76,5.80E-12,6.82E-13,51.59364527,-197.4059145,146.7888499,-218.5532362,180.6653096,-211.9293728
2.761,-3.98E-12,-1.85E-12,49.98880927,-198.1878398,145.0207722,-219.2422804,178.9542333,-212.8517753
2.762,-1.02E-11,-7.39E-13,48.98475148,-199.1209227,143.8499269,-220.1251596,177.8292886,-213.9774603
2.763,-1.71E-12,7.11E-13,48.28270448,-199.9980221,142.9734218,-220.9935915,176.989591,-215.0950325
2.764,1.02E-11,-1.48E-12,46.9187276,-200.8624764,141.4247562,-221.8875237,175.4707909,-216.2464485
2.765,-8.87E-12,-2.70E-12,46.78078207,-201.8430047,141.0893313,-222.9322846,175.1616705,-217.5561496
2.766,-2.16E-12,-3.92E-12,44.84631285,-202.5631322,138.9420318,-223.7480086,173.0404958,-218.6433831
2.767,-4.32E-12,2.05E-12,43.86714324,-203.4535186,137.73288,-224.7606449,171.8606697,-219.9332111
2.768,6.82E-13,-6.54E-13,42.80313263,-204.2610592,136.4194968,-225.7190611,170.5831945,-221.1736141
2.769,2.39E-12,2.84E-12,41.85507837,-205.1538651,135.2009808,-226.7925587,169.4105497,-222.5330066
2.77,1.69E-11,-1.96E-12,40.75241025,-205.9386495,133.8050631,-227.7890414,168.0738474,-223.818405
2.771,4.32E-12,2.84E-14,39.79928552,-206.7824207,132.5342022,-228.8767077,166.878927,-225.1971208
2.772,-1.40E-11,2.05E-12,38.74719952,-207.6121779,131.1381945,-229.9837471,165.5789662,-226.5964566
2.773,3.41E-12,1.42E-13,37.73409846,-208.3810976,129.7532875,-231.0645264,164.3135934,-227.9698919
2.774,-1.36E-12,-2.39E-12,36.69578369,-209.1891692,128.317011,-232.2197342,163.0202922,-229.4177196
2.775,2.73E-12,5.12E-13,35.63319268,-209.9345017,126.828135,-233.3499136,161.7016823,-230.8383518
2.776,-2.27E-12,-9.38E-13,34.66597783,-210.6944623,125.407701,-234.5345653,160.4819346,-232.3096967
2.777,-1.06E-11,3.69E-13,33.65306336,-211.4452375,123.9160226,-235.7520093,159.2104729,-233.8083038
2.778,-6.14E-12,-9.95E-13,32.47642353,-212.1273244,122.2364633,-236.944876,157.7622938,-235.2745317
2.779,3.41E-12,3.98E-13,31.29995745,-212.7591957,120.5347047,-238.1323977,156.2947125,-236.7253405
2.78,-8.53E-12,-1.17E-12,30.60157527,-213.4450122,119.2888702,-239.4186821,155.2774853,-238.2625658
2.781,9.21E-12,8.81E-13,30.08909919,-214.2000571,118.2070267,-240.8181665,154.4103126,-239.8983729
2.782,7.28E-12,-1.71E-13,28.16807711,-214.6334556,115.694967,-241.9391305,152.0906206,-241.2387693
2.783,-1.48E-12,-2.27E-13,27.14317158,-215.2036423,114.0575984,-243.2391631,150.6149497,-242.739072
2.784,-4.55E-13,1.48E-12,26.12982226,-215.7610428,112.4126671,-244.5687068,149.0906179,-244.2465889
2.785,-1.82E-12,2.93E-12,25.88814855,-216.4421284,111.515946,-246.0623278,148.2696226,-245.8946734
2.786,-4.55E-13,3.18E-12,24.97098029,-216.982769,109.9183165,-247.4547062,146.7012886,-247.4146242
2.787,-4.09E-12,2.76E-12,22.98455768,-217.3210017,107.2240704,-248.6826891,143.9979044,-248.7529294
2.788,-6.93E-12,-2.19E-12,21.79250844,-217.7711642,105.2949668,-250.0564855,142.0338561,-250.2286054
2.789,1.59E-12,2.70E-12,20.67323112,-218.1964025,103.4096523,-251.4427832,140.1004166,-251.7171471
2.79,8.07E-12,1.76E-12,19.68169747,-218.6281488,101.6229145,-252.8733359,138.2650001,-253.2591153
2.791,-5.57E-12,5.68E-13,18.68162992,-219.0445423,99.79829128,-254.3266045,136.4037712,-254.841778
2.792,1.14E-13,-1.73E-12,17.69794165,-219.440375,97.96051164,-255.7977024,134.5540853,-256.4690559
2.793,0,4.26E-13,16.57818538,-219.8115209,95.95943224,-257.2839572,132.5759375,-258.1459517
2.794,8.75E-12,1.31E-12,15.50311647,-220.1193101,93.97367055,-258.7468789,130.6557552,-259.8403879
2.795,-5.34E-12,-1.17E-12,14.54228504,-220.4662866,92.07313247,-260.2893814,128.8578709,-261.6456938
2.796,-6.25E-12,-3.04E-12,13.58385444,-220.7853852,90.14681565,-261.8438152,127.0611324,-263.4806677
2.797,1.14E-13,-1.11E-12,12.61940102,-221.0926801,88.18602384,-263.4261418,125.2466935,-265.3477191
2.798,-1.36E-12,-3.41E-12,11.55543739,-221.326379,86.09696303,-264.9727822,123.3106104,-267.1697171
2.799,-2.96E-11,-4.86E-12,10.84172004,-221.6546564,84.32908307,-266.6501244,121.6921831,-269.0994976
2.8,-6.93E-12,5.68E-13,9.628713487,-221.8024527,82.03254188,-268.1813222,119.5314195,-270.8466623
2.801,1.18E-11,4.52E-12,8.714977674,-222.0433915,80.00559275,-269.8382126,117.6316082,-272.6737378
2.802,1.59E-12,5.68E-14,7.793309765,-222.2339056,77.94072622,-271.4754417,115.6729713,-274.4439842
2.803,4.55E-13,5.40E-13,6.859834908,-222.4261794,75.83376082,-273.1434073,113.6491027,-276.2202292
2.804,-1.48E-12,-1.42E-12,5.904730072,-222.5898903,73.67532442,-274.8114968,111.547648,-277.9827929
2.805,1.71E-11,1.76E-12,5.008726213,-222.753531,71.54529041,-276.5039331,109.446807,-279.7708111
2.806,4.55E-12,1.08E-12,4.132189496,-222.9063306,69.40490285,-278.2062629,107.3044144,-281.5841559
2.807,-4.55E-12,7.11E-13,3.239094304,-223.0547557,67.22022079,-279.919278,105.0831204,-283.4379445
2.808,-2.61E-12,-2.16E-12,2.427550766,-223.2360804,65.090484,-281.683045,102.8787553,-285.3865692
2.809,-1.14E-13,2.05E-12,1.393361518,-223.3153905,62.71347884,-283.3629659,100.3940314,-287.3101628
2.81,-1.00E-11,-8.81E-13,0.550388434,-223.4903529,60.50505094,-285.1570237,98.07178117,-289.3908073
2.811,-7.73E-12,-2.84E-14,-0.285646992,-223.6250456,58.28290552,-286.9296124,95.76655382,-291.4758265
2.812,-1.16E-11,-1.11E-12,-1.130882922,-223.7105801,56.03288816,-288.6721596,93.50103895,-293.5395778
2.813,-1.71E-12,2.36E-12,-2.012077985,-223.7625335,53.73038095,-290.4053552,91.28730602,-295.5808844
2.814,-1.46E-11,3.58E-12,-2.891680589,-223.7819907,51.41134334,-292.1269199,89.20173427,-297.584077
2.815,7.73E-12,4.29E-12,-3.707616562,-223.8445484,49.13698024,-293.9118886,87.33163297,-299.6139003
2.816,1.14E-12,-6.54E-13,-4.569964831,-223.8339157,46.79679698,-295.6407234,85.55494605,-301.5542628
2.817,8.19E-12,-1.22E-12,-5.453883314,-223.7982441,44.41245225,-297.3565868,83.86924567,-303.455153
2.818,3.75E-12,-4.55E-13,-6.26551941,-223.751838,42.07517084,-299.0654695,82.34167027,-305.3293876
2.819,4.32E-12,-1.68E-12,-7.090185863,-223.6561602,39.69701218,-300.7205204,80.86019271,-307.1369416
2.82,-9.32E-12,1.39E-12,-7.921081874,-223.6267692,37.28214924,-302.4289846,79.40489975,-308.9918858
2.821,-2.39E-12,-1.73E-12,-8.797835472,-223.5525521,34.78832616,-304.0714351,77.90944897,-310.7816194
2.822,3.18E-12,-8.53E-14,-9.639067322,-223.4673905,32.29491256,-305.6777542,76.42850542,-312.5385365
2.823,9.89E-12,-1.42E-13,-10.43440174,-223.3882469,29.81500236,-307.2578696,74.94573073,-314.2781117
2.824,8.98E-12,1.85E-12,-11.35342054,-223.337297,27.18335347,-308.8295977,73.2648286,-316.0210331
2.825,-2.16E-12,-9.95E-13,-12.1125135,-223.3304327,24.68963973,-310.4045044,71.64441899,-317.7817386
2.826,6.71E-12,-1.42E-13,-12.86514841,-223.3063139,22.18365492,-311.926663,69.90324149,-319.5071733
2.827,-3.75E-12,4.77E-12,-13.68392597,-223.2647162,19.59763817,-313.4004832,67.94248121,-321.2046191
2.828,7.96E-13,-1.25E-12,-14.4254078,-223.2829077,17.07986763,-314.9078677,65.87936234,-322.9588502
2.829,1.77E-11,-6.68E-13,-15.17475306,-223.2828796,14.55002394,-316.375442,63.60251143,-324.6993644
2.83,4.32E-12,5.97E-13,-16.00005395,-223.2558918,11.94181705,-317.7968185,61.02637166,-326.4245021
2.831,-1.42E-11,-9.09E-13,-16.69774935,-223.2471976,9.458463206,-319.2171608,58.37895393,-328.1644314
2.832,-5.00E-12,-2.15E-12,-17.34986983,-223.2366074,7.016099076,-320.6138361,55.61245188,-329.8832913
2.833,-4.21E-12,2.76E-12,-18.15320445,-223.2032045,4.416102833,-321.9634839,52.56430046,-331.5444931
2.834,-8.07E-12,-6.96E-13,-18.76737774,-223.1763895,1.998406328,-323.2906506,49.61048846,-333.1593551
2.835,-9.21E-12,3.94E-12,-19.38780003,-223.1101433,-0.433539789,-324.544508,46.59052334,-334.6638212
2.836,-4.32E-12,1.42E-13,-20.14462484,-223.0576187,-3.009524807,-325.7708457,43.40648231,-336.0935426
2.837,4.55E-13,-8.24E-13,-20.740736,-222.9816328,-5.432068305,-326.9251176,40.3662738,-337.4096047
2.838,-8.19E-12,1.61E-12,-21.3067693,-222.8892702,-7.831441848,-328.0070452,37.34732621,-338.6193712
2.839,-4.66E-12,-1.32E-12,-22.02599769,-222.7853481,-10.39200914,-329.0145532,34.17443078,-339.7279385
2.84,-1.19E-11,-4.50E-12,-22.63806368,-222.6920198,-12.85082114,-329.9685793,31.1160092,-340.757739
2.841,-4.32E-12,1.11E-12,-23.37601166,-222.533668,-15.43871073,-330.7930432,27.94708128,-341.6334346
2.842,1.59E-12,-2.07E-12,-24.00040614,-222.3971713,-17.91403095,-331.5743607,24.91514672,-342.4421831
2.843,4.77E-12,-2.42E-13,-24.46477399,-222.2986611,-20.22809715,-332.3281999,22.0747428,-343.200395
2.844,-5.57E-12,-2.12E-12,-25.1736477,-222.1618367,-22.78409335,-332.9776903,19.02853825,-343.8319416
2.845,-2.13E-11,-2.71E-12,-25.79915771,-221.9923591,-25.25461858,-333.5296063,16.10978671,-344.3443397
2.846,-1.64E-11,-2.05E-12,-26.41151957,-221.8260728,-27.71089224,-334.0197414,13.24281258,-344.7774718
2.847,7.84E-12,-7.11E-13,-27.50205846,-221.6101463,-30.64524337,-334.3952125,9.944879033,-345.0784755
2.848,3.52E-12,1.17E-12,-27.58534279,-221.552003,-32.5732442,-334.8633917,7.696778218,-345.4586555
2.849,-1.34E-11,-7.82E-13,-28.23013587,-221.3713713,-35.06466189,-335.1439563,4.925107369,-345.6416213
2.85,-5.57E-12,-6.54E-13,-28.78645394,-221.2116042,-37.47051653,-335.3802077,2.275210767,-345.7746067
2.851,3.52E-12,8.53E-13,-29.44512522,-221.0177427,-39.98264017,-335.5171356,-0.448379233,-345.8065339
2.852,1.60E-11,3.42E-12,-30.23180235,-220.8025387,-42.62768931,-335.5674408,-3.27595476,-345.7540361
2.853,-1.11E-11,-2.30E-12,-30.71950772,-220.6677011,-44.97969017,-335.6327807,-5.785177654,-345.722703
2.854,0,-1.07E-12,-31.03576476,-220.5908522,-47.16635648,-335.6916361,-8.107397257,-345.6949478
2.855,2.61E-12,-8.81E-13,-31.51526212,-220.4425958,-49.52228005,-335.6172991,-10.58084098,-345.5479952
2.856,-8.53E-12,-1.99E-12,-32.21406597,-220.2455214,-52.1023033,-335.4361069,-13.26365844,-345.308809
2.857,1.02E-11,-7.96E-13,-32.55638387,-220.1218907,-54.32941003,-335.2740691,-15.58271748,-345.107367
2.858,1.08E-11,-6.68E-13,-33.0220413,-219.9517731,-56.68199473,-335.0167822,-18.01620236,-344.8292148
2.859,4.43E-12,-3.81E-12,-33.55240581,-219.7799627,-59.099486,-334.7142351,-20.50383943,-344.5246228
2.86,1.56E-11,-3.84E-13,-33.87183679,-219.6371397,-61.3034623,-334.4045238,-22.76834685,-344.2297473
2.861,-1.48E-12,-6.96E-13,-34.28911962,-219.4637503,-63.59992807,-334.0355107,-25.1168688,-343.8905109
2.862,6.25E-12,1.07E-12,-34.88102574,-219.2059617,-66.06287384,-333.5607791,-27.62453549,-343.4585567
2.863,-1.43E-11,-5.68E-13,-35.19745415,-218.9911124,-68.23892294,-333.1136453,-29.83910997,-343.0652614
2.864,-1.82E-12,2.98E-13,-35.88752332,-218.676465,-70.77391327,-332.5532173,-32.40756986,-342.5677931
2.865,3.52E-12,-2.27E-13,-36.10353416,-218.4362614,-72.81573987,-332.0538184,-34.47894992,-342.1385352
2.866,5.00E-12,2.02E-12,-36.66596008,-218.125373,-75.18047028,-331.4704016,-36.86956279,-341.6344955
2.867,-1.35E-11,-2.52E-12,-36.95983454,-217.8564889,-77.24873204,-330.9157373,-38.96746171,-341.1569391
2.868,2.50E-12,-7.11E-14,-37.22061158,-217.6174467,-79.25157333,-330.3777446,-41.00890667,-340.6882783
2.869,-4.43E-12,-2.87E-12,-37.80162019,-217.2789539,-81.53791724,-329.7272126,-43.34803259,-340.0937956
2.87,-2.27E-12,-2.19E-12,-38.14847833,-217.085372,-83.54897584,-329.2085841,-45.43126339,-339.612427
2.871,4.55E-12,-2.22E-12,-38.65656642,-216.7526649,-85.67668612,-328.5371141,-47.65478545,-338.9547113
2.872,-8.41E-12,3.98E-13,-38.64511549,-216.6818538,-87.23768647,-328.1116524,-49.33975196,-338.5176959
2.873,-1.25E-12,2.42E-13,-38.89869641,-216.4826404,-89.01642053,-327.5437396,-51.27407686,-337.9111863
2.874,9.09E-12,2.03E-12,-39.6919627,-216.2107511,-91.28816215,-326.8920582,-53.73650423,-337.19213
2.875,1.19E-11,3.51E-12,-39.83545474,-216.0505713,-92.86407202,-326.3439498,-55.54166503,-336.5461333
2.876,1.21E-11,1.68E-12,-40.21906998,-215.9000089,-94.63466791,-325.8002784,-57.58354731,-335.8723252
2.877,-1.76E-11,-3.60E-12,-40.56442373,-215.7375659,-96.32218544,-325.242502,-59.58961538,-335.1565851
2.878,2.05E-12,-1.82E-12,-41.17166163,-215.4949111,-98.22739057,-324.6052456,-61.8515577,-334.3302406
2.879,2.84E-12,-2.93E-12,-42.24130868,-215.1326187,-100.5514286,-323.8520394,-64.56384636,-333.3619296
2.88,-3.75E-12,-2.47E-12,-42.60746837,-214.9901674,-102.1290234,-323.3253184,-66.55453189,-332.5991945
2.881,1.13E-11,3.03E-12,-43.03964508,-214.7977206,-103.7302996,-322.7582019,-68.58706574,-331.780262
2.882,-4.77E-12,-1.71E-12,-43.55327458,-214.5984274,-105.3725818,-322.1998595,-70.67083074,-330.9563451
2.883,7.62E-12,-4.26E-14,-43.9571593,-214.4052516,-106.8653511,-321.6593778,-72.60726345,-330.1489429
2.884,-5.68E-12,-2.53E-12,-44.35351056,-214.2287743,-108.314086,-321.1455587,-74.49256687,-329.3739331
2.885,-1.59E-11,-3.10E-12,-44.77189589,-214.0164521,-109.7501165,-320.6045036,-76.3487958,-328.5844931
2.886,6.71E-12,-1.75E-12,-45.22969581,-213.7944856,-111.1925857,-320.0610579,-78.18581805,-327.8125441
2.887,-1.02E-12,1.99E-13,-45.77941262,-213.5583979,-112.6957587,-319.5093898,-80.0486232,-327.05933
2.888,1.22E-11,-1.86E-12,-46.10322104,-213.3318195,-113.9435726,-318.9717744,-81.61187334,-326.3542021
2.889,-1.28E-11,-3.55E-12,-46.46900296,-213.137095,-115.2056721,-318.4692012,-83.14056319,-325.7257066
2.89,2.39E-12,-1.92E-12,-46.98456214,-212.8787404,-116.5916235,-317.9048311,-84.74230343,-325.0729631
2.891,-5.68E-13,-1.31E-12,-47.44707272,-212.6479875,-117.9003635,-317.3685407,-86.21921679,-324.4837048
2.892,-8.75E-12,-4.35E-12,-47.84606997,-212.4306027,-119.12319,-316.8447412,-87.56578706,-323.9401996
2.893,7.50E-12,-2.42E-13,-48.27145748,-212.187216,-120.3532078,-316.2975356,-88.87686641,-323.3995793
2.894,6.03E-12,7.39E-13,-48.86435055,-211.891887,-121.7306859,-315.6954713,-90.2985187,-322.8324047
2.895,-1.48E-11,1.53E-12,-49.2724351,-211.6197619,-122.9034484,-315.1147753,-91.48296802,-322.3105329
2.896,1.57E-11,1.90E-12,-49.73053924,-211.3825611,-124.1073823,-314.5679176,-92.6705015,-321.8420638
2.897,1.30E-11,-1.51E-12,-50.25737623,-211.1096364,-125.3615313,-313.9846698,-93.8845628,-321.3523993
2.898,5.23E-12,1.42E-12,-50.33565424,-210.9583944,-126.1489339,-313.5228583,-94.61259051,-320.9949958
2.899,9.09E-13,-4.12E-13,-51.1359311,-210.5735522,-127.6404784,-312.8276203,-96.02987283,-320.4106204
2.9,-2.50E-12,5.40E-13,-51.63134846,-210.3014801,-128.8096368,-312.245746,-97.11428182,-319.9416936
2.901,-2.96E-12,-1.73E-12,-52.0961145,-210.0416862,-129.9309477,-311.6771633,-98.1459474,-319.4848283
2.902,-2.50E-12,2.56E-13,-52.57020532,-209.7530574,-131.0447175,-311.081179,-99.16265314,-318.9969084
2.903,8.87E-12,4.83E-13,-53.11104055,-209.4781627,-132.2086962,-310.5007823,-100.2214147,-318.5201767
2.904,-1.48E-12,9.09E-13,-53.56047502,-209.244657,-133.2650691,-309.9640477,-101.1636828,-318.081962
2.905,1.00E-11,4.26E-14,-54.11784303,-208.9476233,-134.415425,-309.365607,-102.1883878,-317.5770212
2.906,-1.09E-11,-2.34E-12,-54.71576483,-208.6676915,-135.5900557,-308.7883045,-103.2288206,-317.087597
2.907,-2.96E-12,-4.14E-12,-55.27133967,-208.3867499,-136.7068386,-308.2130199,-104.203176,-316.5942901
2.908,1.09E-11,-1.68E-12,-55.87958201,-208.0873783,-137.8627375,-307.6233904,-105.208735,-316.0804586
2.909,1.14E-12,2.98E-13,-56.4712919,-207.8260532,-138.9905019,-307.0769496,-106.1785644,-315.6033573
2.91,-1.41E-11,-7.03E-12,-57.00479143,-207.5383406,-140.0504032,-306.5103208,-107.0732532,-315.0993304
2.911,-3.41E-13,2.53E-12,-57.59894721,-207.2888748,-141.1632574,-305.9891956,-108.0139346,-314.6337904
2.912,5.46E-12,1.45E-12,-58.17587902,-207.0070149,-142.2531336,-305.4439904,-108.9249953,-314.1368748
2.913,1.74E-11,-3.74E-12,-58.78147547,-206.7110127,-143.36787,-304.8940142,-109.8545904,-313.6276136
2.914,8.64E-12,2.54E-12,-59.40903571,-206.4005432,-144.5027149,-304.3399993,-110.7985315,-313.1071448
2.915,-1.26E-11,1.28E-13,-59.94727685,-206.1390948,-145.5483349,-303.8464913,-111.6474077,-312.6382492
2.916,-9.09E-12,1.02E-12,-60.48930807,-205.8488301,-146.5998905,-303.3374018,-112.4965025,-312.1445192
2.917,7.84E-12,-2.42E-12,-61.06547726,-205.5549288,-147.6870654,-302.8375017,-113.3756223,-311.650406
2.918,1.05E-11,-2.74E-12,-61.58476457,-205.2769952,-148.7182272,-302.3666092,-114.1932576,-311.1754084
2.919,-4.21E-12,6.39E-13,-62.18272369,-204.965772,-149.8283172,-301.875681,-115.0844724,-310.6701636
2.92,6.93E-12,-7.82E-13,-62.71614301,-204.6833109,-150.8777087,-301.4251938,-115.9055656,-310.1966178
2.921,1.71E-12,5.83E-13,-63.26244536,-204.3772764,-151.9377136,-300.9627671,-116.7334702,-309.7023301
2.922,-1.28E-11,7.67E-13,-63.83218816,-204.0613295,-153.0175641,-300.5000923,-117.5782542,-309.2008557
2.923,-1.85E-11,5.54E-13,-64.329261,-203.758114,-154.0198244,-300.0578435,-118.3433175,-308.7147331
2.924,1.58E-11,-3.51E-12,-64.87314855,-203.4722842,-155.0626537,-299.6387057,-119.1476551,-308.248511
2.925,3.41E-13,3.52E-12,-65.44751933,-203.1587436,-156.1283953,-299.1956127,-119.9744459,-307.7569873
2.926,-7.84E-12,-4.31E-12,-65.96277246,-202.8645306,-157.126123,-298.7736334,-120.7335996,-307.287095
2.927,4.09E-12,3.69E-13,-66.48200756,-202.5679917,-158.1176109,-298.3491447,-121.4877259,-306.8170751
2.928,-8.07E-12,3.33E-12,-67.02640621,-202.2599482,-159.1227153,-297.9109984,-122.257517,-306.3376433
2.929,-2.84E-12,-2.63E-12,-67.54445069,-201.9543198,-160.0885563,-297.4726242,-122.9909284,-305.8640933
2.93,-5.00E-12,1.51E-12,-68.05772314,-201.65673,-161.035985,-297.036894,-123.7146491,-305.3972627
2.931,4.43E-12,3.40E-12,-68.61871488,-201.3678987,-162.0169581,-296.6029701,-124.4755806,-304.9417353
2.932,-1.16E-11,-1.18E-12,-69.21460738,-201.0531964,-163.0181224,-296.1346651,-125.2616426,-304.462462
2.933,-9.09E-13,3.42E-12,-69.73318973,-200.7671161,-163.9267323,-295.6849142,-125.9613623,-304.0135164
2.934,-7.39E-12,-1.48E-12,-70.27899104,-200.462218,-164.8467821,-295.2047198,-126.6800071,-303.5470394
2.935,-6.82E-12,-2.26E-12,-70.7891581,-200.1698142,-165.7169902,-294.7226302,-127.3554621,-303.0939236
2.936,9.09E-13,-1.83E-12,-71.34972738,-199.8617558,-166.6225146,-294.2127481,-128.074502,-302.6256008
2.937,-1.60E-11,3.15E-12,-71.88446131,-199.5759629,-167.4887723,-293.7143148,-128.7616274,-302.1795716
2.938,5.34E-12,1.07E-12,-72.46494574,-199.2841135,-168.3890038,-293.2003294,-129.4891624,-301.7270946
2.939,8.75E-12,-1.85E-13,-73.02930056,-198.9862129,-169.2629836,-292.6721189,-130.1959652,-301.2677558
2.94,9.66E-12,-3.55E-13,-73.57476004,-198.6881101,-170.1096003,-292.1368533,-130.8800083,-300.8069847
2.941,7.16E-12,-3.24E-12,-74.12044152,-198.3877615,-170.9496261,-291.5938104,-131.5611472,-300.3423184
2.942,3.64E-12,2.42E-12,-74.65698672,-198.0898688,-171.7759596,-291.0503666,-132.2313645,-299.8793925
2.943,2.05E-12,8.53E-14,-75.22209501,-197.8003918,-172.6264782,-290.5130549,-132.927621,-299.4229994
2.944,9.09E-13,-7.11E-14,-75.77900972,-197.5075285,-173.4655107,-289.9719832,-133.6133294,-298.9615062
2.945,6.59E-12,-1.86E-12,-76.3665109,-197.211955,-174.3329233,-289.4297375,-134.3300104,-298.4940734
2.946,7.96E-13,-6.25E-13,-76.92649951,-196.9220078,-175.1717026,-288.8965643,-135.0158274,-298.0316943
2.947,4.43E-12,-3.84E-13,-77.47162322,-196.6093959,-175.995582,-288.3460824,-135.6827624,-297.5469261
2.948,-4.21E-12,2.52E-12,-78.029397,-196.3087239,-176.8331624,-287.8148066,-136.3576646,-297.0752219
2.949,-3.41E-12,3.06E-12,-78.58492227,-196.0132654,-177.6706311,-287.2979202,-137.0249697,-296.6107034
2.95,8.87E-12,4.69E-13,-79.13058694,-195.7097618,-178.5025304,-286.7825715,-137.6763999,-296.1409605
2.951,-3.98E-12,1.61E-12,-79.72427449,-195.4089163,-179.3840563,-286.2806577,-138.3691727,-295.6775448
2.952,-7.39E-12,3.33E-12,-80.39250435,-195.0809292,-180.3400104,-285.7619456,-139.129142,-295.1915048
2.953,-2.44E-11,-3.24E-12,-80.99909724,-194.7589708,-181.2324957,-285.259173,-139.8194627,-294.7168593
2.954,3.07E-12,1.63E-12,-81.57044446,-194.4266789,-182.0860967,-284.7571456,-140.4657715,-294.2396955
2.955,-6.82E-13,2.03E-12,-82.1834365,-194.0886461,-182.9775532,-284.2570627,-141.1458602,-293.7624939
2.956,-7.96E-12,-2.96E-12,-82.82331857,-193.7463612,-183.8918916,-283.7584053,-141.8458073,-293.2860169
2.957,3.75E-12,1.15E-12,-83.44777644,-193.405759,-184.786579,-283.2651006,-142.5241318,-292.8154731
2.958,5.91E-12,-7.96E-13,-84.03866945,-193.0619083,-185.6432557,-282.7702097,-143.1635264,-292.3452047
2.959,7.05E-12,-3.21E-12,-84.61848282,-192.7220431,-186.4841883,-282.2789589,-143.7886056,-291.8798414
2.96,-1.36E-12,2.22E-12,-85.19852775,-192.4248065,-187.3204692,-281.8279837,-144.4106648,-291.4589167
2.961,2.61E-12,-9.38E-13,-85.91395635,-192.0586097,-188.2870316,-281.3036875,-145.1663219,-290.9699225
2.962,1.05E-11,5.54E-13,-86.47394617,-191.7052656,-189.0928343,-280.7858756,-145.7662203,-290.4937525
2.963,-3.64E-12,6.82E-13,-87.1446384,-191.3835106,-190.0037997,-280.2912767,-146.4779669,-290.0482238
2.964,8.98E-12,4.04E-12,-87.7610463,-191.0617161,-190.8547223,-279.7862546,-147.1380408,-289.6007886
2.965,3.07E-12,-1.14E-12,-88.33273902,-190.7424387,-191.6549524,-279.271358,-147.757477,-289.1530842
2.966,1.01E-11,-2.56E-13,-88.9847049,-190.4356655,-192.5297656,-278.7539416,-148.4625816,-288.7151974
2.967,-3.41E-12,5.54E-13,-89.53917099,-190.1107509,-193.3011458,-278.205776,-149.0756023,-288.2562416
2.968,-5.23E-12,-1.45E-12,-90.08946036,-189.8183426,-194.0627778,-277.6791355,-149.6897718,-287.8278758
2.969,-2.96E-12,1.99E-12,-90.6893448,-189.5202981,-194.8687949,-277.1375043,-150.3587718,-287.3929688
2.97,2.84E-12,-2.46E-12,-91.2409278,-189.2006805,-195.6216625,-276.5665723,-150.9846156,-286.9365952
2.971,-4.55E-12,-5.68E-14,-91.82387517,-188.9252016,-196.4014079,-276.0336777,-151.6468789,-286.5254779
2.972,1.72E-11,-1.46E-12,-92.39556159,-188.5972086,-197.1657675,-275.4437945,-152.302846,-286.0639755
2.973,1.28E-11,1.46E-12,-92.92697159,-188.3352151,-197.8860876,-274.917063,-152.9234114,-285.671613
2.974,6.71E-12,1.99E-12,-93.47527479,-188.0354623,-198.6198995,-274.3513511,-153.5661961,-285.2444427
2.975,-1.76E-11,-1.35E-12,-94.0453681,-187.7438451,-199.3724616,-273.7941803,-154.2344501,-284.830245
2.976,-8.87E-12,-6.12E-12,-94.57329463,-187.4459265,-200.080179,-273.2327404,-154.8632877,-284.4149838
2.977,-1.19E-11,-1.14E-13,-95.18824174,-187.1167073,-200.8726005,-272.6436588,-155.5809674,-283.9740607
2.978,-8.07E-12,-1.44E-12,-95.71616929,-186.8247021,-201.5762916,-272.0975649,-156.2127642,-283.5768793
2.979,1.42E-11,-5.84E-12,-96.32880626,-186.4750273,-202.3636933,-271.4985337,-156.9298285,-283.1262886
2.98,-9.55E-12,-1.38E-12,-96.87102425,-186.188459,-203.0806748,-270.9670342,-157.576739,-282.7415321
2.981,7.16E-12,2.98E-12,-97.38726161,-185.8903611,-203.7726721,-270.4281236,-158.1976412,-282.3464407
2.982,-9.78E-12,-1.35E-12,-98.00822113,-185.5241026,-204.5713857,-269.8248634,-158.9229453,-281.8828504
2.983,-8.53E-12,-1.98E-12,-98.52714261,-185.2391186,-205.2710532,-269.3063821,-159.5455981,-281.4986637
2.984,2.50E-12,4.97E-13,-99.09879654,-184.9380354,-206.028753,-268.7745598,-160.2200773,-281.0949737
2.985,6.93E-12,-5.16E-12,-99.69600918,-184.5842566,-206.8155613,-268.1918386,-160.9189164,-280.6336513
2.986,4.66E-12,2.42E-13,-100.2162668,-184.304677,-207.528735,-267.6836779,-161.539309,-280.2400583
2.987,-1.23E-11,6.25E-13,-100.7779255,-184.0142203,-208.2864006,-267.1635661,-162.199318,-279.8275857
2.988,-8.53E-12,-5.97E-13,-101.3058174,-183.7169875,-209.0131608,-266.6341687,-162.8234832,-279.3988015
2.989,-6.59E-12,6.07E-12,-101.9089696,-183.3977446,-209.8178131,-266.0788166,-163.5207469,-278.936272
2.99,3.64E-12,-2.27E-12,-102.4201206,-183.0977389,-210.5328665,-265.5373215,-164.1239165,-278.4815402
2.991,-3.52E-12,-2.32E-12,-102.9797178,-182.8560398,-211.2989404,-265.0481289,-164.7741436,-278.0739225
2.992,6.25E-12,-2.07E-12,-103.5393401,-182.5932639,-212.0664803,-264.5319064,-165.4224058,-277.6349575
2.993,8.75E-12,-4.14E-12,-104.0558345,-182.3390211,-212.7917229,-264.0192328,-166.0254718,-277.1960953
2.994,-4.55E-13,1.46E-12,-104.5687712,-182.0822716,-213.5136279,-263.5000378,-166.6228336,-276.7481363
2.995,7.28E-12,4.63E-12,-105.1198134,-181.8203188,-214.2732479,-262.9725939,-167.2560758,-276.2902242
2.996,2.50E-12,6.07E-12,-105.7100083,-181.5720571,-215.0710197,-262.4567647,-167.9261676,-275.8430936
2.997,6.93E-12,-3.15E-12,-106.2279722,-181.3141559,-215.794949,-261.930189,-168.5216464,-275.3852543
2.998,-2.09E-11,-6.05E-12,-106.7276729,-181.080054,-216.4983931,-261.4272745,-169.0964021,-274.9519852
2.999,5.91E-12,-2.70E-12,-107.2960628,-180.8178016,-217.2676941,-260.8970408,-169.7373086,-274.4931768
3,-5.68E-13,-1.86E-12,-107.9526645,-180.5626734,-218.1217639,-260.3757319,-170.46381,-274.045944
3.001,7.50E-12,-1.25E-12,-108.4373939,-180.3081517,-218.7999079,-259.8577992,-171.0157441,-273.6056094
3.002,-2.16E-12,-3.94E-12,-108.7784495,-180.1199863,-219.3297142,-259.4099618,-171.4212308,-273.2397631
3.003,-7.73E-12,7.25E-13,-109.383473,-179.8007886,-220.118214,-258.8358001,-172.0878335,-272.7528566
3.004,1.25E-11,1.25E-12,*,*,-220.827387,-258.3297971,-172.678064,-272.3402437
3.005,9.44E-12,-1.18E-12,*,*,-221.5616779,-257.7899149,-173.2972245,-271.8992851
3.006,4.89E-12,-7.39E-13,*,*,-222.2457018,-257.2770156,-173.870079,-271.4923847
3.007,-3.41E-13,-1.85E-12,*,*,-223.1122927,-256.7244877,-174.6299817,-271.0528183
3.008,3.18E-12,2.83E-12,*,*,-223.7385964,-256.2109321,-175.1545983,-270.6590733
3.009,-1.02E-12,-4.41E-13,*,*,-224.3531027,-255.6852667,-175.6729386,-270.2599546
3.01,2.15E-11,3.82E-12,*,*,-224.9568576,-255.166989,-176.1865686,-269.8748465
3.011,-1.27E-11,8.81E-13,*,*,-225.5718542,-254.6455193,-176.7183146,-269.4945854
3.012,-7.50E-12,-1.05E-12,*,*,-226.2286743,-254.1046303,-177.2980662,-269.1007654
3.013,-2.84E-12,-5.68E-13,*,*,-226.8166214,-253.5742385,-177.8148209,-268.722909
3.014,1.64E-11,-2.36E-12,*,*,-227.7227629,-252.942121,-178.6553404,-268.2483996
3.015,-6.59E-12,1.25E-12,*,*,-228.2787942,-252.4101689,-179.1510141,-267.8787346
3.016,-4.66E-12,3.20E-12,*,*,-228.8091882,-251.8661365,-179.6260091,-267.5012741
3.017,-5.46E-12,-5.97E-13,*,*,-229.336254,-251.3302516,-180.1023286,-267.1358524
3.018,-2.61E-12,5.83E-13,*,*,-229.9190637,-250.7758702,-180.6387388,-266.7554315
3.019,-4.55E-13,-7.38E-12,*,*,-230.521046,-250.2077485,-181.1983625,-266.3643738
3.02,-7.62E-12,-2.23E-12,*,*,-231.3423752,-249.5810076,-181.9810682,-265.9174066
3.021,7.62E-12,3.34E-12,*,*,-231.8179216,-249.0239159,-182.4214203,-265.5424046
3.022,1.82E-12,1.75E-12,*,*,-232.051868,-248.5173859,-182.6232957,-265.2198862
3.023,-1.67E-11,4.26E-14,*,*,-232.7129473,-247.9234073,-183.2551215,-264.8114475
3.024,6.93E-12,-9.66E-13,*,*,-233.1250366,-247.3731306,-183.6404689,-264.4478451
3.025,9.78E-12,4.12E-13,*,*,-233.7372492,-246.7686173,-184.2281452,-264.0307465
3.026,4.89E-12,-1.18E-12,*,*,-234.3662092,-246.1718391,-184.8344688,-263.6217299
3.027,-2.33E-11,8.67E-13,*,*,-234.955786,-245.5722863,-185.4030032,-263.2098916
3.028,5.00E-12,-3.55E-13,*,*,-236.2065612,-244.8280518,*,*
3.029,-9.89E-12,2.37E-12,*,*,-236.6013344,-244.2635842,*,*
3.03,1.41E-11,-5.54E-13,*,*,-236.6354312,-243.779142,*,*
3.031,-2.39E-12,-6.31E-12,*,*,*,*,*,*
3.032,-4.77E-12,-1.41E-12,*,*,*,*,*,*
3.033,-1.11E-11,-1.29E-12,*,*,*,*,*,*
3.034,-7.96E-13,4.05E-12,*,*,*,*,*,*
3.035,5.91E-12,7.39E-13,*,*,*,*,*,*
3.036,-1.10E-11,3.42E-12,*,*,*,*,*,*
3.037,2.16E-12,2.70E-13,*,*,*,*,*,*
3.038,1.66E-11,5.54E-13,*,*,*,*,*,*
3.039,-8.41E-12,1.39E-12,*,*,*,*,*,*
3.04,-1.40E-11,1.93E-12,*,*,*,*,*,*
3.041,-7.05E-12,-8.81E-13,*,*,*,*,*,*
3.042,6.93E-12,4.26E-13,*,*,*,*,*,*
3.043,6.03E-12,2.39E-12,*,*,*,*,*,*
3.044,-3.52E-12,2.30E-12,*,*,*,*,*,*
3.045,-4.43E-12,8.53E-13,*,*,*,*,*,*
3.046,-5.23E-12,1.15E-12,*,*,*,*,*,*
3.047,5.00E-12,1.96E-12,*,*,*,*,*,*
3.048,-4.43E-12,1.52E-12,*,*,*,*,*,*
3.049,-2.34E-11,4.08E-12,*,*,*,*,*,*
3.05,-1.16E-11,2.27E-12,*,*,*,*,*,*
3.051,-2.84E-12,1.88E-12,*,*,*,*,*,*
3.052,-6.71E-12,-1.25E-12,*,*,*,*,*,*
3.053,-7.96E-13,-8.24E-13,*,*,*,*,*,*
3.054,-1.83E-11,1.82E-12,*,*,*,*,*,*
3.055,-7.39E-12,3.41E-13,*,*,*,*,*,*
3.056,-2.73E-12,6.08E-12,*,*,*,*,*,*
3.057,-9.32E-12,-3.61E-12,*,*,*,*,*,*
3.058,-1.14E-12,1.08E-12,*,*,*,*,*,*
3.059,-2.61E-12,-1.42E-13,*,*,*,*,*,*
3.06,2.27E-12,-1.34E-12,*,*,*,*,*,*
3.061,1.43E-11,8.81E-13,*,*,*,*,*,*
3.062,1.30E-11,-1.25E-12,*,*,*,*,*,*
3.063,1.06E-11,4.04E-12,*,*,*,*,*,*
3.064,-5.23E-12,1.42E-13,*,*,*,*,*,*
3.065,-9.44E-12,2.67E-12,*,*,*,*,*,*
3.066,6.82E-13,7.39E-13,*,*,*,*,*,*
3.067,5.46E-12,-4.32E-12,*,*,*,*,*,*
3.068,-3.87E-12,2.56E-13,*,*,*,*,*,*
3.069,7.96E-12,1.62E-12,*,*,*,*,*,*
3.07,-7.96E-12,-2.07E-12,*,*,*,*,*,*
3.071,-7.73E-12,6.00E-12,*,*,*,*,*,*
3.072,1.24E-11,-1.79E-12,*,*,*,*,*,*
3.073,-1.84E-11,-1.14E-13,*,*,*,*,*,*
3.074,-2.84E-12,2.27E-12,*,*,*,*,*,*
3.075,2.39E-12,-6.82E-13,*,*,*,*,*,*
3.076,-9.32E-12,5.12E-13,*,*,*,*,*,*
3.077,8.64E-12,-2.98E-12,*,*,*,*,*,*
3.078,-6.14E-12,-2.19E-12,*,*,*,*,*,*
3.079,-2.27E-13,3.13E-13,*,*,*,*,*,*
3.08,9.09E-12,-2.84E-13,*,*,*,*,*,*
3.081,1.64E-11,-1.17E-12,*,*,*,*,*,*
3.082,-4.55E-13,-1.11E-12,*,*,*,*,*,*
3.083,-1.11E-11,1.14E-13,*,*,*,*,*,*
3.084,-1.10E-11,-1.71E-13,*,*,*,*,*,*
3.085,-1.16E-11,-9.66E-13,*,*,*,*,*,*
3.086,1.59E-12,-8.53E-14,*,*,*,*,*,*
3.087,8.41E-12,-3.27E-12,*,*,*,*,*,*
3.088,9.66E-12,-1.85E-12,*,*,*,*,*,*
3.089,3.87E-12,-1.65E-12,*,*,*,*,*,*
3.09,1.03E-11,-4.66E-12,*,*,*,*,*,*
3.091,7.28E-12,8.53E-13,*,*,*,*,*,*
3.092,-9.66E-12,-2.64E-12,*,*,*,*,*,*
3.093,4.32E-12,-4.89E-12,*,*,*,*,*,*
3.094,-6.37E-12,-1.45E-12,*,*,*,*,*,*
3.095,9.78E-12,9.09E-13,*,*,*,*,*,*
3.096,4.77E-12,-1.56E-12,*,*,*,*,*,*
3.097,1.50E-11,2.53E-12,*,*,*,*,*,*
3.098,-6.37E-12,-1.93E-12,*,*,*,*,*,*
3.099,-9.32E-12,2.87E-12,*,*,*,*,*,*
3.1,1.21E-11,-1.22E-12,*,*,*,*,*,*
3.101,-5.00E-12,-3.41E-13,*,*,*,*,*,*
3.102,-2.96E-12,-1.90E-12,*,*,*,*,*,*
3.103,1.72E-11,1.02E-12,*,*,*,*,*,*
3.104,7.73E-12,-1.93E-12,*,*,*,*,*,*
3.105,3.75E-12,-1.53E-12,*,*,*,*,*,*
3.106,1.93E-12,-2.98E-12,*,*,*,*,*,*
3.107,8.30E-12,1.76E-12,*,*,*,*,*,*
3.108,-1.14E-13,-2.33E-12,*,*,*,*,*,*
3.109,4.55E-12,2.70E-12,*,*,*,*,*,*
3.11,4.09E-12,3.61E-12,*,*,*,*,*,*
3.111,7.62E-12,3.95E-12,*,*,*,*,*,*
3.112,8.53E-12,4.83E-13,*,*,*,*,*,*
3.113,-5.68E-12,4.01E-12,*,*,*,*,*,*
3.114,1.07E-11,5.68E-14,*,*,*,*,*,*
3.115,-3.52E-12,-6.54E-13,*,*,*,*,*,*
3.116,2.73E-12,-2.44E-12,*,*,*,*,*,*
3.117,-1.55E-11,2.13E-12,*,*,*,*,*,*
3.118,-1.09E-11,-3.18E-12,*,*,*,*,*,*
3.119,1.59E-12,8.81E-13,*,*,*,*,*,*
3.12,4.89E-12,-1.42E-13,*,*,*,*,*,*
3.121,-2.05E-12,-2.79E-12,*,*,*,*,*,*
3.122,1.47E-11,1.39E-12,*,*,*,*,*,*
3.123,1.30E-11,-8.24E-13,*,*,*,*,*,*
3.124,-1.15E-11,-7.11E-13,*,*,*,*,*,*
3.125,4.43E-12,1.36E-12,*,*,*,*,*,*
3.126,6.14E-12,1.05E-12,*,*,*,*,*,*
3.127,-1.26E-11,-6.88E-12,*,*,*,*,*,*
3.128,5.46E-12,-2.56E-13,*,*,*,*,*,*
3.129,-1.36E-12,1.08E-12,*,*,*,*,*,*
3.13,-8.98E-12,-1.31E-12,*,*,*,*,*,*
3.131,-8.64E-12,1.08E-12,*,*,*,*,*,*
3.132,-3.87E-12,1.42E-13,*,*,*,*,*,*
3.133,-1.71E-12,-2.19E-12,*,*,*,*,*,*
3.134,-1.93E-12,2.56E-12,*,*,*,*,*,*
3.135,-9.89E-12,3.47E-12,*,*,*,*,*,*
3.136,-6.25E-12,1.05E-12,*,*,*,*,*,*
3.137,1.14E-12,-8.81E-13,*,*,*,*,*,*
3.138,-1.18E-11,1.08E-12,*,*,*,*,*,*
3.139,5.12E-12,-4.60E-12,*,*,*,*,*,*
3.14,-8.30E-12,1.51E-12,*,*,*,*,*,*
3.141,-8.98E-12,5.68E-14,*,*,*,*,*,*
3.142,-3.07E-12,-5.12E-13,*,*,*,*,*,*
3.143,-1.01E-11,-5.77E-12,*,*,*,*,*,*
3.144,7.28E-12,2.02E-12,*,*,*,*,*,*
3.145,-6.59E-12,2.98E-12,*,*,*,*,*,*
3.146,7.28E-12,-9.95E-13,*,*,*,*,*,*
3.147,6.03E-12,2.84E-13,*,*,*,*,*,*
3.148,-1.38E-11,1.71E-12,*,*,*,*,*,*
3.149,1.58E-11,-4.26E-13,*,*,*,*,*,*
3.15,1.82E-11,-6.82E-13,*,*,*,*,*,*
3.151,-1.06E-11,1.22E-12,*,*,*,*,*,*
3.152,3.41E-12,-3.33E-12,*,*,*,*,*,*
3.153,4.21E-12,-4.92E-12,*,*,*,*,*,*
3.154,-6.82E-12,-3.15E-12,*,*,*,*,*,*
3.155,-8.19E-12,1.02E-12,*,*,*,*,*,*
3.156,4.89E-12,3.52E-12,*,*,*,*,*,*
3.157,4.89E-12,-2.56E-13,*,*,*,*,*,*
3.158,-8.98E-12,-4.21E-12,*,*,*,*,*,*
3.159,-2.96E-12,8.24E-13,*,*,*,*,*,*
3.16,1.10E-11,-3.69E-13,*,*,*,*,*,*
3.161,7.96E-12,1.19E-12,*,*,*,*,*,*
3.162,1.57E-11,-1.14E-13,*,*,*,*,*,*
3.163,-9.89E-12,7.96E-13,*,*,*,*,*,*
3.164,9.32E-12,5.34E-12,*,*,*,*,*,*
3.165,2.61E-12,-4.21E-12,*,*,*,*,*,*
3.166,-3.87E-12,-2.19E-12,*,*,*,*,*,*
3.167,8.19E-12,6.85E-12,*,*,*,*,*,*
3.168,-3.30E-12,2.13E-12,*,*,*,*,*,*
3.169,1.93E-12,-8.81E-13,*,*,*,*,*,*
3.17,-5.57E-12,-4.83E-13,*,*,*,*,*,*
3.171,4.09E-12,-6.25E-13,*,*,*,*,*,*
3.172,-2.73E-12,3.41E-13,*,*,*,*,*,*
3.173,-1.02E-12,2.61E-12,*,*,*,*,*,*
3.174,1.14E-11,-1.99E-13,*,*,*,*,*,*
3.175,2.39E-12,-1.68E-12,*,*,*,*,*,*
3.176,-1.02E-12,3.52E-12,*,*,*,*,*,*
3.177,-3.52E-12,1.53E-12,*,*,*,*,*,*
3.178,-1.85E-11,-1.62E-12,*,*,*,*,*,*
3.179,-3.18E-12,3.04E-12,*,*,*,*,*,*
3.18,-2.27E-13,7.11E-13,*,*,*,*,*,*
3.181,-7.16E-12,5.12E-13,*,*,*,*,*,*
3.182,-3.07E-12,-1.34E-12,*,*,*,*,*,*
3.183,-2.27E-12,8.81E-13,*,*,*,*,*,*
3.184,6.93E-12,5.63E-12,*,*,*,*,*,*
3.185,-1.48E-12,-1.22E-12,*,*,*,*,*,*
3.186,1.71E-12,-3.15E-12,*,*,*,*,*,*
3.187,-4.66E-12,-4.58E-12,*,*,*,*,*,*
3.188,-8.53E-12,5.68E-13,*,*,*,*,*,*
3.189,-7.84E-12,-1.22E-12,*,*,*,*,*,*
3.19,-2.27E-12,-5.12E-13,*,*,*,*,*,*
3.191,-2.50E-12,-9.38E-13,*,*,*,*,*,*
3.192,5.80E-12,0,*,*,*,*,*,*
3.193,-5.34E-12,-3.33E-12,*,*,*,*,*,*
3.194,-2.50E-12,3.81E-12,*,*,*,*,*,*
3.195,1.31E-11,-2.56E-13,*,*,*,*,*,*
3.196,7.16E-12,2.96E-12,*,*,*,*,*,*
3.197,-2.10E-11,-2.36E-12,*,*,*,*,*,*
3.198,-9.78E-12,-1.99E-12,*,*,*,*,*,*
3.199,3.75E-12,1.73E-12,*,*,*,*,*,*
3.2,1.59E-12,-6.03E-12,*,*,*,*,*,*
3.201,1.08E-11,1.82E-12,*,*,*,*,*,*
3.202,-1.21E-11,-1.48E-12,*,*,*,*,*,*
3.203,7.96E-12,-4.09E-12,*,*,*,*,*,*
3.204,-9.09E-13,1.51E-12,*,*,*,*,*,*
3.205,-5.46E-12,-1.28E-12,*,*,*,*,*,*
3.206,1.15E-11,3.81E-12,*,*,*,*,*,*
3.207,1.10E-11,-1.02E-12,*,*,*,*,*,*
3.208,-1.15E-11,1.56E-12,*,*,*,*,*,*
3.209,-8.07E-12,-2.87E-12,*,*,*,*,*,*
3.21,-5.00E-12,-2.19E-12,*,*,*,*,*,*
3.211,7.39E-12,-4.32E-12,*,*,*,*,*,*
3.212,1.00E-11,1.48E-12,*,*,*,*,*,*
3.213,-6.14E-12,-1.28E-12,*,*,*,*,*,*
3.214,-6.25E-12,3.13E-12,*,*,*,*,*,*
3.215,-1.27E-11,7.67E-13,*,*,*,*,*,*
3.216,3.87E-12,-1.25E-12,*,*,*,*,*,*
3.217,-1.71E-12,-3.69E-13,*,*,*,*,*,*
3.218,-2.05E-12,-2.61E-12,*,*,*,*,*,*
3.219,-5.12E-12,-2.10E-12,*,*,*,*,*,*
3.22,1.93E-12,1.36E-12,*,*,*,*,*,*
3.221,-1.83E-11,-6.25E-12,*,*,*,*,*,*
3.222,-4.66E-12,-2.73E-12,*,*,*,*,*,*
3.223,7.96E-12,3.45E-12,*,*,*,*,*,*
3.224,0,2.44E-12,*,*,*,*,*,*
3.225,-1.33E-11,1.18E-12,*,*,*,*,*,*
3.226,1.10E-11,-3.67E-12,*,*,*,*,*,*
3.227,4.21E-12,4.55E-12,*,*,*,*,*,*
3.228,-6.71E-12,3.37E-12,*,*,*,*,*,*
3.229,-1.14E-12,-2.13E-12,*,*,*,*,*,*
3.23,1.43E-11,7.11E-13,*,*,*,*,*,*
3.231,-5.23E-12,1.02E-12,*,*,*,*,*,*
3.232,9.66E-12,5.68E-14,*,*,*,*,*,*
3.233,-6.14E-12,-4.97E-13,*,*,*,*,*,*
3.234,1.59E-11,2.84E-14,*,*,*,*,*,*
3.235,-8.30E-12,9.66E-13,*,*,*,*,*,*
3.236,3.98E-12,2.27E-12,*,*,*,*,*,*
3.237,-7.73E-12,7.82E-13,*,*,*,*,*,*
3.238,8.07E-12,1.28E-12,*,*,*,*,*,*
3.239,-2.27E-13,-1.49E-12,*,*,*,*,*,*
3.24,2.08E-11,1.95E-12,*,*,*,*,*,*
3.241,4.66E-12,-1.53E-12,*,*,*,*,*,*
3.242,-7.96E-13,-5.83E-13,*,*,*,*,*,*
3.243,-3.87E-12,3.24E-12,*,*,*,*,*,*
3.244,1.59E-12,-1.24E-12,*,*,*,*,*,*
3.245,-1.85E-11,2.63E-12,*,*,*,*,*,*
3.246,-1.15E-11,-2.91E-12,*,*,*,*,*,*
3.247,-1.67E-11,3.37E-12,*,*,*,*,*,*
3.248,-1.65E-11,-4.58E-12,*,*,*,*,*,*
3.249,-9.44E-12,-2.23E-12,*,*,*,*,*,*
3.25,1.77E-11,9.24E-13,*,*,*,*,*,*
3.251,-7.50E-12,-3.31E-12,*,*,*,*,*,*
3.252,-1.34E-11,-2.61E-12,*,*,*,*,*,*
3.253,4.66E-12,6.25E-13,*,*,*,*,*,*
3.254,2.16E-12,2.37E-12,*,*,*,*,*,*
3.255,1.81E-11,3.50E-12,*,*,*,*,*,*
3.256,9.21E-12,5.83E-13,*,*,*,*,*,*
3.257,1.14E-11,7.67E-13,*,*,*,*,*,*
3.258,-7.05E-12,2.91E-12,*,*,*,*,*,*
3.259,-4.89E-12,-4.79E-12,*,*,*,*,*,*
3.26,-1.19E-11,-4.41E-12,*,*,*,*,*,*
3.261,3.41E-13,1.12E-12,*,*,*,*,*,*
3.262,9.09E-12,1.92E-12,*,*,*,*,*,*
3.263,-2.73E-12,-1.52E-12,*,*,*,*,*,*
3.264,8.87E-12,-3.06E-12,*,*,*,*,*,*
3.265,-5.68E-12,5.09E-12,*,*,*,*,*,*
3.266,8.64E-12,4.87E-12,*,*,*,*,*,*
3.267,-1.42E-11,-1.28E-13,*,*,*,*,*,*
3.268,2.73E-12,1.11E-12,*,*,*,*,*,*
3.269,3.41E-12,-1.99E-13,*,*,*,*,*,*
3.27,-1.38E-11,1.14E-13,*,*,*,*,*,*
3.271,-4.09E-12,-3.52E-12,*,*,*,*,*,*
3.272,1.69E-11,1.63E-12,*,*,*,*,*,*
3.273,6.82E-13,1.42E-14,*,*,*,*,*,*
3.274,9.44E-12,9.95E-14,*,*,*,*,*,*
3.275,-1.76E-11,1.99E-12,*,*,*,*,*,*
3.276,-3.64E-12,7.67E-13,*,*,*,*,*,*
3.277,1.83E-11,-1.42E-13,*,*,*,*,*,*
3.278,5.12E-12,3.06E-12,*,*,*,*,*,*
3.279,-7.96E-13,3.21E-12,*,*,*,*,*,*
3.28,-9.09E-13,-2.56E-12,*,*,*,*,*,*
3.281,3.07E-12,-3.13E-13,*,*,*,*,*,*
3.282,6.25E-12,2.94E-12,*,*,*,*,*,*
3.283,-4.43E-12,-4.16E-12,*,*,*,*,*,*
3.284,6.71E-12,2.86E-12,*,*,*,*,*,*
3.285,-2.27E-13,-2.56E-13,*,*,*,*,*,*
3.286,3.87E-12,4.26E-14,*,*,*,*,*,*
3.287,2.39E-11,2.88E-12,*,*,*,*,*,*
3.288,6.82E-13,-5.33E-12,*,*,*,*,*,*
3.289,6.14E-12,-3.67E-12,*,*,*,*,*,*
3.29,-3.75E-12,-2.43E-12,*,*,*,*,*,*
3.291,5.68E-12,8.24E-13,*,*,*,*,*,*
3.292,-1.36E-12,-3.47E-12,*,*,*,*,*,*
3.293,-6.82E-13,1.17E-12,*,*,*,*,*,*
3.294,-1.36E-12,-3.03E-12,*,*,*,*,*,*
3.295,1.65E-11,-7.01E-12,*,*,*,*,*,*
3.296,6.25E-12,-1.04E-12,*,*,*,*,*,*
3.297,1.91E-11,-1.11E-12,*,*,*,*,*,*
3.298,4.21E-12,-4.77E-12,*,*,*,*,*,*
3.299,-2.73E-12,-1.75E-12,*,*,*,*,*,*
3.3,7.73E-12,2.13E-13,*,*,*,*,*,*
3.301,8.75E-12,-1.93E-12,*,*,*,*,*,*
3.302,5.68E-13,3.04E-12,*,*,*,*,*,*
3.303,-5.00E-12,1.69E-12,*,*,*,*,*,*
3.304,1.48E-11,1.32E-12,*,*,*,*,*,*
3.305,2.60E-11,3.25E-12,*,*,*,*,*,*
3.306,-1.08E-11,6.11E-13,*,*,*,*,*,*
3.307,-1.13E-11,-1.65E-12,*,*,*,*,*,*
3.308,4.77E-12,4.50E-12,*,*,*,*,*,*
3.309,-1.09E-11,-2.39E-12,*,*,*,*,*,*
3.31,2.61E-12,3.06E-12,*,*,*,*,*,*
3.311,-4.43E-12,-1.11E-12,*,*,*,*,*,*
3.312,2.61E-12,1.01E-12,*,*,*,*,*,*
3.313,1.17E-11,3.51E-12,*,*,*,*,*,*
3.314,-3.18E-12,0,*,*,*,*,*,*
3.315,-8.07E-12,1.36E-12,*,*,*,*,*,*
3.316,-1.17E-11,-1.78E-12,*,*,*,*,*,*
3.317,-7.28E-12,8.81E-13,*,*,*,*,*,*
3.318,5.91E-12,-1.24E-12,*,*,*,*,*,*
3.319,4.32E-12,3.55E-13,*,*,*,*,*,*
3.32,-1.82E-12,3.13E-13,*,*,*,*,*,*
3.321,-2.05E-12,-7.67E-13,*,*,*,*,*,*
3.322,1.13E-11,1.26E-12,*,*,*,*,*,*
3.323,1.85E-11,8.24E-13,*,*,*,*,*,*
3.324,-5.57E-12,2.87E-12,*,*,*,*,*,*
3.325,-8.98E-12,-2.25E-12,*,*,*,*,*,*
3.326,-1.07E-11,8.24E-13,*,*,*,*,*,*
3.327,1.15E-11,2.37E-12,*,*,*,*,*,*
3.328,-1.24E-11,1.76E-12,*,*,*,*,*,*
3.329,2.96E-12,-2.30E-12,*,*,*,*,*,*
3.33,-1.46E-11,-3.41E-13,*,*,*,*,*,*
3.331,-3.41E-12,-7.82E-13,*,*,*,*,*,*
3.332,-8.98E-12,1.41E-12,*,*,*,*,*,*
3.333,-9.89E-12,4.69E-13,*,*,*,*,*,*
3.334,1.28E-11,1.41E-12,*,*,*,*,*,*
3.335,-2.96E-12,-4.97E-13,*,*,*,*,*,*
3.336,-2.84E-12,1.95E-12,*,*,*,*,*,*
3.337,1.00E-11,-8.24E-13,*,*,*,*,*,*
3.338,-5.91E-12,-2.86E-12,*,*,*,*,*,*
3.339,-4.43E-12,-2.42E-13,*,*,*,*,*,*
3.34,-8.53E-12,3.13E-12,*,*,*,*,*,*
3.341,-9.09E-13,-3.55E-13,*,*,*,*,*,*
3.342,-8.30E-12,1.15E-12,*,*,*,*,*,*
3.343,-1.25E-12,-3.10E-12,*,*,*,*,*,*
3.344,2.27E-12,2.54E-12,*,*,*,*,*,*
3.345,-5.23E-12,-9.81E-13,*,*,*,*,*,*
3.346,1.26E-11,2.16E-12,*,*,*,*,*,*
3.347,2.05E-12,-3.20E-12,*,*,*,*,*,*
3.348,3.98E-12,1.45E-12,*,*,*,*,*,*
3.349,-5.12E-12,-4.32E-12,*,*,*,*,*,*
3.35,-1.02E-11,-2.27E-12,*,*,*,*,*,*
3.351,-6.82E-13,2.63E-12,*,*,*,*,*,*
3.352,-4.55E-12,-1.19E-12,*,*,*,*,*,*
3.353,1.01E-11,7.96E-13,*,*,*,*,*,*
3.354,3.75E-12,3.84E-13,*,*,*,*,*,*
3.355,4.66E-12,2.07E-12,*,*,*,*,*,*
3.356,5.34E-12,-8.53E-14,*,*,*,*,*,*
3.357,1.02E-11,-1.05E-12,*,*,*,*,*,*
3.358,-5.34E-12,2.47E-12,*,*,*,*,*,*
3.359,-1.44E-11,-2.83E-12,*,*,*,*,*,*
3.36,-3.98E-12,-6.11E-13,*,*,*,*,*,*
3.361,1.25E-12,2.54E-12,*,*,*,*,*,*
3.362,-2.27E-12,1.92E-12,*,*,*,*,*,*
3.363,-3.07E-12,-1.08E-12,*,*,*,*,*,*
3.364,8.41E-12,-3.98E-12,*,*,*,*,*,*
3.365,-1.93E-12,-1.55E-12,*,*,*,*,*,*
3.366,1.75E-11,-1.01E-12,*,*,*,*,*,*
3.367,-3.22E-11,-7.25E-13,*,*,*,*,*,*
3.368,1.05E-11,-2.15E-12,*,*,*,*,*,*
3.369,-1.22E-11,8.38E-13,*,*,*,*,*,*
3.37,-5.91E-12,-1.42E-12,*,*,*,*,*,*
3.371,-8.30E-12,-5.33E-12,*,*,*,*,*,*
3.372,-3.30E-12,1.72E-12,*,*,*,*,*,*
3.373,5.46E-12,2.98E-12,*,*,*,*,*,*
3.374,7.62E-12,3.04E-12,*,*,*,*,*,*
3.375,5.34E-12,2.56E-12,*,*,*,*,*,*
3.376,4.09E-12,1.99E-13,*,*,*,*,*,*
3.377,-3.41E-12,5.83E-13,*,*,*,*,*,*
3.378,1.07E-11,-2.52E-12,*,*,*,*,*,*
3.379,6.59E-12,2.84E-13,*,*,*,*,*,*
3.38,-3.52E-12,-4.92E-12,*,*,*,*,*,*
3.381,5.91E-12,1.52E-12,*,*,*,*,*,*
3.382,1.19E-11,-1.92E-12,*,*,*,*,*,*
3.383,-2.27E-12,3.17E-12,*,*,*,*,*,*
3.384,2.50E-12,-1.28E-13,*,*,*,*,*,*
3.385,-1.14E-13,-1.98E-12,*,*,*,*,*,*
3.386,-9.89E-12,-1.85E-13,*,*,*,*,*,*
3.387,-1.11E-11,-4.43E-12,*,*,*,*,*,*
3.388,-5.23E-12,-1.31E-12,*,*,*,*,*,*
3.389,-1.16E-11,7.25E-13,*,*,*,*,*,*
3.39,-8.64E-12,-2.66E-12,*,*,*,*,*,*
3.391,-1.17E-11,4.41E-13,*,*,*,*,*,*
3.392,1.08E-11,-4.26E-14,*,*,*,*,*,*
3.393,6.37E-12,-2.23E-12,*,*,*,*,*,*
3.394,-1.07E-11,-1.28E-12,*,*,*,*,*,*
3.395,-2.84E-12,-5.87E-12,*,*,*,*,*,*
3.396,5.34E-12,2.63E-12,*,*,*,*,*,*
3.397,-1.18E-11,6.25E-13,*,*,*,*,*,*
3.398,0,1.28E-13,*,*,*,*,*,*
3.399,2.96E-12,-2.74E-12,*,*,*,*,*,*
3.4,-5.34E-12,-3.40E-12,*,*,*,*,*,*
3.401,2.96E-12,-3.13E-13,*,*,*,*,*,*
3.402,3.98E-12,-2.91E-12,*,*,*,*,*,*
3.403,7.50E-12,-9.09E-13,*,*,*,*,*,*
3.404,5.91E-12,3.50E-12,*,*,*,*,*,*
3.405,-5.00E-12,-2.39E-12,*,*,*,*,*,*
3.406,-1.00E-11,-8.53E-13,*,*,*,*,*,*
3.407,-6.93E-12,2.60E-12,*,*,*,*,*,*
3.408,1.44E-11,-1.01E-12,*,*,*,*,*,*
3.409,-7.50E-12,2.34E-12,*,*,*,*,*,*
3.41,3.64E-12,-6.11E-13,*,*,*,*,*,*
3.411,1.09E-11,3.13E-12,*,*,*,*,*,*
3.412,6.37E-12,2.70E-12,*,*,*,*,*,*
3.413,-5.12E-12,1.85E-13,*,*,*,*,*,*
3.414,8.75E-12,3.41E-13,*,*,*,*,*,*
3.415,-1.41E-11,5.12E-13,*,*,*,*,*,*
3.416,1.27E-11,1.89E-12,*,*,*,*,*,*
3.417,-1.48E-12,-3.55E-12,*,*,*,*,*,*
3.418,5.00E-12,3.04E-12,*,*,*,*,*,*
3.419,1.24E-11,-3.84E-13,*,*,*,*,*,*
3.42,-4.55E-12,-2.96E-12,*,*,*,*,*,*
3.421,1.28E-11,1.86E-12,*,*,*,*,*,*
3.422,1.02E-12,-1.22E-12,*,*,*,*,*,*
3.423,-8.07E-12,7.67E-13,*,*,*,*,*,*
3.424,-1.97E-11,2.27E-12,*,*,*,*,*,*
3.425,1.40E-11,-1.52E-12,*,*,*,*,*,*
3.426,-1.68E-11,-2.15E-12,*,*,*,*,*,*
3.427,6.59E-12,2.87E-12,*,*,*,*,*,*
3.428,1.27E-11,7.11E-13,*,*,*,*,*,*
3.429,6.25E-12,4.08E-12,*,*,*,*,*,*
3.43,-6.82E-13,-2.70E-12,*,*,*,*,*,*
3.431,-2.23E-11,-3.07E-12,*,*,*,*,*,*
3.432,-1.24E-11,9.38E-13,*,*,*,*,*,*
3.433,-3.98E-12,8.67E-13,*,*,*,*,*,*
3.434,-6.25E-12,5.68E-14,*,*,*,*,*,*
3.435,7.28E-12,4.90E-12,*,*,*,*,*,*
3.436,-8.87E-12,1.88E-12,*,*,*,*,*,*
3.437,3.07E-12,2.70E-12,*,*,*,*,*,*
3.438,-1.84E-11,-2.94E-12,*,*,*,*,*,*
3.439,-8.75E-12,-2.91E-12,*,*,*,*,*,*
3.44,-2.16E-12,-2.54E-12,*,*,*,*,*,*
3.441,-7.73E-12,0,*,*,*,*,*,*
3.442,-6.48E-12,-2.84E-13,*,*,*,*,*,*
3.443,-5.91E-12,1.12E-12,*,*,*,*,*,*
3.444,3.52E-12,4.83E-13,*,*,*,*,*,*
3.445,7.28E-12,4.55E-13,*,*,*,*,*,*
3.446,1.48E-12,-9.66E-13,*,*,*,*,*,*
3.447,3.30E-12,7.96E-13,*,*,*,*,*,*
3.448,1.21E-11,3.92E-12,*,*,*,*,*,*
3.449,1.07E-11,-4.55E-13,*,*,*,*,*,*
3.45,5.91E-12,1.73E-12,*,*,*,*,*,*
3.451,6.82E-13,1.36E-12,*,*,*,*,*,*
3.452,1.25E-12,-3.69E-13,*,*,*,*,*,*
3.453,7.96E-13,-2.56E-12,*,*,*,*,*,*
3.454,-2.39E-12,1.90E-12,*,*,*,*,*,*
3.455,-7.84E-12,-3.67E-12,*,*,*,*,*,*
3.456,-8.87E-12,-1.28E-12,*,*,*,*,*,*
3.457,-8.19E-12,1.17E-12,*,*,*,*,*,*
3.458,-5.68E-12,-4.86E-12,*,*,*,*,*,*
3.459,-5.23E-12,-9.66E-13,*,*,*,*,*,*
3.46,2.61E-12,-1.99E-12,*,*,*,*,*,*
3.461,5.57E-12,-7.96E-13,*,*,*,*,*,*
3.462,1.71E-12,1.45E-12,*,*,*,*,*,*
3.463,2.84E-12,1.14E-12,*,*,*,*,*,*
3.464,-3.41E-12,-3.52E-12,*,*,*,*,*,*
3.465,5.91E-12,1.28E-12,*,*,*,*,*,*
3.466,1.72E-11,-5.97E-13,*,*,*,*,*,*
3.467,7.28E-12,-1.93E-12,*,*,*,*,*,*
3.468,5.34E-12,-3.95E-12,*,*,*,*,*,*
3.469,-4.21E-12,1.82E-12,*,*,*,*,*,*
3.47,1.14E-13,-6.54E-13,*,*,*,*,*,*
3.471,1.18E-11,2.27E-12,*,*,*,*,*,*
3.472,1.22E-11,-1.65E-12,*,*,*,*,*,*
3.473,1.03E-11,9.95E-13,*,*,*,*,*,*
3.474,5.00E-12,3.04E-12,*,*,*,*,*,*
3.475,-1.71E-12,-1.14E-13,*,*,*,*,*,*
3.476,-8.53E-12,-3.04E-12,*,*,*,*,*,*
3.477,0,-4.26E-13,*,*,*,*,*,*
3.478,9.55E-12,1.42E-12,*,*,*,*,*,*
3.479,1.07E-11,-5.97E-13,*,*,*,*,*,*
3.48,4.21E-12,-2.27E-13,*,*,*,*,*,*
3.481,-8.53E-12,-2.59E-12,*,*,*,*,*,*
3.482,2.27E-12,-5.68E-14,*,*,*,*,*,*
3.483,-2.84E-12,-1.65E-12,*,*,*,*,*,*
3.484,2.22E-11,1.05E-12,*,*,*,*,*,*
3.485,1.57E-11,8.53E-13,*,*,*,*,*,*
3.486,-1.30E-11,-1.93E-12,*,*,*,*,*,*
3.487,-1.72E-11,2.42E-12,*,*,*,*,*,*
3.488,9.09E-12,4.32E-12,*,*,*,*,*,*
3.489,-1.93E-12,2.16E-12,*,*,*,*,*,*
3.49,-2.27E-13,-1.76E-12,*,*,*,*,*,*
3.491,1.46E-11,-2.84E-14,*,*,*,*,*,*
3.492,1.13E-11,1.14E-13,*,*,*,*,*,*
3.493,3.64E-12,-1.22E-12,*,*,*,*,*,*
3.494,-7.62E-12,-1.56E-12,*,*,*,*,*,*
3.495,-9.21E-12,-2.19E-12,*,*,*,*,*,*
3.496,-6.25E-12,-2.84E-12,*,*,*,*,*,*
3.497,5.91E-12,1.17E-12,*,*,*,*,*,*
3.498,9.55E-12,1.85E-12,*,*,*,*,*,*
3.499,9.32E-12,-3.01E-12,*,*,*,*,*,*
3.5,-5.91E-12,-3.33E-12,*,*,*,*,*,*
3.501,-4.32E-12,-3.50E-12,*,*,*,*,*,*
3.502,-2.24E-11,-2.59E-12,*,*,*,*,*,*
3.503,1.86E-11,-1.14E-13,*,*,*,*,*,*
3.504,1.48E-12,2.53E-12,*,*,*,*,*,*
3.505,9.09E-12,-1.39E-12,*,*,*,*,*,*
3.506,1.19E-11,-5.06E-12,*,*,*,*,*,*
3.507,6.37E-12,-1.79E-12,*,*,*,*,*,*
3.508,-2.05E-12,-2.16E-12,*,*,*,*,*,*
3.509,-1.14E-12,1.71E-13,*,*,*,*,*,*
3.51,-2.96E-12,2.02E-12,*,*,*,*,*,*
3.511,1.72E-11,5.34E-12,*,*,*,*,*,*
3.512,-1.82E-12,4.83E-13,*,*,*,*,*,*
3.513,5.68E-12,-4.38E-12,*,*,*,*,*,*
3.514,-1.82E-12,2.44E-12,*,*,*,*,*,*
3.515,2.96E-12,8.53E-14,*,*,*,*,*,*
3.516,-6.25E-12,-3.69E-13,*,*,*,*,*,*
3.517,4.32E-12,-9.38E-13,*,*,*,*,*,*
3.518,4.21E-12,1.62E-12,*,*,*,*,*,*
3.519,-7.05E-12,-5.12E-13,*,*,*,*,*,*
3.52,-3.75E-12,3.98E-12,*,*,*,*,*,*
3.521,-1.36E-12,2.30E-12,*,*,*,*,*,*
3.522,-1.43E-11,2.13E-12,*,*,*,*,*,*
3.523,5.12E-12,-2.79E-12,*,*,*,*,*,*
3.524,-4.55E-12,1.71E-12,*,*,*,*,*,*
3.525,1.14E-13,-4.86E-12,*,*,*,*,*,*
3.526,4.89E-12,1.25E-12,*,*,*,*,*,*
3.527,-1.14E-11,-4.26E-13,*,*,*,*,*,*
3.528,1.25E-11,-4.26E-13,*,*,*,*,*,*
3.529,-1.65E-11,1.99E-13,*,*,*,*,*,*
3.53,5.12E-12,-6.82E-13,*,*,*,*,*,*
3.531,3.41E-13,3.13E-13,*,*,*,*,*,*
3.532,-6.48E-12,-1.48E-12,*,*,*,*,*,*
3.533,1.25E-11,4.55E-13,*,*,*,*,*,*
3.534,-1.02E-11,5.68E-13,*,*,*,*,*,*
3.535,-1.59E-12,1.96E-12,*,*,*,*,*,*
3.536,-4.77E-12,5.88E-12,*,*,*,*,*,*
3.537,-6.71E-12,5.40E-13,*,*,*,*,*,*
3.538,-1.75E-11,2.50E-12,*,*,*,*,*,*
3.539,4.55E-12,1.73E-12,*,*,*,*,*,*
3.54,-9.09E-13,-2.22E-12,*,*,*,*,*,*
3.541,1.36E-12,4.09E-12,*,*,*,*,*,*
3.542,2.50E-12,-1.56E-12,*,*,*,*,*,*
3.543,4.55E-13,-7.67E-13,*,*,*,*,*,*
3.544,-4.55E-12,4.18E-12,*,*,*,*,*,*
3.545,9.78E-12,-1.59E-12,*,*,*,*,*,*
3.546,2.25E-11,5.68E-14,*,*,*,*,*,*
3.547,-4.89E-12,-9.66E-13,*,*,*,*,*,*
3.548,3.87E-12,2.73E-12,*,*,*,*,*,*
3.549,2.84E-12,2.59E-12,*,*,*,*,*,*
3.55,3.98E-12,3.67E-12,*,*,*,*,*,*
3.551,4.89E-12,-3.78E-12,*,*,*,*,*,*
3.552,7.28E-12,-1.28E-12,*,*,*,*,*,*
3.553,0,2.56E-13,*,*,*,*,*,*
3.554,-1.21E-11,-3.13E-13,*,*,*,*,*,*
3.555,1.00E-11,5.80E-12,*,*,*,*,*,*
3.556,6.93E-12,4.26E-13,*,*,*,*,*,*
3.557,2.61E-12,3.98E-13,*,*,*,*,*,*
3.558,5.23E-12,3.10E-12,*,*,*,*,*,*
3.559,1.93E-12,-3.50E-12,*,*,*,*,*,*
3.56,-6.71E-12,7.67E-13,*,*,*,*,*,*
3.561,-1.31E-11,1.39E-12,*,*,*,*,*,*
3.562,2.73E-12,5.20E-12,*,*,*,*,*,*
3.563,-6.71E-12,1.39E-12,*,*,*,*,*,*
3.564,-5.68E-12,5.68E-13,*,*,*,*,*,*
3.565,5.68E-13,9.09E-13,*,*,*,*,*,*
3.566,6.71E-12,1.88E-12,*,*,*,*,*,*
3.567,4.89E-12,-6.82E-13,*,*,*,*,*,*
3.568,2.50E-12,-9.09E-13,*,*,*,*,*,*
3.569,6.25E-12,1.65E-12,*,*,*,*,*,*
3.57,-5.34E-12,-1.53E-12,*,*,*,*,*,*
3.571,9.89E-12,-1.22E-12,*,*,*,*,*,*
3.572,1.71E-12,-2.90E-12,*,*,*,*,*,*
3.573,1.25E-12,2.59E-12,*,*,*,*,*,*
3.574,-5.46E-12,6.25E-13,*,*,*,*,*,*
3.575,1.50E-11,7.96E-13,*,*,*,*,*,*
3.576,-2.84E-12,1.56E-12,*,*,*,*,*,*
3.577,1.82E-12,-2.84E-14,*,*,*,*,*,*
3.578,3.98E-12,4.95E-12,*,*,*,*,*,*
3.579,1.36E-12,-3.52E-12,*,*,*,*,*,*
3.58,-2.16E-12,-5.68E-14,*,*,*,*,*,*
3.581,-8.53E-12,-8.24E-13,*,*,*,*,*,*
3.582,-7.62E-12,-5.40E-13,*,*,*,*,*,*
3.583,1.02E-12,-6.54E-13,*,*,*,*,*,*
3.584,-5.68E-13,2.84E-13,*,*,*,*,*,*
3.585,6.25E-12,-1.42E-13,*,*,*,*,*,*
3.586,7.16E-12,-6.25E-13,*,*,*,*,*,*
3.587,-2.27E-13,-2.27E-13,*,*,*,*,*,*
3.588,4.89E-12,1.56E-12,*,*,*,*,*,*
3.589,4.89E-12,1.39E-12,*,*,*,*,*,*
3.59,-7.39E-12,-1.25E-12,*,*,*,*,*,*
3.591,9.32E-12,-1.25E-12,*,*,*,*,*,*
3.592,-3.87E-12,2.56E-13,*,*,*,*,*,*
3.593,-8.41E-12,-1.88E-12,*,*,*,*,*,*
3.594,8.07E-12,1.76E-12,*,*,*,*,*,*
3.595,6.93E-12,1.93E-12,*,*,*,*,*,*
3.596,-1.02E-12,4.52E-12,*,*,*,*,*,*
3.597,-8.75E-12,-6.25E-13,*,*,*,*,*,*
3.598,-1.23E-11,-1.82E-12,*,*,*,*,*,*
3.599,2.27E-13,1.51E-12,*,*,*,*,*,*
3.6,-5.12E-12,-2.81E-12,*,*,*,*,*,*
3.601,1.39E-11,6.82E-13,*,*,*,*,*,*
3.602,1.01E-11,4.26E-13,*,*,*,*,*,*
3.603,-2.61E-12,-1.65E-12,*,*,*,*,*,*
3.604,-9.32E-12,2.57E-12,*,*,*,*,*,*
3.605,2.61E-12,2.03E-12,*,*,*,*,*,*
3.606,-3.87E-12,1.95E-12,*,*,*,*,*,*
3.607,3.41E-13,1.58E-12,*,*,*,*,*,*
3.608,5.00E-12,3.55E-12,*,*,*,*,*,*
3.609,1.02E-12,-7.11E-13,*,*,*,*,*,*
3.61,1.25E-12,-1.92E-12,*,*,*,*,*,*
3.611,-1.25E-12,3.27E-13,*,*,*,*,*,*
3.612,-1.21E-11,3.34E-12,*,*,*,*,*,*
3.613,1.24E-11,2.43E-12,*,*,*,*,*,*
3.614,-1.02E-12,-9.09E-13,*,*,*,*,*,*
3.615,-1.59E-12,-5.54E-13,*,*,*,*,*,*
3.616,4.55E-13,1.28E-12,*,*,*,*,*,*
3.617,-3.18E-12,6.11E-13,*,*,*,*,*,*
3.618,-1.76E-11,-3.17E-12,*,*,*,*,*,*
3.619,-5.12E-12,-1.17E-12,*,*,*,*,*,*
3.62,4.66E-12,2.39E-12,*,*,*,*,*,*
3.621,-1.26E-11,-1.07E-12,*,*,*,*,*,*
3.622,1.48E-11,-2.25E-12,*,*,*,*,*,*
3.623,1.35E-11,1.62E-12,*,*,*,*,*,*
3.624,3.52E-12,2.79E-12,*,*,*,*,*,*
3.625,4.89E-12,-6.25E-13,*,*,*,*,*,*
3.626,4.32E-12,2.46E-12,*,*,*,*,*,*
3.627,6.48E-12,1.69E-12,*,*,*,*,*,*
3.628,3.02E-11,1.53E-12,*,*,*,*,*,*
3.629,-3.52E-12,3.74E-12,*,*,*,*,*,*
3.63,7.16E-12,1.68E-12,*,*,*,*,*,*
3.631,8.87E-12,3.79E-12,*,*,*,*,*,*
3.632,-1.14E-12,1.59E-12,*,*,*,*,*,*
3.633,-5.12E-12,8.53E-13,*,*,*,*,*,*
3.634,4.55E-13,-1.99E-12,*,*,*,*,*,*
3.635,2.27E-13,-1.35E-12,*,*,*,*,*,*
3.636,3.64E-12,1.04E-12,*,*,*,*,*,*
3.637,-7.39E-12,1.44E-12,*,*,*,*,*,*
3.638,4.55E-13,-2.17E-12,*,*,*,*,*,*
3.639,1.93E-12,8.10E-13,*,*,*,*,*,*
3.64,-1.36E-12,-5.30E-12,*,*,*,*,*,*
3.641,-1.23E-11,-2.87E-12,*,*,*,*,*,*
3.642,7.96E-12,-2.22E-12,*,*,*,*,*,*
3.643,7.39E-12,1.62E-12,*,*,*,*,*,*
3.644,-1.25E-12,8.95E-13,*,*,*,*,*,*
3.645,1.19E-11,-2.12E-12,*,*,*,*,*,*
3.646,-7.05E-12,2.36E-12,*,*,*,*,*,*
3.647,-7.16E-12,3.64E-12,*,*,*,*,*,*
3.648,-7.96E-12,-7.25E-13,*,*,*,*,*,*
3.649,1.00E-11,2.25E-12,*,*,*,*,*,*
3.65,-9.09E-12,-1.55E-12,*,*,*,*,*,*
3.651,3.18E-12,1.35E-12,*,*,*,*,*,*
3.652,8.75E-12,-2.20E-12,*,*,*,*,*,*
3.653,8.41E-12,-2.00E-12,*,*,*,*,*,*
3.654,4.43E-12,6.68E-13,*,*,*,*,*,*
3.655,4.09E-12,-3.10E-12,*,*,*,*,*,*
3.656,1.84E-11,1.28E-13,*,*,*,*,*,*
3.657,4.55E-12,-3.34E-12,*,*,*,*,*,*
3.658,-3.41E-12,-5.12E-13,*,*,*,*,*,*
3.659,-1.71E-12,1.82E-12,*,*,*,*,*,*
3.66,-2.84E-12,1.89E-12,*,*,*,*,*,*
3.661,1.05E-11,-4.26E-13,*,*,*,*,*,*
3.662,-3.30E-12,-3.42E-12,*,*,*,*,*,*
3.663,-2.16E-12,-3.31E-12,*,*,*,*,*,*
3.664,-4.77E-12,9.81E-13,*,*,*,*,*,*
3.665,-4.43E-12,-1.38E-12,*,*,*,*,*,*
3.666,-2.16E-12,-1.92E-12,*,*,*,*,*,*
3.667,3.98E-12,-1.14E-13,*,*,*,*,*,*
3.668,2.05E-11,-2.17E-12,*,*,*,*,*,*
3.669,-7.50E-12,2.98E-13,*,*,*,*,*,*
3.67,7.05E-12,5.57E-12,*,*,*,*,*,*
3.671,6.59E-12,2.23E-12,*,*,*,*,*,*
3.672,-1.33E-11,-2.97E-12,*,*,*,*,*,*
3.673,-9.66E-12,-2.50E-12,*,*,*,*,*,*
3.674,2.84E-12,2.15E-12,*,*,*,*,*,*
3.675,-5.68E-12,1.85E-12,*,*,*,*,*,*
3.676,-3.52E-12,-6.82E-13,*,*,*,*,*,*
3.677,2.73E-12,-3.41E-13,*,*,*,*,*,*
3.678,-2.27E-12,-7.82E-13,*,*,*,*,*,*
3.679,-1.19E-11,2.15E-12,*,*,*,*,*,*
3.68,-1.61E-11,3.03E-12,*,*,*,*,*,*
3.681,5.34E-12,-2.70E-13,*,*,*,*,*,*
3.682,0,-2.96E-12,*,*,*,*,*,*
3.683,1.55E-11,1.48E-12,*,*,*,*,*,*
3.684,1.03E-11,1.78E-12,*,*,*,*,*,*
3.685,4.89E-12,-4.11E-12,*,*,*,*,*,*
3.686,3.30E-12,1.01E-12,*,*,*,*,*,*
3.687,-1.14E-12,-1.14E-12,*,*,*,*,*,*
3.688,-1.68E-11,-1.15E-12,*,*,*,*,*,*
3.689,-3.98E-12,-1.14E-13,*,*,*,*,*,*
3.69,1.82E-12,-3.41E-13,*,*,*,*,*,*
3.691,1.81E-11,1.17E-12,*,*,*,*,*,*
3.692,-3.07E-12,3.98E-12,*,*,*,*,*,*
3.693,6.25E-12,4.52E-12,*,*,*,*,*,*
3.694,1.26E-11,1.68E-12,*,*,*,*,*,*
3.695,1.46E-11,1.26E-12,*,*,*,*,*,*
3.696,-4.32E-12,2.02E-12,*,*,*,*,*,*
3.697,1.48E-12,1.99E-12,*,*,*,*,*,*
3.698,3.98E-12,1.36E-12,*,*,*,*,*,*
3.699,-7.96E-13,3.79E-12,*,*,*,*,*,*
3.7,1.01E-11,-1.69E-12,*,*,*,*,*,*
3.701,9.21E-12,3.33E-12,*,*,*,*,*,*
3.702,9.55E-12,-3.50E-12,*,*,*,*,*,*
3.703,-6.82E-12,-2.10E-12,*,*,*,*,*,*
3.704,-4.55E-12,1.88E-12,*,*,*,*,*,*
3.705,2.84E-12,2.80E-12,*,*,*,*,*,*
3.706,-1.22E-11,-1.36E-12,*,*,*,*,*,*
3.707,-5.68E-13,-1.42E-14,*,*,*,*,*,*
3.708,3.41E-12,-6.62E-12,*,*,*,*,*,*
3.709,6.82E-13,1.39E-12,*,*,*,*,*,*
3.71,-3.07E-12,-1.38E-12,*,*,*,*,*,*
3.711,-2.05E-12,5.12E-13,*,*,*,*,*,*
3.712,1.18E-11,8.38E-13,*,*,*,*,*,*
3.713,-7.05E-12,-1.61E-12,*,*,*,*,*,*
3.714,-2.61E-12,3.44E-12,*,*,*,*,*,*
3.715,1.14E-11,-2.13E-12,*,*,*,*,*,*
3.716,-6.03E-12,1.93E-12,*,*,*,*,*,*
3.717,-5.57E-12,1.08E-12,*,*,*,*,*,*
3.718,1.47E-11,-4.38E-12,*,*,*,*,*,*
3.719,-7.96E-13,-4.58E-12,*,*,*,*,*,*
3.72,-6.82E-13,-5.03E-12,*,*,*,*,*,*
3.721,1.36E-11,-1.22E-12,*,*,*,*,*,*
3.722,-4.09E-12,4.26E-14,*,*,*,*,*,*
3.723,2.73E-12,-1.46E-12,*,*,*,*,*,*
3.724,7.62E-12,1.95E-12,*,*,*,*,*,*
3.725,2.27E-12,4.36E-12,*,*,*,*,*,*
3.726,-2.73E-12,3.18E-12,*,*,*,*,*,*
3.727,-8.19E-12,8.38E-13,*,*,*,*,*,*
3.728,1.17E-11,-1.71E-13,*,*,*,*,*,*
3.729,7.39E-12,-2.98E-12,*,*,*,*,*,*
3.73,-6.25E-12,-2.90E-12,*,*,*,*,*,*
3.731,-3.18E-12,-4.31E-12,*,*,*,*,*,*
3.732,2.27E-13,-3.55E-12,*,*,*,*,*,*
3.733,-9.09E-13,0,*,*,*,*,*,*
3.734,3.41E-12,-4.60E-12,*,*,*,*,*,*
3.735,8.07E-12,-3.27E-13,*,*,*,*,*,*
3.736,3.30E-12,-1.44E-12,*,*,*,*,*,*
3.737,-1.82E-12,-1.26E-12,*,*,*,*,*,*
3.738,-1.02E-12,-2.03E-12,*,*,*,*,*,*
3.739,-5.12E-12,-2.67E-12,*,*,*,*,*,*
3.74,-9.21E-12,-1.32E-12,*,*,*,*,*,*
3.741,1.36E-12,3.74E-12,*,*,*,*,*,*
3.742,3.07E-12,-8.95E-13,*,*,*,*,*,*
3.743,-2.39E-12,6.25E-13,*,*,*,*,*,*
3.744,1.15E-11,-1.07E-12,*,*,*,*,*,*
3.745,0,-3.34E-12,*,*,*,*,*,*
3.746,-1.17E-11,2.61E-12,*,*,*,*,*,*
3.747,3.64E-12,4.48E-12,*,*,*,*,*,*
3.748,-5.23E-12,3.40E-12,*,*,*,*,*,*
3.749,1.30E-11,-2.25E-12,*,*,*,*,*,*
3.75,1.74E-11,-1.32E-12,*,*,*,*,*,*
3.751,-7.28E-12,-5.06E-12,*,*,*,*,*,*
3.752,1.36E-12,7.11E-13,*,*,*,*,*,*
3.753,9.32E-12,-2.84E-13,*,*,*,*,*,*
3.754,5.80E-12,-1.28E-12,*,*,*,*,*,*
3.755,-5.46E-12,1.15E-12,*,*,*,*,*,*
3.756,-1.08E-11,-1.25E-12,*,*,*,*,*,*
3.757,-1.06E-11,-4.15E-12,*,*,*,*,*,*
3.758,1.02E-11,-2.64E-12,*,*,*,*,*,*
3.759,-7.39E-12,-8.95E-13,*,*,*,*,*,*
3.76,-1.35E-11,-2.42E-13,*,*,*,*,*,*
3.761,3.52E-12,1.58E-12,*,*,*,*,*,*
3.762,-4.66E-12,-1.62E-12,*,*,*,*,*,*
3.763,-6.59E-12,-2.43E-12,*,*,*,*,*,*
3.764,3.64E-12,1.61E-12,*,*,*,*,*,*
3.765,4.09E-12,-2.70E-12,*,*,*,*,*,*
3.766,7.96E-13,1.56E-12,*,*,*,*,*,*
3.767,-1.36E-11,-2.29E-12,*,*,*,*,*,*
3.768,6.93E-12,2.27E-13,*,*,*,*,*,*
3.769,-4.55E-12,-2.23E-12,*,*,*,*,*,*
3.77,2.96E-12,8.38E-13,*,*,*,*,*,*
3.771,-1.35E-11,-2.61E-12,*,*,*,*,*,*
3.772,4.09E-12,1.07E-12,*,*,*,*,*,*
3.773,-5.46E-12,2.59E-12,*,*,*,*,*,*
3.774,1.82E-12,-2.32E-12,*,*,*,*,*,*
3.775,-1.28E-11,1.80E-12,*,*,*,*,*,*
3.776,3.98E-12,-3.55E-13,*,*,*,*,*,*
3.777,-9.32E-12,-2.80E-12,*,*,*,*,*,*
3.778,1.28E-11,-3.28E-12,*,*,*,*,*,*
3.779,-9.78E-12,-8.67E-13,*,*,*,*,*,*
3.78,3.41E-13,-1.79E-12,*,*,*,*,*,*
3.781,1.59E-12,-1.12E-12,*,*,*,*,*,*
3.782,5.91E-12,6.51E-12,*,*,*,*,*,*
3.783,8.19E-12,-2.84E-13,*,*,*,*,*,*
3.784,5.12E-12,-9.09E-13,*,*,*,*,*,*
3.785,1.01E-11,-5.22E-12,*,*,*,*,*,*
3.786,3.07E-12,-8.10E-13,*,*,*,*,*,*
3.787,5.57E-12,5.97E-13,*,*,*,*,*,*
3.788,-3.07E-12,5.40E-13,*,*,*,*,*,*
3.789,-1.34E-11,-8.81E-13,*,*,*,*,*,*
3.79,-3.07E-12,3.27E-13,*,*,*,*,*,*
3.791,-3.52E-12,-1.42E-13,*,*,*,*,*,*
3.792,-2.84E-12,1.71E-13,*,*,*,*,*,*
3.793,-1.50E-11,-2.15E-12,*,*,*,*,*,*
3.794,8.07E-12,4.83E-13,*,*,*,*,*,*
3.795,-6.37E-12,1.29E-12,*,*,*,*,*,*
3.796,-7.96E-13,-2.09E-12,*,*,*,*,*,*
3.797,1.35E-11,-4.11E-12,*,*,*,*,*,*
3.798,4.32E-12,1.71E-13,*,*,*,*,*,*
3.799,1.01E-11,2.64E-12,*,*,*,*,*,*
3.8,-5.46E-12,-3.54E-12,*,*,*,*,*,*
3.801,3.18E-12,2.05E-12,*,*,*,*,*,*
3.802,1.50E-11,4.26E-13,*,*,*,*,*,*
3.803,9.32E-12,2.42E-13,*,*,*,*,*,*
3.804,1.08E-11,3.44E-12,*,*,*,*,*,*
3.805,-6.25E-12,-2.81E-12,*,*,*,*,*,*
3.806,3.75E-12,1.96E-12,*,*,*,*,*,*
3.807,-6.71E-12,-1.42E-13,*,*,*,*,*,*
3.808,8.98E-12,2.98E-12,*,*,*,*,*,*
3.809,-7.84E-12,-1.96E-12,*,*,*,*,*,*
3.81,1.48E-12,1.28E-12,*,*,*,*,*,*
3.811,-9.09E-12,-5.97E-13,*,*,*,*,*,*
3.812,-3.52E-12,-4.55E-13,*,*,*,*,*,*
3.813,5.12E-12,-4.55E-13,*,*,*,*,*,*
3.814,-1.03E-11,2.76E-12,*,*,*,*,*,*
3.815,-2.13E-11,-5.26E-12,*,*,*,*,*,*
3.816,-9.66E-12,-1.65E-12,*,*,*,*,*,*
3.817,1.51E-11,-2.27E-13,*,*,*,*,*,*
3.818,2.27E-13,-7.96E-13,*,*,*,*,*,*
3.819,-9.89E-12,1.59E-12,*,*,*,*,*,*
3.82,8.19E-12,-2.05E-12,*,*,*,*,*,*
3.821,-1.61E-11,-5.68E-14,*,*,*,*,*,*
3.822,-7.50E-12,4.52E-12,*,*,*,*,*,*
3.823,3.52E-12,4.75E-12,*,*,*,*,*,*
3.824,0,1.48E-12,*,*,*,*,*,*
3.825,1.02E-12,-5.40E-13,*,*,*,*,*,*
3.826,-1.55E-11,-3.41E-13,*,*,*,*,*,*
3.827,7.84E-12,-8.53E-13,*,*,*,*,*,*
3.828,1.10E-11,6.96E-12,*,*,*,*,*,*
3.829,5.23E-12,3.07E-12,*,*,*,*,*,*
3.83,-1.82E-12,-2.33E-12,*,*,*,*,*,*
3.831,6.93E-12,-3.87E-12,*,*,*,*,*,*
3.832,-1.82E-12,-3.35E-12,*,*,*,*,*,*
3.833,3.98E-12,2.56E-13,*,*,*,*,*,*
3.834,-1.42E-11,-1.22E-12,*,*,*,*,*,*
3.835,-8.19E-12,2.56E-13,*,*,*,*,*,*
3.836,-9.44E-12,-1.22E-12,*,*,*,*,*,*
3.837,-6.82E-12,-2.13E-12,*,*,*,*,*,*
3.838,-5.23E-12,5.68E-13,*,*,*,*,*,*
3.839,1.14E-12,1.05E-12,*,*,*,*,*,*
3.84,6.93E-12,3.41E-13,*,*,*,*,*,*
3.841,-1.82E-12,-5.88E-12,*,*,*,*,*,*
3.842,-4.32E-12,1.71E-12,*,*,*,*,*,*
3.843,1.05E-11,2.84E-12,*,*,*,*,*,*
3.844,-6.59E-12,7.67E-13,*,*,*,*,*,*
3.845,-3.75E-12,-1.48E-12,*,*,*,*,*,*
3.846,1.02E-11,2.33E-12,*,*,*,*,*,*
3.847,-8.19E-12,1.59E-12,*,*,*,*,*,*
3.848,-8.64E-12,1.42E-12,*,*,*,*,*,*
3.849,-7.96E-13,4.29E-12,*,*,*,*,*,*
3.85,6.93E-12,2.84E-13,*,*,*,*,*,*
3.851,6.71E-12,1.28E-12,*,*,*,*,*,*
3.852,1.48E-12,-8.53E-14,*,*,*,*,*,*
3.853,-8.64E-12,-1.65E-12,*,*,*,*,*,*
3.854,3.98E-12,1.45E-12,*,*,*,*,*,*
3.855,-1.69E-11,6.25E-13,*,*,*,*,*,*
3.856,-5.57E-12,-2.10E-12,*,*,*,*,*,*
3.857,-1.82E-11,-4.55E-13,*,*,*,*,*,*
3.858,-1.56E-11,-7.11E-13,*,*,*,*,*,*
3.859,5.57E-12,-3.41E-13,*,*,*,*,*,*
3.86,-8.98E-12,-8.53E-13,*,*,*,*,*,*
3.861,-1.02E-12,1.65E-12,*,*,*,*,*,*
3.862,5.68E-12,1.82E-12,*,*,*,*,*,*
3.863,8.75E-12,-1.42E-12,*,*,*,*,*,*
3.864,-1.99E-11,-5.40E-13,*,*,*,*,*,*
3.865,1.14E-13,3.69E-13,*,*,*,*,*,*
3.866,8.87E-12,-2.64E-12,*,*,*,*,*,*
3.867,-5.23E-12,-2.13E-12,*,*,*,*,*,*
3.868,1.86E-11,4.23E-12,*,*,*,*,*,*
3.869,-3.30E-12,-3.27E-12,*,*,*,*,*,*
3.87,-6.37E-12,-1.56E-12,*,*,*,*,*,*
3.871,1.39E-11,-2.13E-12,*,*,*,*,*,*
3.872,-1.13E-11,-2.67E-12,*,*,*,*,*,*
3.873,1.43E-11,-1.42E-13,*,*,*,*,*,*
3.874,4.55E-13,2.02E-12,*,*,*,*,*,*
3.875,-1.14E-13,2.98E-12,*,*,*,*,*,*
3.876,-3.87E-12,2.76E-12,*,*,*,*,*,*
3.877,1.66E-11,3.98E-13,*,*,*,*,*,*
3.878,-3.41E-12,-2.70E-12,*,*,*,*,*,*
3.879,-1.89E-11,-6.51E-12,*,*,*,*,*,*
3.88,-9.09E-13,-2.27E-12,*,*,*,*,*,*
3.881,-1.31E-11,-1.31E-12,*,*,*,*,*,*
3.882,1.14E-12,-3.81E-12,*,*,*,*,*,*
3.883,-1.02E-11,1.88E-12,*,*,*,*,*,*
3.884,1.02E-12,6.25E-13,*,*,*,*,*,*
3.885,-3.19E-11,2.76E-12,*,*,*,*,*,*
3.886,8.19E-12,9.38E-13,*,*,*,*,*,*
3.887,1.98E-11,-1.28E-12,*,*,*,*,*,*
3.888,-2.02E-11,1.85E-12,*,*,*,*,*,*
3.889,2.14E-11,-7.11E-13,*,*,*,*,*,*
3.89,-1.60E-11,1.68E-12,*,*,*,*,*,*
3.891,-2.96E-12,-1.28E-12,*,*,*,*,*,*
3.892,-9.66E-12,1.02E-12,*,*,*,*,*,*
3.893,3.52E-12,2.39E-12,*,*,*,*,*,*
3.894,-1.51E-11,2.19E-12,*,*,*,*,*,*
3.895,-3.52E-12,-9.09E-13,*,*,*,*,*,*
3.896,1.14E-13,2.02E-12,*,*,*,*,*,*
3.897,-2.96E-12,-2.59E-12,*,*,*,*,*,*
3.898,3.07E-12,-1.99E-13,*,*,*,*,*,*
3.899,-2.39E-12,-2.61E-12,*,*,*,*,*,*
3.9,-3.87E-12,1.93E-12,*,*,*,*,*,*
3.901,-1.00E-11,3.18E-12,*,*,*,*,*,*
3.902,1.14E-12,-5.40E-13,*,*,*,*,*,*
3.903,-4.09E-12,-1.85E-12,*,*,*,*,*,*
3.904,-1.64E-11,1.88E-12,*,*,*,*,*,*
3.905,1.47E-11,2.59E-12,*,*,*,*,*,*
3.906,5.46E-12,1.76E-12,*,*,*,*,*,*
3.907,-2.27E-12,4.12E-12,*,*,*,*,*,*
3.908,-8.87E-12,6.59E-12,*,*,*,*,*,*
3.909,-9.66E-12,-4.04E-12,*,*,*,*,*,*
3.91,-1.67E-11,-3.98E-13,*,*,*,*,*,*
3.911,-3.98E-12,-1.93E-12,*,*,*,*,*,*
3.912,-6.25E-12,-2.56E-13,*,*,*,*,*,*
3.913,-1.22E-11,2.30E-12,*,*,*,*,*,*
3.914,-1.48E-12,-1.73E-12,*,*,*,*,*,*
3.915,5.68E-12,-2.16E-12,*,*,*,*,*,*
3.916,4.66E-12,-4.55E-13,*,*,*,*,*,*
3.917,5.00E-12,-1.71E-13,*,*,*,*,*,*
3.918,-1.59E-12,-1.31E-12,*,*,*,*,*,*
3.919,1.83E-11,5.12E-13,*,*,*,*,*,*
3.92,8.41E-12,-3.01E-12,*,*,*,*,*,*
3.921,-2.05E-12,1.99E-13,*,*,*,*,*,*
3.922,-8.30E-12,2.05E-12,*,*,*,*,*,*
3.923,3.64E-12,-1.22E-12,*,*,*,*,*,*
3.924,1.93E-12,-3.41E-12,*,*,*,*,*,*
3.925,-1.09E-11,3.13E-13,*,*,*,*,*,*
3.926,-3.75E-12,5.68E-14,*,*,*,*,*,*
3.927,-3.18E-12,-9.38E-13,*,*,*,*,*,*
3.928,6.71E-12,9.66E-13,*,*,*,*,*,*
3.929,-7.39E-12,-1.22E-12,*,*,*,*,*,*
3.93,-1.48E-12,-3.21E-12,*,*,*,*,*,*
3.931,-3.87E-12,5.97E-13,*,*,*,*,*,*
3.932,-1.14E-12,3.41E-13,*,*,*,*,*,*
3.933,-3.30E-12,2.02E-12,*,*,*,*,*,*
3.934,-1.77E-11,2.59E-12,*,*,*,*,*,*
3.935,-6.03E-12,3.44E-12,*,*,*,*,*,*
3.936,2.61E-12,-1.96E-12,*,*,*,*,*,*
3.937,1.38E-11,2.07E-12,*,*,*,*,*,*
3.938,4.43E-12,-5.49E-12,*,*,*,*,*,*
3.939,5.00E-12,-2.27E-13,*,*,*,*,*,*
3.94,-6.93E-12,1.59E-12,*,*,*,*,*,*
3.941,6.03E-12,-2.05E-12,*,*,*,*,*,*
3.942,-2.24E-11,1.25E-12,*,*,*,*,*,*
3.943,-4.89E-12,-2.61E-12,*,*,*,*,*,*
3.944,-3.41E-12,-7.67E-13,*,*,*,*,*,*
3.945,4.55E-12,1.02E-12,*,*,*,*,*,*
3.946,-2.84E-12,2.19E-12,*,*,*,*,*,*
3.947,-1.14E-12,1.68E-12,*,*,*,*,*,*
3.948,-3.52E-12,-1.62E-12,*,*,*,*,*,*
3.949,5.46E-12,1.62E-12,*,*,*,*,*,*
3.95,-1.18E-11,1.39E-12,*,*,*,*,*,*
3.951,1.19E-11,1.05E-12,*,*,*,*,*,*
3.952,4.89E-12,1.19E-12,*,*,*,*,*,*
3.953,8.64E-12,2.19E-12,*,*,*,*,*,*
3.954,-1.09E-11,3.69E-13,*,*,*,*,*,*
3.955,-9.78E-12,2.36E-12,*,*,*,*,*,*
3.956,-6.82E-13,-5.40E-13,*,*,*,*,*,*
3.957,-1.25E-12,1.14E-12,*,*,*,*,*,*
3.958,-1.25E-12,-1.39E-12,*,*,*,*,*,*
3.959,7.39E-12,9.66E-13,*,*,*,*,*,*
3.96,-2.27E-12,-1.68E-12,*,*,*,*,*,*
3.961,-5.12E-12,4.12E-12,*,*,*,*,*,*
3.962,-4.32E-12,3.69E-13,*,*,*,*,*,*
3.963,1.11E-11,-3.24E-12,*,*,*,*,*,*
3.964,-5.12E-12,1.36E-12,*,*,*,*,*,*
3.965,2.61E-12,-6.25E-13,*,*,*,*,*,*
3.966,-2.05E-12,-9.66E-13,*,*,*,*,*,*
3.967,1.16E-11,1.88E-12,*,*,*,*,*,*
3.968,2.73E-12,-1.65E-12,*,*,*,*,*,*
3.969,-7.73E-12,2.84E-14,*,*,*,*,*,*
3.97,1.30E-11,3.01E-12,*,*,*,*,*,*
3.971,5.68E-12,1.65E-12,*,*,*,*,*,*
3.972,1.30E-11,1.45E-12,*,*,*,*,*,*
3.973,-5.00E-12,-1.22E-12,*,*,*,*,*,*
3.974,4.55E-13,-2.70E-12,*,*,*,*,*,*
3.975,2.27E-13,-2.64E-12,*,*,*,*,*,*
3.976,2.73E-12,1.99E-13,*,*,*,*,*,*
3.977,-4.32E-12,2.59E-12,*,*,*,*,*,*
3.978,-2.27E-11,-2.90E-12,*,*,*,*,*,*
3.979,-1.25E-12,2.44E-12,*,*,*,*,*,*
3.98,5.80E-12,-2.98E-12,*,*,*,*,*,*
3.981,6.71E-12,-1.79E-12,*,*,*,*,*,*
3.982,-4.55E-13,8.24E-13,*,*,*,*,*,*
3.983,-1.93E-11,-4.83E-12,*,*,*,*,*,*
3.984,2.27E-13,-7.96E-13,*,*,*,*,*,*
3.985,3.18E-12,-2.53E-12,*,*,*,*,*,*
3.986,-1.50E-11,-4.15E-12,*,*,*,*,*,*
3.987,4.89E-12,-7.39E-13,*,*,*,*,*,*
3.988,-3.64E-12,-1.85E-12,*,*,*,*,*,*
3.989,7.73E-12,1.96E-12,*,*,*,*,*,*
3.99,1.25E-12,8.24E-13,*,*,*,*,*,*
3.991,-5.23E-12,-1.93E-12,*,*,*,*,*,*
3.992,8.41E-12,3.50E-12,*,*,*,*,*,*
3.993,8.64E-12,1.19E-12,*,*,*,*,*,*
3.994,6.93E-12,9.66E-13,*,*,*,*,*,*
3.995,-1.52E-11,-1.90E-12,*,*,*,*,*,*
3.996,1.17E-11,-8.24E-13,*,*,*,*,*,*
3.997,-9.09E-13,-2.42E-12,*,*,*,*,*,*
3.998,2.47E-11,2.84E-13,*,*,*,*,*,*
3.999,-1.11E-11,-3.30E-12,*,*,*,*,*,*
4,-4.55E-13,3.38E-12,*,*,*,*,*,*
4.001,3.87E-12,2.70E-12,*,*,*,*,*,*
4.002,1.82E-12,-2.19E-12,*,*,*,*,*,*
4.003,-5.00E-12,1.39E-12,*,*,*,*,*,*
4.004,-1.19E-11,-3.87E-12,*,*,*,*,*,*
4.005,1.19E-11,-2.87E-12,*,*,*,*,*,*
4.006,-5.12E-12,1.18E-12,*,*,*,*,*,*
4.007,1.48E-12,2.42E-13,*,*,*,*,*,*
4.008,-1.93E-12,2.06E-12,*,*,*,*,*,*
4.009,-9.32E-12,-3.33E-12,*,*,*,*,*,*
4.01,-3.75E-12,2.13E-12,*,*,*,*,*,*
4.011,-1.48E-12,1.62E-12,*,*,*,*,*,*
4.012,2.39E-12,-1.73E-12,*,*,*,*,*,*
4.013,3.41E-12,7.11E-14,*,*,*,*,*,*
4.014,-1.69E-11,-5.40E-13,*,*,*,*,*,*
4.015,-1.40E-11,7.11E-14,*,*,*,*,*,*
4.016,1.32E-11,-2.02E-12,*,*,*,*,*,*
4.017,-5.34E-12,1.76E-12,*,*,*,*,*,*
4.018,-1.16E-11,-7.39E-13,*,*,*,*,*,*
4.019,-3.64E-12,-1.14E-12,*,*,*,*,*,*
4.02,-3.30E-12,-2.29E-12,*,*,*,*,*,*
4.021,-9.21E-12,-1.42E-12,*,*,*,*,*,*
4.022,1.02E-12,-5.26E-13,*,*,*,*,*,*
4.023,3.18E-12,6.82E-13,*,*,*,*,*,*
4.024,1.48E-12,4.69E-13,*,*,*,*,*,*
4.025,-3.64E-12,-6.54E-13,*,*,*,*,*,*
4.026,5.23E-12,4.16E-12,*,*,*,*,*,*
4.027,7.16E-12,9.24E-13,*,*,*,*,*,*
4.028,2.73E-12,1.62E-12,*,*,*,*,*,*
4.029,5.00E-12,-2.07E-12,*,*,*,*,*,*
4.03,3.07E-12,5.68E-13,*,*,*,*,*,*
4.031,1.67E-11,-6.11E-13,*,*,*,*,*,*
4.032,2.27E-13,-8.67E-13,*,*,*,*,*,*
4.033,1.44E-11,5.12E-13,*,*,*,*,*,*
4.034,1.17E-11,1.69E-12,*,*,*,*,*,*
4.035,-2.73E-12,-1.46E-12,*,*,*,*,*,*
4.036,5.00E-12,2.74E-12,*,*,*,*,*,*
4.037,-6.14E-12,-1.68E-12,*,*,*,*,*,*
4.038,9.55E-12,1.08E-12,*,*,*,*,*,*
4.039,1.14E-11,-5.10E-12,*,*,*,*,*,*
4.04,-8.53E-12,-3.13E-13,*,*,*,*,*,*
4.041,-4.32E-12,-1.21E-12,*,*,*,*,*,*
4.042,-4.21E-12,1.12E-12,*,*,*,*,*,*
4.043,-9.32E-12,-1.68E-12,*,*,*,*,*,*
4.044,5.23E-12,2.23E-12,*,*,*,*,*,*
4.045,-4.09E-12,3.13E-13,*,*,*,*,*,*
4.046,1.38E-11,4.36E-12,*,*,*,*,*,*
4.047,-4.43E-12,6.96E-13,*,*,*,*,*,*
4.048,3.98E-12,9.95E-14,*,*,*,*,*,*
4.049,-1.00E-11,-3.82E-12,*,*,*,*,*,*
4.05,-5.80E-12,-3.06E-12,*,*,*,*,*,*
4.051,-9.44E-12,-5.97E-13,*,*,*,*,*,*
4.052,1.59E-12,-5.12E-13,*,*,*,*,*,*
4.053,2.05E-12,1.35E-12,*,*,*,*,*,*
4.054,8.30E-12,-5.40E-13,*,*,*,*,*,*
4.055,6.82E-13,-4.69E-13,*,*,*,*,*,*
4.056,6.25E-12,-4.26E-14,*,*,*,*,*,*
4.057,-7.05E-12,-1.28E-12,*,*,*,*,*,*
4.058,4.21E-12,1.21E-12,*,*,*,*,*,*
4.059,5.68E-13,2.60E-12,*,*,*,*,*,*
4.06,3.30E-12,4.11E-12,*,*,*,*,*,*
4.061,2.39E-12,-5.68E-14,*,*,*,*,*,*
4.062,-6.59E-12,1.14E-13,*,*,*,*,*,*
4.063,-7.96E-13,-9.66E-13,*,*,*,*,*,*
4.064,-3.52E-12,-1.09E-12,*,*,*,*,*,*
4.065,1.05E-11,3.27E-13,*,*,*,*,*,*
4.066,-1.24E-11,-2.37E-12,*,*,*,*,*,*
4.067,-3.18E-12,-2.50E-12,*,*,*,*,*,*
4.068,-3.30E-12,3.41E-13,*,*,*,*,*,*
4.069,3.52E-12,-4.29E-12,*,*,*,*,*,*
4.07,-1.53E-11,-4.26E-14,*,*,*,*,*,*
4.071,3.07E-12,-9.09E-13,*,*,*,*,*,*
4.072,1.10E-11,0,*,*,*,*,*,*
4.073,4.43E-12,-4.29E-12,*,*,*,*,*,*
4.074,4.66E-12,-2.70E-13,*,*,*,*,*,*
4.075,-1.09E-11,1.72E-12,*,*,*,*,*,*
4.076,3.30E-12,-2.64E-12,*,*,*,*,*,*
4.077,-1.14E-12,-1.42E-13,*,*,*,*,*,*
4.078,1.06E-11,1.56E-13,*,*,*,*,*,*
4.079,-4.43E-12,-2.66E-12,*,*,*,*,*,*
4.08,1.09E-11,2.32E-12,*,*,*,*,*,*
4.081,1.00E-11,-1.44E-12,*,*,*,*,*,*
4.082,1.07E-11,1.38E-12,*,*,*,*,*,*
4.083,1.14E-13,8.95E-13,*,*,*,*,*,*
4.084,2.96E-12,8.95E-13,*,*,*,*,*,*
4.085,4.55E-12,-3.95E-12,*,*,*,*,*,*
4.086,-2.84E-12,-1.48E-12,*,*,*,*,*,*
4.087,-5.12E-12,-1.22E-12,*,*,*,*,*,*
4.088,-6.14E-12,7.53E-13,*,*,*,*,*,*
4.089,7.16E-12,-3.03E-12,*,*,*,*,*,*
4.09,-8.98E-12,-6.25E-13,*,*,*,*,*,*
4.091,-2.16E-12,-5.97E-13,*,*,*,*,*,*
4.092,3.87E-12,2.13E-12,*,*,*,*,*,*
4.093,-3.52E-12,1.42E-12,*,*,*,*,*,*
4.094,2.50E-12,-1.92E-12,*,*,*,*,*,*
4.095,3.87E-12,-2.70E-12,*,*,*,*,*,*
4.096,4.09E-12,3.07E-12,*,*,*,*,*,*
4.097,1.23E-11,-1.42E-12,*,*,*,*,*,*
4.098,-7.28E-12,-2.07E-12,*,*,*,*,*,*
4.099,7.05E-12,-1.07E-12,*,*,*,*,*,*
4.1,4.66E-12,1.28E-12,*,*,*,*,*,*
4.101,4.43E-12,6.11E-13,*,*,*,*,*,*
4.102,-7.28E-12,-2.70E-12,*,*,*,*,*,*
4.103,-6.82E-12,2.84E-14,*,*,*,*,*,*
4.104,-3.07E-12,1.02E-12,*,*,*,*,*,*
4.105,7.62E-12,8.67E-13,*,*,*,*,*,*
4.106,-2.27E-13,3.47E-12,*,*,*,*,*,*
4.107,7.73E-12,2.67E-12,*,*,*,*,*,*
4.108,-1.08E-11,-4.02E-12,*,*,*,*,*,*
4.109,4.21E-12,-1.71E-13,*,*,*,*,*,*
4.11,8.53E-12,7.39E-13,*,*,*,*,*,*
4.111,1.71E-12,-2.19E-12,*,*,*,*,*,*
4.112,1.36E-12,2.13E-13,*,*,*,*,*,*
4.113,1.71E-12,2.84E-12,*,*,*,*,*,*
4.114,-2.27E-13,7.11E-13,*,*,*,*,*,*
4.115,-7.39E-12,4.48E-12,*,*,*,*,*,*
4.116,-9.44E-12,-1.42E-12,*,*,*,*,*,*
4.117,5.00E-12,-4.97E-13,*,*,*,*,*,*
4.118,6.59E-12,3.55E-13,*,*,*,*,*,*
4.119,7.16E-12,-3.27E-13,*,*,*,*,*,*
4.12,-4.32E-12,-1.35E-12,*,*,*,*,*,*
4.121,1.06E-11,-2.40E-12,*,*,*,*,*,*
4.122,-3.98E-12,-3.24E-12,*,*,*,*,*,*
4.123,-2.96E-12,4.83E-13,*,*,*,*,*,*
4.124,3.30E-12,1.02E-12,*,*,*,*,*,*
4.125,2.50E-12,-2.98E-13,*,*,*,*,*,*
4.126,3.41E-12,1.41E-12,*,*,*,*,*,*
4.127,-7.28E-12,-2.80E-12,*,*,*,*,*,*
4.128,-1.03E-11,-1.85E-13,*,*,*,*,*,*
4.129,1.47E-11,4.26E-14,*,*,*,*,*,*
4.13,-1.25E-12,-4.55E-12,*,*,*,*,*,*
4.131,-6.25E-12,1.71E-12,*,*,*,*,*,*
4.132,-4.21E-12,2.93E-12,*,*,*,*,*,*
4.133,1.48E-12,1.63E-12,*,*,*,*,*,*
4.134,1.22E-11,-2.27E-13,*,*,*,*,*,*
4.135,5.80E-12,3.08E-12,*,*,*,*,*,*
4.136,-3.41E-12,7.11E-14,*,*,*,*,*,*
4.137,-1.48E-12,1.11E-12,*,*,*,*,*,*
4.138,2.61E-12,-5.40E-13,*,*,*,*,*,*
4.139,8.64E-12,1.76E-12,*,*,*,*,*,*
4.14,-1.36E-12,5.68E-13,*,*,*,*,*,*
4.141,-2.96E-12,2.43E-12,*,*,*,*,*,*
4.142,-4.21E-12,2.12E-12,*,*,*,*,*,*
4.143,-5.00E-12,2.53E-12,*,*,*,*,*,*
4.144,-1.14E-13,-1.28E-13,*,*,*,*,*,*
4.145,6.59E-12,-3.84E-12,*,*,*,*,*,*
4.146,-6.48E-12,6.11E-13,*,*,*,*,*,*
4.147,-4.09E-12,-2.30E-12,*,*,*,*,*,*
4.148,3.52E-12,-2.74E-12,*,*,*,*,*,*
4.149,-7.16E-12,-5.26E-13,*,*,*,*,*,*
4.15,3.41E-12,-2.84E-13,*,*,*,*,*,*
4.151,1.02E-12,6.82E-13,*,*,*,*,*,*
4.152,-6.48E-12,-1.38E-12,*,*,*,*,*,*
4.153,-7.96E-12,1.85E-13,*,*,*,*,*,*
4.154,4.89E-12,4.60E-12,*,*,*,*,*,*
4.155,3.30E-12,-7.11E-14,*,*,*,*,*,*
4.156,3.98E-12,-1.45E-12,*,*,*,*,*,*
4.157,1.17E-11,4.69E-13,*,*,*,*,*,*
4.158,8.53E-12,-3.13E-13,*,*,*,*,*,*
4.159,-7.96E-13,1.19E-12,*,*,*,*,*,*
4.16,0,-2.83E-12,*,*,*,*,*,*
4.161,0,5.40E-13,*,*,*,*,*,*
4.162,-4.66E-12,-2.10E-12,*,*,*,*,*,*
4.163,3.64E-12,-1.52E-12,*,*,*,*,*,*
4.164,-1.65E-12,6.96E-13,*,*,*,*,*,*
4.165,7.22E-12,1.69E-12,*,*,*,*,*,*
4.166,-1.38E-11,-4.69E-13,*,*,*,*,*,*
4.167,-1.14E-13,-3.55E-13,*,*,*,*,*,*
4.168,5.57E-12,2.56E-13,*,*,*,*,*,*
4.169,2.39E-12,2.42E-13,*,*,*,*,*,*
4.17,1.71E-13,-7.11E-14,*,*,*,*,*,*
4.171,-5.80E-12,-2.90E-12,*,*,*,*,*,*
4.172,9.04E-12,1.31E-12,*,*,*,*,*,*
4.173,8.87E-12,-2.42E-13,*,*,*,*,*,*
4.174,-1.44E-11,-2.70E-13,*,*,*,*,*,*
4.175,-9.09E-13,-1.56E-13,*,*,*,*,*,*
4.176,4.38E-12,-1.82E-12,*,*,*,*,*,*
4.177,5.29E-12,-1.08E-12,*,*,*,*,*,*
4.178,7.11E-12,2.84E-14,*,*,*,*,*,*
4.179,1.16E-11,-2.16E-12,*,*,*,*,*,*
4.18,6.25E-13,2.70E-13,*,*,*,*,*,*
4.181,-4.38E-12,-4.22E-12,*,*,*,*,*,*
4.182,9.15E-12,-9.95E-14,*,*,*,*,*,*
4.183,-5.51E-12,-9.81E-13,*,*,*,*,*,*
4.184,-5.74E-12,-7.11E-14,*,*,*,*,*,*
4.185,8.98E-12,-1.99E-12,*,*,*,*,*,*
4.186,-8.53E-13,1.38E-12,*,*,*,*,*,*
4.187,7.45E-12,2.36E-12,*,*,*,*,*,*
4.188,1.93E-12,-1.56E-12,*,*,*,*,*,*
4.189,3.64E-12,-1.17E-12,*,*,*,*,*,*
4.19,-5.12E-12,-1.14E-13,*,*,*,*,*,*
4.191,7.39E-13,1.02E-12,*,*,*,*,*,*
4.192,-1.76E-12,2.13E-12,*,*,*,*,*,*
4.193,-1.82E-12,-6.82E-13,*,*,*,*,*,*
4.194,-8.98E-12,1.14E-12,*,*,*,*,*,*
4.195,7.96E-13,3.13E-13,*,*,*,*,*,*
4.196,-6.48E-12,-1.31E-12,*,*,*,*,*,*
4.197,-9.27E-12,3.47E-12,*,*,*,*,*,*
4.198,7.90E-12,-4.69E-12,*,*,*,*,*,*
4.199,1.00E-11,4.26E-13,*,*,*,*,*,*
4.2,-1.28E-11,1.39E-12,*,*,*,*,*,*
4.201,5.57E-12,-1.36E-12,*,*,*,*,*,*
4.202,-1.07E-11,-3.13E-12,*,*,*,*,*,*
4.203,-3.58E-12,-2.90E-12,*,*,*,*,*,*
4.204,-6.93E-12,2.16E-12,*,*,*,*,*,*
4.205,-5.51E-12,1.56E-12,*,*,*,*,*,*
4.206,4.60E-12,-1.53E-12,*,*,*,*,*,*
4.207,-3.98E-12,1.62E-12,*,*,*,*,*,*
4.208,9.49E-12,3.13E-12,*,*,*,*,*,*
4.209,8.30E-12,2.84E-13,*,*,*,*,*,*
4.21,-7.33E-12,1.53E-12,*,*,*,*,*,*
4.211,1.29E-11,2.84E-14,*,*,*,*,*,*
4.212,1.53E-12,-1.22E-12,*,*,*,*,*,*
4.213,7.28E-12,-4.55E-13,*,*,*,*,*,*
4.214,1.19E-11,2.27E-12,*,*,*,*,*,*
4.215,8.24E-12,-1.51E-12,*,*,*,*,*,*
4.216,-6.42E-12,2.47E-12,*,*,*,*,*,*
4.217,-9.44E-12,-2.27E-12,*,*,*,*,*,*
4.218,1.14E-11,2.84E-13,*,*,*,*,*,*
4.219,2.27E-12,-1.48E-12,*,*,*,*,*,*
4.22,3.87E-12,8.24E-13,*,*,*,*,*,*
4.221,4.21E-12,-9.38E-13,*,*,*,*,*,*
4.222,-3.30E-12,-4.80E-12,*,*,*,*,*,*
4.223,-1.82E-12,-1.85E-12,*,*,*,*,*,*
4.224,7.96E-13,2.98E-12,*,*,*,*,*,*
4.225,-8.53E-12,-1.88E-12,*,*,*,*,*,*
4.226,-3.58E-12,-4.83E-13,*,*,*,*,*,*
4.227,-2.90E-12,1.71E-13,*,*,*,*,*,*
4.228,6.82E-12,-7.39E-13,*,*,*,*,*,*
4.229,2.84E-13,1.99E-12,*,*,*,*,*,*
4.23,-1.93E-12,-1.53E-12,*,*,*,*,*,*
4.231,5.46E-12,2.56E-13,*,*,*,*,*,*
4.232,-3.41E-12,-1.82E-12,*,*,*,*,*,*
4.233,-2.56E-12,2.02E-12,*,*,*,*,*,*
4.234,1.35E-11,-2.10E-12,*,*,*,*,*,*
4.235,5.85E-12,2.84E-13,*,*,*,*,*,*
4.236,-1.99E-12,-2.64E-12,*,*,*,*,*,*
4.237,-5.68E-12,-3.69E-13,*,*,*,*,*,*
4.238,-1.47E-11,1.59E-12,*,*,*,*,*,*
4.239,-4.55E-13,4.04E-12,*,*,*,*,*,*
4.24,1.21E-11,2.64E-12,*,*,*,*,*,*
4.241,-5.63E-12,2.84E-14,*,*,*,*,*,*
4.242,3.92E-12,-1.71E-12,*,*,*,*,*,*
4.243,5.68E-14,-2.27E-13,*,*,*,*,*,*
4.244,-1.82E-12,1.22E-12,*,*,*,*,*,*
4.245,-6.42E-12,5.12E-13,*,*,*,*,*,*
4.246,1.18E-11,-9.09E-13,*,*,*,*,*,*
4.247,-2.10E-12,-8.53E-14,*,*,*,*,*,*
4.248,1.15E-11,-1.99E-13,*,*,*,*,*,*
4.249,-2.22E-12,-7.39E-13,*,*,*,*,*,*
4.25,3.41E-12,-7.96E-13,*,*,*,*,*,*
4.251,-2.84E-12,-1.42E-13,*,*,*,*,*,*
4.252,7.56E-12,2.25E-12,*,*,*,*,*,*
4.253,-2.16E-12,2.39E-12,*,*,*,*,*,*
4.254,5.57E-12,-3.69E-13,*,*,*,*,*,*
4.255,5.17E-12,2.50E-12,*,*,*,*,*,*
4.256,-5.12E-13,-1.99E-12,*,*,*,*,*,*
4.257,4.95E-12,-1.99E-13,*,*,*,*,*,*
4.258,1.31E-12,-1.31E-12,*,*,*,*,*,*
4.259,1.88E-12,-6.82E-13,*,*,*,*,*,*
4.26,1.14E-11,-1.17E-12,*,*,*,*,*,*
4.261,2.16E-12,2.16E-12,*,*,*,*,*,*
4.262,-2.79E-12,1.65E-12,*,*,*,*,*,*
4.263,2.96E-12,-1.99E-13,*,*,*,*,*,*
4.264,9.66E-13,-2.16E-12,*,*,*,*,*,*
4.265,0,1.31E-12,*,*,*,*,*,*
4.266,2.10E-12,1.62E-12,*,*,*,*,*,*
4.267,4.77E-12,-3.13E-13,*,*,*,*,*,*
4.268,1.02E-12,-1.11E-12,*,*,*,*,*,*
4.269,6.82E-13,-3.89E-12,*,*,*,*,*,*
4.27,6.25E-13,1.14E-13,*,*,*,*,*,*
4.271,-4.83E-12,-1.88E-12,*,*,*,*,*,*
4.272,-1.13E-11,-1.62E-12,*,*,*,*,*,*
4.273,-2.33E-12,-3.04E-12,*,*,*,*,*,*
4.274,-8.75E-12,3.13E-13,*,*,*,*,*,*
4.275,6.14E-12,3.01E-12,*,*,*,*,*,*
4.276,6.82E-12,2.47E-12,*,*,*,*,*,*
4.277,-1.88E-12,-1.85E-12,*,*,*,*,*,*
4.278,-2.61E-12,1.53E-12,*,*,*,*,*,*
4.279,-2.84E-13,-1.65E-12,*,*,*,*,*,*
4.28,-2.84E-12,-5.68E-13,*,*,*,*,*,*
4.281,-9.66E-13,-1.79E-12,*,*,*,*,*,*
4.282,3.98E-12,2.39E-12,*,*,*,*,*,*
4.283,-7.84E-12,-8.81E-13,*,*,*,*,*,*
4.284,-4.60E-12,2.27E-12,*,*,*,*,*,*
4.285,9.27E-12,1.88E-12,*,*,*,*,*,*
4.286,4.72E-12,-1.34E-12,*,*,*,*,*,*
4.287,5.91E-12,-1.34E-12,*,*,*,*,*,*
4.288,-1.76E-12,2.53E-12,*,*,*,*,*,*
4.289,-3.47E-12,4.55E-13,*,*,*,*,*,*
4.29,1.42E-12,1.51E-12,*,*,*,*,*,*
4.291,2.61E-12,-2.84E-14,*,*,*,*,*,*
4.292,6.82E-12,9.09E-13,*,*,*,*,*,*
4.293,3.75E-12,6.54E-13,*,*,*,*,*,*
4.294,2.27E-13,2.64E-12,*,*,*,*,*,*
4.295,5.06E-12,-1.93E-12,*,*,*,*,*,*
4.296,5.68E-12,1.99E-13,*,*,*,*,*,*
4.297,-8.53E-13,5.68E-14,*,*,*,*,*,*
4.298,7.33E-12,-1.88E-12,*,*,*,*,*,*
4.299,1.48E-12,1.42E-12,*,*,*,*,*,*
4.3,2.39E-12,2.84E-13,*,*,*,*,*,*
4.301,-2.67E-12,-7.96E-13,*,*,*,*,*,*
4.302,1.36E-12,2.84E-14,*,*,*,*,*,*
4.303,8.53E-13,-7.11E-13,*,*,*,*,*,*
4.304,0,-2.84E-14,*,*,*,*,*,*
4.305,-2.39E-12,-2.02E-12,*,*,*,*,*,*
4.306,-7.96E-13,1.08E-12,*,*,*,*,*,*
4.307,1.25E-12,2.22E-12,*,*,*,*,*,*
4.308,-1.25E-12,-3.98E-13,*,*,*,*,*,*
4.309,1.36E-12,-7.67E-13,*,*,*,*,*,*
4.31,2.44E-12,2.13E-12,*,*,*,*,*,*
4.311,3.47E-12,1.36E-12,*,*,*,*,*,*
4.312,-3.24E-12,2.53E-12,*,*,*,*,*,*
4.313,-1.02E-12,-2.42E-12,*,*,*,*,*,*
4.314,4.49E-12,-7.11E-13,*,*,*,*,*,*
4.315,6.59E-12,-5.12E-13,*,*,*,*,*,*
4.316,-9.09E-13,1.99E-12,*,*,*,*,*,*
4.317,3.41E-13,-1.99E-13,*,*,*,*,*,*
4.318,3.98E-13,2.05E-12,*,*,*,*,*,*
4.319,5.63E-12,1.99E-13,*,*,*,*,*,*
4.32,4.66E-12,3.30E-12,*,*,*,*,*,*
4.321,-1.71E-12,3.35E-12,*,*,*,*,*,*
4.322,-8.70E-12,1.36E-12,*,*,*,*,*,*
4.323,4.55E-13,-3.64E-12,*,*,*,*,*,*
4.324,1.88E-12,-2.27E-12,*,*,*,*,*,*
4.325,1.08E-12,2.90E-12,*,*,*,*,*,*
4.326,-4.60E-12,0,*,*,*,*,*,*
4.327,-6.71E-12,1.36E-12,*,*,*,*,*,*
4.328,-2.44E-12,-7.39E-13,*,*,*,*,*,*
4.329,1.48E-12,1.56E-12,*,*,*,*,*,*
4.33,-5.97E-12,1.99E-13,*,*,*,*,*,*
4.331,-4.21E-12,-2.39E-12,*,*,*,*,*,*
4.332,-4.89E-12,1.53E-12,*,*,*,*,*,*
4.333,-4.04E-12,-2.33E-12,*,*,*,*,*,*
4.334,4.38E-12,1.45E-12,*,*,*,*,*,*
4.335,-4.83E-12,-2.36E-12,*,*,*,*,*,*
4.336,4.49E-12,7.11E-13,*,*,*,*,*,*
4.337,-4.26E-12,2.07E-12,*,*,*,*,*,*
4.338,8.92E-12,0,*,*,*,*,*,*
4.339,-1.13E-11,-2.56E-12,*,*,*,*,*,*
4.34,-2.56E-12,-5.40E-13,*,*,*,*,*,*
4.341,-3.41E-13,-3.04E-12,*,*,*,*,*,*
4.342,-3.75E-12,-2.59E-12,*,*,*,*,*,*
4.343,-7.39E-12,-3.55E-12,*,*,*,*,*,*
4.344,-1.19E-12,1.28E-12,*,*,*,*,*,*
4.345,-1.31E-12,-2.15E-12,*,*,*,*,*,*
4.346,-2.90E-12,1.55E-12,*,*,*,*,*,*
4.347,-4.95E-12,1.41E-12,*,*,*,*,*,*
4.348,6.88E-12,9.66E-13,*,*,*,*,*,*
4.349,-2.96E-12,-2.61E-12,*,*,*,*,*,*
4.35,8.13E-12,3.99E-12,*,*,*,*,*,*
4.351,2.50E-12,-1.72E-12,*,*,*,*,*,*
4.352,5.12E-12,-1.14E-12,*,*,*,*,*,*
4.353,9.44E-12,-4.26E-13,*,*,*,*,*,*
4.354,-3.87E-12,7.25E-13,*,*,*,*,*,*
4.355,5.68E-14,7.96E-13,*,*,*,*,*,*
4.356,-7.33E-12,-1.38E-12,*,*,*,*,*,*
4.357,-2.39E-12,-1.92E-12,*,*,*,*,*,*
4.358,3.01E-12,4.83E-13,*,*,*,*,*,*
4.359,-1.14E-12,-6.82E-13,*,*,*,*,*,*
4.36,7.39E-13,-1.95E-12,*,*,*,*,*,*
4.361,-5.63E-12,3.69E-13,*,*,*,*,*,*
4.362,-2.79E-12,-3.08E-12,*,*,*,*,*,*
4.363,7.05E-12,2.59E-12,*,*,*,*,*,*
4.364,4.15E-12,-3.55E-13,*,*,*,*,*,*
4.365,6.03E-12,-1.36E-12,*,*,*,*,*,*
4.366,-4.04E-12,1.90E-12,*,*,*,*,*,*
4.367,5.46E-12,-2.00E-12,*,*,*,*,*,*
4.368,-4.77E-12,-1.25E-12,*,*,*,*,*,*
4.369,-1.32E-11,-1.83E-12,*,*,*,*,*,*
4.37,-5.63E-12,-1.99E-13,*,*,*,*,*,*
4.371,-5.06E-12,-2.50E-12,*,*,*,*,*,*
4.372,5.40E-12,-1.12E-12,*,*,*,*,*,*
4.373,-2.33E-12,-3.24E-12,*,*,*,*,*,*
4.374,1.76E-12,9.09E-13,*,*,*,*,*,*
4.375,4.09E-12,-1.41E-12,*,*,*,*,*,*
4.376,1.27E-11,-4.26E-14,*,*,*,*,*,*
4.377,2.73E-12,2.16E-12,*,*,*,*,*,*
4.378,4.55E-12,-1.62E-12,*,*,*,*,*,*
4.379,4.09E-12,-1.26E-12,*,*,*,*,*,*
4.38,-5.00E-12,-4.26E-14,*,*,*,*,*,*
4.381,-6.42E-12,3.50E-12,*,*,*,*,*,*
4.382,1.25E-12,-2.98E-13,*,*,*,*,*,*
4.383,1.22E-11,6.25E-13,*,*,*,*,*,*
4.384,-7.16E-12,-2.64E-12,*,*,*,*,*,*
4.385,-1.99E-12,-4.69E-13,*,*,*,*,*,*
4.386,-9.66E-13,-2.13E-13,*,*,*,*,*,*
4.387,4.89E-12,2.50E-12,*,*,*,*,*,*
4.388,2.05E-12,1.24E-12,*,*,*,*,*,*
4.389,5.57E-12,-2.56E-12,*,*,*,*,*,*
4.39,-2.22E-12,-3.98E-13,*,*,*,*,*,*
4.391,-9.89E-12,-1.96E-12,*,*,*,*,*,*
4.392,-8.01E-12,4.55E-12,*,*,*,*,*,*
4.393,-8.13E-12,-2.66E-12,*,*,*,*,*,*
4.394,-2.10E-12,-7.82E-13,*,*,*,*,*,*
4.395,-3.47E-12,2.43E-12,*,*,*,*,*,*
4.396,-9.61E-12,-9.66E-13,*,*,*,*,*,*
4.397,5.06E-12,-5.54E-13,*,*,*,*,*,*
4.398,7.39E-13,-2.84E-14,*,*,*,*,*,*
4.399,-6.59E-12,-2.61E-12,*,*,*,*,*,*
4.4,2.39E-12,-2.22E-12,*,*,*,*,*,*
4.401,-5.46E-12,-3.77E-12,*,*,*,*,*,*
4.402,-3.64E-12,-2.46E-12,*,*,*,*,*,*
4.403,8.24E-12,3.27E-13,*,*,*,*,*,*
4.404,-5.80E-12,1.95E-12,*,*,*,*,*,*
4.405,4.26E-12,-2.42E-13,*,*,*,*,*,*
4.406,6.37E-12,-2.29E-12,*,*,*,*,*,*
4.407,-3.41E-13,1.52E-12,*,*,*,*,*,*
4.408,-1.11E-11,-3.79E-12,*,*,*,*,*,*
4.409,-4.83E-12,7.96E-13,*,*,*,*,*,*
4.41,-1.93E-12,9.24E-13,*,*,*,*,*,*
4.411,-5.91E-12,6.39E-13,*,*,*,*,*,*
4.412,1.94E-11,2.56E-13,*,*,*,*,*,*
4.413,1.19E-11,-3.69E-13,*,*,*,*,*,*
4.414,-3.58E-12,-1.79E-12,*,*,*,*,*,*
4.415,-5.51E-12,-9.95E-13,*,*,*,*,*,*
4.416,7.96E-12,-1.36E-12,*,*,*,*,*,*
4.417,-2.27E-12,-2.54E-12,*,*,*,*,*,*
4.418,9.32E-12,-1.76E-12,*,*,*,*,*,*
4.419,2.27E-12,1.88E-12,*,*,*,*,*,*
4.42,5.91E-12,-2.88E-12,*,*,*,*,*,*
4.421,3.30E-12,-1.25E-12,*,*,*,*,*,*
4.422,-1.45E-11,-7.25E-13,*,*,*,*,*,*
4.423,3.41E-12,-1.58E-12,*,*,*,*,*,*
4.424,1.25E-11,9.95E-13,*,*,*,*,*,*
4.425,1.88E-12,-9.95E-14,*,*,*,*,*,*
4.426,-1.47E-11,-3.48E-12,*,*,*,*,*,*
4.427,8.92E-12,-2.00E-12,*,*,*,*,*,*
4.428,-6.25E-13,-8.53E-14,*,*,*,*,*,*
4.429,-2.79E-12,-1.55E-12,*,*,*,*,*,*
4.43,-8.75E-12,3.07E-12,*,*,*,*,*,*
4.431,-1.53E-12,1.44E-12,*,*,*,*,*,*
4.432,3.13E-12,4.55E-13,*,*,*,*,*,*
4.433,2.44E-12,-2.39E-12,*,*,*,*,*,*
4.434,-6.25E-13,1.42E-14,*,*,*,*,*,*
4.435,1.13E-11,1.51E-12,*,*,*,*,*,*
4.436,3.69E-12,-3.61E-12,*,*,*,*,*,*
4.437,-4.77E-12,-4.97E-13,*,*,*,*,*,*
4.438,-2.61E-12,4.46E-12,*,*,*,*,*,*
4.439,8.98E-12,-4.69E-13,*,*,*,*,*,*
4.44,-9.66E-13,2.90E-12,*,*,*,*,*,*
4.441,1.12E-11,-2.27E-13,*,*,*,*,*,*
4.442,-1.37E-11,3.41E-12,*,*,*,*,*,*
4.443,1.99E-12,1.68E-12,*,*,*,*,*,*
4.444,-1.44E-11,2.13E-13,*,*,*,*,*,*
4.445,3.92E-12,8.53E-13,*,*,*,*,*,*
4.446,-3.18E-12,1.78E-12,*,*,*,*,*,*
4.447,5.17E-12,-2.98E-13,*,*,*,*,*,*
4.448,2.79E-12,1.56E-12,*,*,*,*,*,*
4.449,1.40E-11,2.79E-12,*,*,*,*,*,*
4.45,2.13E-11,-2.80E-12,*,*,*,*,*,*
4.451,1.43E-11,-1.71E-12,*,*,*,*,*,*
4.452,-1.88E-12,-4.26E-14,*,*,*,*,*,*
4.453,1.06E-11,-1.09E-12,*,*,*,*,*,*
4.454,4.72E-12,8.53E-14,*,*,*,*,*,*
4.455,-2.22E-12,-1.56E-13,*,*,*,*,*,*
4.456,-1.42E-12,-4.97E-13,*,*,*,*,*,*
4.457,7.67E-12,1.82E-12,*,*,*,*,*,*
4.458,6.82E-13,1.48E-12,*,*,*,*,*,*
4.459,-1.88E-11,-1.38E-12,*,*,*,*,*,*
4.46,-1.14E-12,-1.52E-12,*,*,*,*,*,*
4.461,-4.66E-12,3.55E-13,*,*,*,*,*,*
4.462,3.30E-12,-8.10E-13,*,*,*,*,*,*
4.463,2.67E-12,-4.26E-14,*,*,*,*,*,*
4.464,-3.41E-12,4.43E-12,*,*,*,*,*,*
4.465,4.83E-12,-2.22E-12,*,*,*,*,*,*
4.466,4.55E-13,-1.98E-12,*,*,*,*,*,*
4.467,-1.06E-11,5.12E-13,*,*,*,*,*,*
4.468,5.23E-12,5.97E-13,*,*,*,*,*,*
4.469,-3.58E-12,1.48E-12,*,*,*,*,*,*
4.47,3.75E-12,-2.13E-13,*,*,*,*,*,*
4.471,-1.14E-11,4.55E-13,*,*,*,*,*,*
4.472,9.21E-12,1.42E-13,*,*,*,*,*,*
4.473,4.72E-12,2.25E-12,*,*,*,*,*,*
4.474,1.31E-11,2.17E-12,*,*,*,*,*,*
4.475,3.13E-12,-1.42E-13,*,*,*,*,*,*
4.476,3.41E-12,-3.84E-13,*,*,*,*,*,*
4.477,1.65E-12,1.17E-12,*,*,*,*,*,*
4.478,-1.52E-11,2.74E-12,*,*,*,*,*,*
4.479,6.54E-12,1.45E-12,*,*,*,*,*,*
4.48,1.76E-12,-1.71E-12,*,*,*,*,*,*
4.481,7.05E-12,2.30E-12,*,*,*,*,*,*
4.482,-5.06E-12,1.09E-12,*,*,*,*,*,*
4.483,-7.28E-12,1.14E-13,*,*,*,*,*,*
4.484,9.83E-12,-1.79E-12,*,*,*,*,*,*
4.485,3.98E-12,-2.94E-12,*,*,*,*,*,*
4.486,-4.15E-12,-1.61E-12,*,*,*,*,*,*
4.487,4.09E-12,-6.82E-13,*,*,*,*,*,*
4.488,6.99E-12,1.21E-12,*,*,*,*,*,*
4.489,6.14E-12,2.42E-13,*,*,*,*,*,*
4.49,1.30E-11,5.68E-14,*,*,*,*,*,*
4.491,-1.30E-11,-6.82E-13,*,*,*,*,*,*
4.492,-3.98E-12,1.90E-12,*,*,*,*,*,*
4.493,-2.05E-12,-3.82E-12,*,*,*,*,*,*
4.494,-5.46E-12,-2.66E-12,*,*,*,*,*,*
4.495,7.16E-12,-2.42E-12,*,*,*,*,*,*
4.496,-2.27E-12,-1.98E-12,*,*,*,*,*,*
4.497,-7.28E-12,4.69E-13,*,*,*,*,*,*
4.498,1.71E-12,2.83E-12,*,*,*,*,*,*
4.499,-7.96E-13,-1.85E-13,*,*,*,*,*,*
4.5,-3.52E-12,5.14E-12,*,*,*,*,*,*
4.501,-4.66E-12,1.17E-12,*,*,*,*,*,*
4.502,6.14E-12,3.27E-12,*,*,*,*,*,*
4.503,1.52E-11,-4.55E-13,*,*,*,*,*,*
4.504,-1.03E-11,1.52E-12,*,*,*,*,*,*
4.505,1.11E-11,-1.99E-12,*,*,*,*,*,*
4.506,2.50E-12,2.42E-13,*,*,*,*,*,*
4.507,5.46E-12,8.10E-13,*,*,*,*,*,*
4.508,-1.31E-11,-1.65E-12,*,*,*,*,*,*
4.509,6.71E-12,2.05E-12,*,*,*,*,*,*
4.51,-1.93E-12,1.51E-12,*,*,*,*,*,*
4.511,-5.46E-12,3.98E-13,*,*,*,*,*,*
4.512,1.14E-11,4.41E-13,*,*,*,*,*,*
4.513,1.81E-11,1.39E-12,*,*,*,*,*,*
4.514,-5.12E-12,-1.17E-12,*,*,*,*,*,*
4.515,-7.50E-12,-1.86E-12,*,*,*,*,*,*
4.516,4.21E-12,2.70E-12,*,*,*,*,*,*
4.517,-1.82E-12,-2.13E-13,*,*,*,*,*,*
4.518,-7.84E-12,-3.50E-12,*,*,*,*,*,*
4.519,-1.64E-11,1.42E-12,*,*,*,*,*,*
4.52,2.73E-12,-1.99E-13,*,*,*,*,*,*
4.521,-9.09E-13,-9.95E-13,*,*,*,*,*,*
4.522,-3.07E-12,-8.81E-13,*,*,*,*,*,*
4.523,2.39E-12,9.24E-13,*,*,*,*,*,*
4.524,-2.73E-12,-1.26E-12,*,*,*,*,*,*
4.525,-7.96E-13,-1.04E-12,*,*,*,*,*,*
4.526,-1.32E-11,1.28E-13,*,*,*,*,*,*
4.527,3.87E-12,1.85E-13,*,*,*,*,*,*
4.528,-6.48E-12,-4.83E-13,*,*,*,*,*,*
4.529,-1.82E-12,1.56E-13,*,*,*,*,*,*
4.53,-4.55E-12,3.04E-12,*,*,*,*,*,*
4.531,-3.64E-12,-1.86E-12,*,*,*,*,*,*
4.532,3.41E-12,1.61E-12,*,*,*,*,*,*
4.533,4.21E-12,3.45E-12,*,*,*,*,*,*
4.534,-2.27E-12,-1.92E-12,*,*,*,*,*,*
4.535,1.26E-11,1.38E-12,*,*,*,*,*,*
4.536,-1.19E-11,-4.26E-14,*,*,*,*,*,*
4.537,7.16E-12,-1.11E-12,*,*,*,*,*,*
4.538,7.62E-12,4.41E-13,*,*,*,*,*,*
4.539,8.41E-12,1.02E-12,*,*,*,*,*,*
4.54,9.09E-13,1.26E-12,*,*,*,*,*,*
4.541,3.30E-12,-9.38E-13,*,*,*,*,*,*
4.542,1.59E-12,4.26E-13,*,*,*,*,*,*
4.543,-7.50E-12,0,*,*,*,*,*,*
4.544,-6.03E-12,2.74E-12,*,*,*,*,*,*
4.545,-4.89E-12,-1.34E-12,*,*,*,*,*,*
4.546,1.36E-12,1.65E-12,*,*,*,*,*,*
4.547,-5.34E-12,2.27E-12,*,*,*,*,*,*
4.548,4.09E-12,-3.13E-12,*,*,*,*,*,*
4.549,-6.25E-12,-9.52E-13,*,*,*,*,*,*
4.55,1.07E-11,1.56E-13,*,*,*,*,*,*
4.551,4.66E-12,-2.56E-13,*,*,*,*,*,*
4.552,-3.75E-12,4.26E-14,*,*,*,*,*,*
4.553,1.40E-11,1.95E-12,*,*,*,*,*,*
4.554,-3.52E-12,4.69E-13,*,*,*,*,*,*
4.555,-3.41E-13,2.33E-12,*,*,*,*,*,*
4.556,-5.68E-12,-1.35E-12,*,*,*,*,*,*
4.557,-5.68E-12,1.15E-12,*,*,*,*,*,*
4.558,3.52E-12,-7.82E-13,*,*,*,*,*,*
4.559,1.17E-11,8.38E-13,*,*,*,*,*,*
4.56,1.09E-11,-8.53E-14,*,*,*,*,*,*
4.561,3.98E-12,1.86E-12,*,*,*,*,*,*
4.562,1.28E-11,-1.32E-12,*,*,*,*,*,*
4.563,2.27E-13,-1.31E-12,*,*,*,*,*,*
4.564,2.39E-12,-4.26E-14,*,*,*,*,*,*
4.565,2.05E-12,2.98E-13,*,*,*,*,*,*
4.566,-4.21E-12,-1.80E-12,*,*,*,*,*,*
4.567,1.48E-11,1.39E-12,*,*,*,*,*,*
4.568,-1.71E-12,2.13E-13,*,*,*,*,*,*
4.569,-7.50E-12,3.62E-12,*,*,*,*,*,*
4.57,1.36E-12,9.66E-13,*,*,*,*,*,*
4.571,6.82E-13,-4.66E-12,*,*,*,*,*,*
4.572,1.99E-11,-1.28E-13,*,*,*,*,*,*
4.573,-1.36E-11,8.53E-13,*,*,*,*,*,*
4.574,-1.38E-11,4.55E-13,*,*,*,*,*,*
4.575,8.75E-12,-6.39E-13,*,*,*,*,*,*
4.576,-4.55E-12,-2.29E-12,*,*,*,*,*,*
4.577,-5.57E-12,-2.98E-13,*,*,*,*,*,*
4.578,-1.31E-11,-7.11E-13,*,*,*,*,*,*
4.579,5.57E-12,-3.28E-12,*,*,*,*,*,*
4.58,2.50E-12,-4.41E-13,*,*,*,*,*,*
4.581,5.68E-13,3.33E-12,*,*,*,*,*,*
4.582,6.37E-12,-8.38E-13,*,*,*,*,*,*
4.583,4.09E-12,-1.32E-12,*,*,*,*,*,*
4.584,-1.24E-11,-4.04E-12,*,*,*,*,*,*
4.585,3.87E-12,-6.54E-13,*,*,*,*,*,*
4.586,-8.07E-12,-1.79E-12,*,*,*,*,*,*
4.587,-2.50E-12,-2.07E-12,*,*,*,*,*,*
4.588,-7.73E-12,-2.84E-14,*,*,*,*,*,*
4.589,-2.50E-12,-1.42E-13,*,*,*,*,*,*
4.59,9.09E-13,5.97E-13,*,*,*,*,*,*
4.591,-1.07E-11,-2.27E-12,*,*,*,*,*,*
4.592,3.87E-12,3.47E-12,*,*,*,*,*,*
4.593,-1.32E-11,2.10E-12,*,*,*,*,*,*
4.594,4.43E-12,7.11E-13,*,*,*,*,*,*
4.595,-1.36E-12,9.95E-13,*,*,*,*,*,*
4.596,-1.14E-13,1.79E-12,*,*,*,*,*,*
4.597,-7.28E-12,-3.24E-12,*,*,*,*,*,*
4.598,-7.84E-12,7.39E-13,*,*,*,*,*,*
4.599,-3.87E-12,-1.71E-13,*,*,*,*,*,*
4.6,-5.57E-12,-2.93E-12,*,*,*,*,*,*
4.601,-6.37E-12,-8.81E-13,*,*,*,*,*,*
4.602,1.14E-12,-1.11E-12,*,*,*,*,*,*
4.603,-1.02E-12,-3.92E-12,*,*,*,*,*,*
4.604,4.09E-12,-5.51E-12,*,*,*,*,*,*
4.605,3.64E-12,2.25E-12,*,*,*,*,*,*
4.606,-1.56E-11,1.79E-12,*,*,*,*,*,*
4.607,-9.89E-12,-6.54E-13,*,*,*,*,*,*
4.608,-9.78E-12,-9.66E-13,*,*,*,*,*,*
4.609,4.21E-12,-3.47E-12,*,*,*,*,*,*
4.61,-2.61E-12,-5.68E-14,*,*,*,*,*,*
4.611,-2.73E-12,9.66E-13,*,*,*,*,*,*
4.612,-9.09E-12,-4.26E-13,*,*,*,*,*,*
4.613,1.76E-11,9.66E-13,*,*,*,*,*,*
4.614,-6.48E-12,-2.47E-12,*,*,*,*,*,*
4.615,1.42E-11,5.68E-14,*,*,*,*,*,*
4.616,-1.00E-11,-1.31E-12,*,*,*,*,*,*
4.617,-2.84E-12,-8.53E-14,*,*,*,*,*,*
4.618,4.89E-12,-2.76E-12,*,*,*,*,*,*
4.619,-1.34E-11,-2.42E-12,*,*,*,*,*,*
4.62,1.63E-11,-2.27E-13,*,*,*,*,*,*
4.621,7.62E-12,1.19E-12,*,*,*,*,*,*
4.622,-2.96E-12,2.73E-12,*,*,*,*,*,*
4.623,1.48E-12,-2.42E-12,*,*,*,*,*,*
4.624,6.93E-12,5.68E-14,*,*,*,*,*,*
4.625,-2.05E-12,-1.05E-12,*,*,*,*,*,*
4.626,1.71E-12,-8.53E-13,*,*,*,*,*,*
4.627,-1.14E-12,-2.27E-13,*,*,*,*,*,*
4.628,-7.96E-13,-1.02E-12,*,*,*,*,*,*
4.629,3.75E-12,-2.61E-12,*,*,*,*,*,*
4.63,5.00E-12,1.96E-12,*,*,*,*,*,*
4.631,-6.59E-12,1.31E-12,*,*,*,*,*,*
4.632,2.27E-12,4.15E-12,*,*,*,*,*,*
4.633,-1.93E-12,-3.98E-13,*,*,*,*,*,*
4.634,-1.15E-11,-4.55E-13,*,*,*,*,*,*
4.635,1.48E-12,2.56E-13,*,*,*,*,*,*
4.636,-9.44E-12,3.52E-12,*,*,*,*,*,*
4.637,-1.82E-12,-4.66E-12,*,*,*,*,*,*
4.638,6.37E-12,1.36E-12,*,*,*,*,*,*
4.639,-4.55E-12,-7.39E-13,*,*,*,*,*,*
4.64,5.34E-12,-2.07E-12,*,*,*,*,*,*
4.641,8.75E-12,1.73E-12,*,*,*,*,*,*
4.642,-1.48E-12,-1.17E-12,*,*,*,*,*,*
4.643,3.64E-12,9.09E-13,*,*,*,*,*,*
4.644,5.80E-12,7.67E-13,*,*,*,*,*,*
4.645,7.39E-12,1.42E-13,*,*,*,*,*,*
4.646,1.67E-11,1.39E-12,*,*,*,*,*,*
4.647,-2.39E-12,-2.64E-12,*,*,*,*,*,*
4.648,-4.89E-12,-3.58E-12,*,*,*,*,*,*
4.649,5.34E-12,-1.31E-12,*,*,*,*,*,*
4.65,9.66E-12,2.53E-12,*,*,*,*,*,*
4.651,1.00E-11,-3.95E-12,*,*,*,*,*,*
4.652,5.68E-13,-2.79E-12,*,*,*,*,*,*
4.653,-1.93E-12,-1.48E-12,*,*,*,*,*,*
4.654,-3.41E-13,-1.65E-12,*,*,*,*,*,*
4.655,1.25E-12,-3.18E-12,*,*,*,*,*,*
4.656,-7.96E-13,1.73E-12,*,*,*,*,*,*
4.657,1.82E-12,7.67E-13,*,*,*,*,*,*
4.658,5.46E-12,-2.93E-12,*,*,*,*,*,*
4.659,-1.00E-11,-3.35E-12,*,*,*,*,*,*
4.66,-1.11E-11,3.41E-13,*,*,*,*,*,*
4.661,1.59E-11,-5.40E-13,*,*,*,*,*,*
4.662,-1.36E-12,-4.72E-12,*,*,*,*,*,*
4.663,-6.48E-12,3.10E-12,*,*,*,*,*,*
4.664,-1.36E-12,-4.38E-12,*,*,*,*,*,*
4.665,5.57E-12,1.96E-12,*,*,*,*,*,*
4.666,-1.96E-11,-2.33E-12,*,*,*,*,*,*
4.667,-1.71E-12,1.62E-12,*,*,*,*,*,*
4.668,1.93E-11,-1.71E-13,*,*,*,*,*,*
4.669,-6.48E-12,-1.48E-12,*,*,*,*,*,*
4.67,-1.10E-11,3.38E-12,*,*,*,*,*,*
4.671,-7.05E-12,-1.65E-12,*,*,*,*,*,*
4.672,1.81E-11,4.26E-13,*,*,*,*,*,*
4.673,4.09E-12,2.59E-12,*,*,*,*,*,*
4.674,-1.59E-12,2.33E-12,*,*,*,*,*,*
4.675,0,-2.84E-14,*,*,*,*,*,*
4.676,-1.75E-11,-1.99E-13,*,*,*,*,*,*
4.677,-8.87E-12,4.26E-13,*,*,*,*,*,*
4.678,3.52E-12,0,*,*,*,*,*,*
4.679,-1.49E-11,-4.55E-13,*,*,*,*,*,*
4.68,4.32E-12,-3.01E-12,*,*,*,*,*,*
4.681,2.16E-12,1.79E-12,*,*,*,*,*,*
4.682,7.96E-12,-2.02E-12,*,*,*,*,*,*
4.683,4.21E-12,-2.64E-12,*,*,*,*,*,*
4.684,-7.05E-12,-3.24E-12,*,*,*,*,*,*
4.685,-2.61E-12,-1.90E-12,*,*,*,*,*,*
4.686,-2.27E-12,1.56E-12,*,*,*,*,*,*
4.687,9.09E-13,4.77E-12,*,*,*,*,*,*
4.688,1.71E-12,2.96E-12,*,*,*,*,*,*
4.689,5.91E-12,-8.24E-13,*,*,*,*,*,*
4.69,-1.96E-11,2.50E-12,*,*,*,*,*,*
4.691,4.89E-12,-1.08E-12,*,*,*,*,*,*
4.692,-2.84E-12,-1.08E-12,*,*,*,*,*,*
4.693,5.68E-13,1.71E-12,*,*,*,*,*,*
4.694,3.87E-12,1.96E-12,*,*,*,*,*,*
4.695,1.73E-11,2.10E-12,*,*,*,*,*,*
4.696,-1.59E-12,-4.04E-12,*,*,*,*,*,*
4.697,-8.87E-12,1.68E-12,*,*,*,*,*,*
4.698,-9.09E-12,1.42E-12,*,*,*,*,*,*
4.699,9.78E-12,4.80E-12,*,*,*,*,*,*
4.7,-6.82E-13,6.82E-13,*,*,*,*,*,*
4.701,1.99E-11,1.11E-12,*,*,*,*,*,*
4.702,-9.09E-13,3.67E-12,*,*,*,*,*,*
4.703,4.21E-12,2.25E-12,*,*,*,*,*,*
4.704,-2.16E-12,1.71E-12,*,*,*,*,*,*
4.705,-5.23E-12,3.69E-13,*,*,*,*,*,*
4.706,7.50E-12,1.14E-13,*,*,*,*,*,*
4.707,1.11E-11,5.68E-14,*,*,*,*,*,*
4.708,-5.34E-12,-1.99E-12,*,*,*,*,*,*
4.709,3.18E-12,-1.19E-12,*,*,*,*,*,*
4.71,-1.48E-12,-1.68E-12,*,*,*,*,*,*
4.711,1.05E-11,1.71E-12,*,*,*,*,*,*
4.712,1.31E-11,-1.42E-13,*,*,*,*,*,*
4.713,1.93E-12,1.51E-12,*,*,*,*,*,*
4.714,1.10E-11,-7.11E-13,*,*,*,*,*,*
4.715,9.78E-12,4.46E-12,*,*,*,*,*,*
4.716,9.66E-12,-2.84E-14,*,*,*,*,*,*
4.717,-9.21E-12,-4.23E-12,*,*,*,*,*,*
4.718,1.00E-11,1.31E-12,*,*,*,*,*,*
4.719,-1.25E-12,-3.75E-12,*,*,*,*,*,*
4.72,-1.86E-11,8.53E-13,*,*,*,*,*,*
4.721,7.62E-12,-2.81E-12,*,*,*,*,*,*
4.722,-1.82E-11,-3.18E-12,*,*,*,*,*,*
4.723,-4.55E-13,-1.71E-12,*,*,*,*,*,*
4.724,-2.84E-12,-3.55E-12,*,*,*,*,*,*
4.725,-3.07E-12,-4.26E-13,*,*,*,*,*,*
4.726,-2.73E-12,3.27E-12,*,*,*,*,*,*
4.727,-4.32E-12,-3.50E-12,*,*,*,*,*,*
4.728,-1.71E-12,-1.34E-12,*,*,*,*,*,*
4.729,4.09E-12,3.50E-12,*,*,*,*,*,*
4.73,5.23E-12,5.40E-13,*,*,*,*,*,*
4.731,1.25E-12,9.38E-13,*,*,*,*,*,*
4.732,-1.27E-11,-1.25E-12,*,*,*,*,*,*
4.733,1.42E-11,-2.56E-13,*,*,*,*,*,*
4.734,-3.98E-12,-2.27E-12,*,*,*,*,*,*
4.735,-1.48E-12,1.11E-12,*,*,*,*,*,*
4.736,4.55E-12,8.53E-14,*,*,*,*,*,*
4.737,1.25E-12,-1.14E-13,*,*,*,*,*,*
4.738,1.14E-13,-9.38E-13,*,*,*,*,*,*
4.739,1.50E-11,1.01E-12,*,*,*,*,*,*
4.74,1.82E-12,4.08E-12,*,*,*,*,*,*
4.741,1.52E-11,1.86E-12,*,*,*,*,*,*
4.742,4.66E-12,-5.54E-13,*,*,*,*,*,*
4.743,-9.66E-12,-1.68E-12,*,*,*,*,*,*
4.744,-2.96E-12,8.38E-13,*,*,*,*,*,*
4.745,-4.66E-12,5.97E-13,*,*,*,*,*,*
4.746,-1.05E-11,2.42E-13,*,*,*,*,*,*
4.747,-8.30E-12,4.12E-12,*,*,*,*,*,*
4.748,1.25E-12,2.70E-13,*,*,*,*,*,*
4.749,-8.53E-12,1.58E-12,*,*,*,*,*,*
4.75,-9.66E-12,-7.25E-13,*,*,*,*,*,*
4.751,4.09E-12,-3.38E-12,*,*,*,*,*,*
4.752,1.24E-11,-7.96E-13,*,*,*,*,*,*
4.753,9.44E-12,-1.53E-12,*,*,*,*,*,*
4.754,1.14E-13,-1.56E-13,*,*,*,*,*,*
4.755,-2.39E-12,-1.36E-12,*,*,*,*,*,*
4.756,-6.59E-12,-1.61E-12,*,*,*,*,*,*
4.757,-7.96E-12,3.04E-12,*,*,*,*,*,*
4.758,-1.82E-12,-9.95E-13,*,*,*,*,*,*
4.759,-6.82E-13,-3.84E-13,*,*,*,*,*,*
4.76,9.66E-12,-4.42E-12,*,*,*,*,*,*
4.761,8.19E-12,7.82E-13,*,*,*,*,*,*
4.762,-1.14E-12,-4.70E-12,*,*,*,*,*,*
4.763,-2.96E-12,-1.35E-12,*,*,*,*,*,*
4.764,1.09E-11,2.02E-12,*,*,*,*,*,*
4.765,2.96E-12,-3.84E-13,*,*,*,*,*,*
4.766,2.16E-12,-1.71E-13,*,*,*,*,*,*
4.767,2.16E-12,3.34E-12,*,*,*,*,*,*
4.768,5.68E-13,-3.41E-13,*,*,*,*,*,*
4.769,1.24E-11,5.54E-13,*,*,*,*,*,*
4.77,5.57E-12,4.08E-12,*,*,*,*,*,*
4.771,-2.73E-12,-9.09E-13,*,*,*,*,*,*
4.772,3.87E-12,1.31E-12,*,*,*,*,*,*
4.773,1.82E-12,2.39E-12,*,*,*,*,*,*
4.774,-5.68E-13,-1.14E-13,*,*,*,*,*,*
4.775,-3.52E-12,2.94E-12,*,*,*,*,*,*
4.776,-6.03E-12,2.74E-12,*,*,*,*,*,*
4.777,1.93E-12,-2.06E-12,*,*,*,*,*,*
4.778,1.83E-11,1.42E-14,*,*,*,*,*,*
4.779,1.09E-11,1.86E-12,*,*,*,*,*,*
4.78,5.57E-12,-8.53E-14,*,*,*,*,*,*
4.781,-1.07E-11,-3.00E-12,*,*,*,*,*,*
4.782,7.16E-12,2.64E-12,*,*,*,*,*,*
4.783,2.39E-12,-1.79E-12,*,*,*,*,*,*
4.784,-3.41E-13,2.17E-12,*,*,*,*,*,*
4.785,6.37E-12,-1.85E-13,*,*,*,*,*,*
4.786,3.41E-13,-7.11E-13,*,*,*,*,*,*
4.787,2.50E-12,-6.68E-13,*,*,*,*,*,*
4.788,6.37E-12,1.71E-13,*,*,*,*,*,*
4.789,-3.07E-12,-1.51E-12,*,*,*,*,*,*
4.79,-8.87E-12,-6.11E-13,*,*,*,*,*,*
4.791,2.27E-13,-1.39E-12,*,*,*,*,*,*
4.792,5.68E-13,1.59E-12,*,*,*,*,*,*
4.793,-3.52E-12,4.26E-14,*,*,*,*,*,*
4.794,-5.12E-12,1.86E-12,*,*,*,*,*,*
4.795,1.25E-11,-4.55E-13,*,*,*,*,*,*
4.796,5.34E-12,-2.27E-13,*,*,*,*,*,*
4.797,-1.59E-12,-1.28E-12,*,*,*,*,*,*
4.798,5.00E-12,1.83E-12,*,*,*,*,*,*
4.799,-1.23E-11,-1.21E-12,*,*,*,*,*,*
4.8,-3.64E-12,2.27E-13,*,*,*,*,*,*
4.801,-1.14E-12,-4.96E-12,*,*,*,*,*,*
4.802,4.89E-12,1.31E-12,*,*,*,*,*,*
4.803,4.09E-12,-2.03E-12,*,*,*,*,*,*
4.804,6.82E-13,-3.69E-13,*,*,*,*,*,*
4.805,1.49E-11,5.12E-13,*,*,*,*,*,*
4.806,3.30E-12,-1.46E-12,*,*,*,*,*,*
4.807,7.39E-12,1.89E-12,*,*,*,*,*,*
4.808,3.41E-13,-1.99E-13,*,*,*,*,*,*
4.809,-7.73E-12,-2.13E-12,*,*,*,*,*,*
4.81,-5.68E-13,-2.66E-12,*,*,*,*,*,*
4.811,-1.10E-11,-2.93E-12,*,*,*,*,*,*
4.812,-1.05E-11,-2.70E-13,*,*,*,*,*,*
4.813,4.55E-13,-1.14E-13,*,*,*,*,*,*
4.814,7.62E-12,-1.56E-13,*,*,*,*,*,*
4.815,-4.55E-13,-2.03E-12,*,*,*,*,*,*
4.816,1.36E-12,-1.49E-12,*,*,*,*,*,*
4.817,1.82E-12,-2.97E-12,*,*,*,*,*,*
4.818,-7.96E-12,-2.98E-13,*,*,*,*,*,*
4.819,-2.32E-11,-5.12E-12,*,*,*,*,*,*
4.82,1.28E-11,-2.15E-12,*,*,*,*,*,*
4.821,-7.96E-13,2.17E-12,*,*,*,*,*,*
4.822,-4.89E-12,-6.11E-13,*,*,*,*,*,*
4.823,-9.09E-12,-2.49E-12,*,*,*,*,*,*
4.824,3.64E-12,-1.17E-12,*,*,*,*,*,*
4.825,-1.14E-11,1.55E-12,*,*,*,*,*,*
4.826,2.73E-12,1.28E-13,*,*,*,*,*,*
4.827,5.23E-12,9.95E-14,*,*,*,*,*,*
4.828,8.19E-12,-3.98E-13,*,*,*,*,*,*
4.829,-6.25E-12,-4.12E-13,*,*,*,*,*,*
4.83,2.61E-12,-2.84E-14,*,*,*,*,*,*
4.831,1.08E-11,1.69E-12,*,*,*,*,*,*
4.832,-5.68E-13,-8.67E-13,*,*,*,*,*,*
4.833,-1.52E-11,1.28E-13,*,*,*,*,*,*
4.834,-1.24E-11,2.13E-12,*,*,*,*,*,*
4.835,-6.20E-12,3.52E-12,*,*,*,*,*,*
4.836,-3.35E-12,1.83E-12,*,*,*,*,*,*
4.837,2.84E-13,1.72E-12,*,*,*,*,*,*
4.838,1.76E-12,1.46E-12,*,*,*,*,*,*
4.839,4.60E-12,-3.01E-12,*,*,*,*,*,*
4.84,2.22E-12,8.24E-13,*,*,*,*,*,*
4.841,-9.61E-12,-2.57E-12,*,*,*,*,*,*
4.842,-3.87E-12,-2.05E-12,*,*,*,*,*,*
4.843,-2.44E-12,-1.95E-12,*,*,*,*,*,*
4.844,5.17E-12,-1.71E-13,*,*,*,*,*,*
4.845,1.45E-11,-1.62E-12,*,*,*,*,*,*
4.846,4.72E-12,1.49E-12,*,*,*,*,*,*
4.847,-1.53E-12,-3.18E-12,*,*,*,*,*,*
4.848,-3.18E-12,2.56E-13,*,*,*,*,*,*
4.849,-3.47E-12,-3.13E-13,*,*,*,*,*,*
4.85,-7.11E-12,-1.76E-12,*,*,*,*,*,*
4.851,-7.56E-12,2.94E-12,*,*,*,*,*,*
4.852,-2.16E-12,-1.65E-12,*,*,*,*,*,*
4.853,5.34E-12,-3.84E-13,*,*,*,*,*,*
4.854,-3.98E-12,2.17E-12,*,*,*,*,*,*
4.855,-7.67E-12,2.43E-12,*,*,*,*,*,*
4.856,2.16E-12,5.40E-13,*,*,*,*,*,*
4.857,-5.23E-12,-2.90E-12,*,*,*,*,*,*
4.858,6.14E-12,-9.66E-13,*,*,*,*,*,*
4.859,2.56E-12,-2.46E-12,*,*,*,*,*,*
4.86,-9.04E-12,3.84E-13,*,*,*,*,*,*
4.861,-1.01E-11,-3.72E-12,*,*,*,*,*,*
4.862,1.09E-11,2.47E-12,*,*,*,*,*,*
4.863,-1.17E-11,1.49E-12,*,*,*,*,*,*
4.864,-3.58E-12,4.55E-13,*,*,*,*,*,*
4.865,2.33E-12,1.42E-13,*,*,*,*,*,*
4.866,6.08E-12,-1.08E-12,*,*,*,*,*,*
4.867,-2.39E-12,3.27E-13,*,*,*,*,*,*
4.868,-1.46E-11,2.42E-13,*,*,*,*,*,*
4.869,-3.81E-12,3.33E-12,*,*,*,*,*,*
4.87,-2.79E-12,5.91E-12,*,*,*,*,*,*
4.871,-7.05E-12,-1.42E-14,*,*,*,*,*,*
4.872,9.95E-12,8.38E-13,*,*,*,*,*,*
4.873,3.69E-12,-8.53E-14,*,*,*,*,*,*
4.874,-3.13E-12,-3.20E-12,*,*,*,*,*,*
4.875,4.89E-12,8.38E-13,*,*,*,*,*,*
4.876,-1.42E-12,3.67E-12,*,*,*,*,*,*
4.877,-1.03E-11,-1.82E-12,*,*,*,*,*,*
4.878,-3.92E-12,6.25E-13,*,*,*,*,*,*
4.879,3.35E-12,-3.41E-13,*,*,*,*,*,*
4.88,-6.99E-12,2.36E-12,*,*,*,*,*,*
4.881,-4.21E-12,2.44E-12,*,*,*,*,*,*
4.882,9.04E-12,1.72E-12,*,*,*,*,*,*
4.883,-7.67E-12,7.25E-13,*,*,*,*,*,*
4.884,-3.69E-12,-1.09E-12,*,*,*,*,*,*
4.885,-6.20E-12,1.36E-12,*,*,*,*,*,*
4.886,-9.49E-12,1.24E-12,*,*,*,*,*,*
4.887,4.43E-12,-1.93E-12,*,*,*,*,*,*
4.888,-3.07E-12,3.75E-12,*,*,*,*,*,*
4.889,-1.19E-12,-3.00E-12,*,*,*,*,*,*
4.89,-1.71E-12,-6.39E-13,*,*,*,*,*,*
4.891,1.48E-12,-1.79E-12,*,*,*,*,*,*
4.892,-7.96E-13,-2.42E-13,*,*,*,*,*,*
4.893,-3.52E-12,3.21E-12,*,*,*,*,*,*
4.894,3.58E-12,7.96E-13,*,*,*,*,*,*
4.895,7.96E-13,3.68E-12,*,*,*,*,*,*
4.896,4.55E-12,-2.32E-12,*,*,*,*,*,*
4.897,2.61E-12,-5.68E-13,*,*,*,*,*,*
4.898,-1.09E-11,3.11E-12,*,*,*,*,*,*
4.899,8.53E-13,3.04E-12,*,*,*,*,*,*
4.9,-8.19E-12,2.56E-12,*,*,*,*,*,*
4.901,3.13E-12,-2.42E-13,*,*,*,*,*,*
4.902,-1.09E-11,-3.13E-13,*,*,*,*,*,*
4.903,-6.31E-12,1.08E-12,*,*,*,*,*,*
4.904,-1.02E-11,9.09E-13,*,*,*,*,*,*
4.905,-8.01E-12,7.39E-13,*,*,*,*,*,*
4.906,1.31E-12,1.42E-12,*,*,*,*,*,*
4.907,5.12E-13,-1.79E-12,*,*,*,*,*,*
4.908,2.84E-13,-2.80E-12,*,*,*,*,*,*
4.909,3.47E-12,-1.07E-12,*,*,*,*,*,*
4.91,2.79E-12,-3.11E-12,*,*,*,*,*,*
4.911,6.54E-12,-3.35E-12,*,*,*,*,*,*
4.912,-1.57E-11,-9.81E-13,*,*,*,*,*,*
4.913,-1.03E-11,-1.56E-13,*,*,*,*,*,*
4.914,-3.01E-12,1.05E-12,*,*,*,*,*,*
4.915,8.13E-12,1.09E-12,*,*,*,*,*,*
4.916,3.58E-12,4.41E-13,*,*,*,*,*,*
4.917,-5.29E-12,-3.69E-13,*,*,*,*,*,*
4.918,1.71E-12,1.22E-12,*,*,*,*,*,*
4.919,0,-2.12E-12,*,*,*,*,*,*
4.92,-6.25E-13,1.28E-13,*,*,*,*,*,*
4.921,-1.31E-12,-2.70E-13,*,*,*,*,*,*
4.922,4.43E-12,2.53E-12,*,*,*,*,*,*
4.923,-5.46E-12,-2.13E-13,*,*,*,*,*,*
4.924,2.50E-12,-2.13E-12,*,*,*,*,*,*
4.925,-1.01E-11,-1.12E-12,*,*,*,*,*,*
4.926,-1.02E-12,3.55E-13,*,*,*,*,*,*
4.927,-8.07E-12,-3.48E-12,*,*,*,*,*,*
4.928,6.65E-12,5.68E-13,*,*,*,*,*,*
4.929,-1.53E-12,1.11E-12,*,*,*,*,*,*
4.93,-5.51E-12,-1.56E-12,*,*,*,*,*,*
4.931,-3.41E-13,8.38E-13,*,*,*,*,*,*
4.932,1.02E-11,4.26E-14,*,*,*,*,*,*
4.933,-6.20E-12,-7.53E-13,*,*,*,*,*,*
4.934,1.52E-11,-5.68E-14,*,*,*,*,*,*
4.935,-4.09E-12,-8.24E-13,*,*,*,*,*,*
4.936,3.47E-12,1.36E-12,*,*,*,*,*,*
4.937,2.73E-12,-2.34E-12,*,*,*,*,*,*
4.938,2.39E-12,1.39E-12,*,*,*,*,*,*
4.939,-9.66E-13,-2.34E-12,*,*,*,*,*,*
4.94,-9.15E-12,7.39E-13,*,*,*,*,*,*
4.941,4.04E-12,1.71E-13,*,*,*,*,*,*
4.942,-3.24E-12,-6.68E-13,*,*,*,*,*,*
4.943,-2.05E-12,1.71E-12,*,*,*,*,*,*
4.944,7.05E-12,3.07E-12,*,*,*,*,*,*
4.945,1.35E-11,3.61E-12,*,*,*,*,*,*
4.946,4.95E-12,-3.98E-13,*,*,*,*,*,*
4.947,-2.33E-12,-2.96E-12,*,*,*,*,*,*
4.948,9.21E-12,3.13E-13,*,*,*,*,*,*
4.949,-8.53E-12,-2.06E-12,*,*,*,*,*,*
4.95,2.44E-12,-1.79E-12,*,*,*,*,*,*
4.951,5.12E-12,-2.73E-12,*,*,*,*,*,*
4.952,-7.11E-12,-1.93E-12,*,*,*,*,*,*
4.953,6.03E-12,3.44E-12,*,*,*,*,*,*
4.954,5.68E-14,2.88E-12,*,*,*,*,*,*
4.955,2.16E-12,3.99E-12,*,*,*,*,*,*
4.956,-7.16E-12,-1.07E-12,*,*,*,*,*,*
4.957,3.64E-12,4.55E-13,*,*,*,*,*,*
4.958,-1.11E-11,-3.27E-13,*,*,*,*,*,*
4.959,-1.88E-12,-2.17E-12,*,*,*,*,*,*
4.96,1.71E-12,-2.61E-12,*,*,*,*,*,*
4.961,-1.71E-13,-1.45E-12,*,*,*,*,*,*
4.962,2.39E-12,3.01E-12,*,*,*,*,*,*
4.963,7.22E-12,-1.76E-12,*,*,*,*,*,*
4.964,-7.39E-12,-3.44E-12,*,*,*,*,*,*
4.965,1.31E-11,-3.13E-13,*,*,*,*,*,*
4.966,-1.08E-12,7.67E-13,*,*,*,*,*,*
4.967,3.01E-12,5.12E-13,*,*,*,*,*,*
4.968,-5.68E-12,1.68E-12,*,*,*,*,*,*
4.969,-7.39E-12,2.84E-13,*,*,*,*,*,*
4.97,6.25E-13,3.15E-12,*,*,*,*,*,*
4.971,-3.75E-12,-1.51E-12,*,*,*,*,*,*
4.972,-5.06E-12,1.68E-12,*,*,*,*,*,*
4.973,-3.07E-12,-1.71E-13,*,*,*,*,*,*
4.974,2.73E-12,6.25E-13,*,*,*,*,*,*
4.975,1.25E-12,-8.53E-14,*,*,*,*,*,*
4.976,-8.19E-12,-3.13E-13,*,*,*,*,*,*
4.977,-2.61E-12,9.09E-13,*,*,*,*,*,*
4.978,2.61E-12,-1.59E-12,*,*,*,*,*,*
4.979,3.52E-12,1.90E-12,*,*,*,*,*,*
4.98,3.92E-12,0,*,*,*,*,*,*
4.981,7.39E-13,7.96E-13,*,*,*,*,*,*
4.982,5.00E-12,5.97E-13,*,*,*,*,*,*
4.983,-3.92E-12,-1.34E-12,*,*,*,*,*,*
4.984,-3.98E-12,-4.83E-13,*,*,*,*,*,*
4.985,8.64E-12,3.24E-12,*,*,*,*,*,*
4.986,1.93E-12,2.84E-13,*,*,*,*,*,*
4.987,4.66E-12,-8.53E-14,*,*,*,*,*,*
4.988,1.36E-12,-7.11E-13,*,*,*,*,*,*
4.989,5.68E-13,-1.48E-12,*,*,*,*,*,*
4.99,1.09E-11,-6.25E-13,*,*,*,*,*,*
4.991,-5.29E-12,2.07E-12,*,*,*,*,*,*
4.992,-5.80E-12,9.95E-13,*,*,*,*,*,*
4.993,3.52E-12,-1.45E-12,*,*,*,*,*,*
4.994,2.84E-13,8.24E-13,*,*,*,*,*,*
4.995,-2.22E-12,2.27E-12,*,*,*,*,*,*
4.996,-1.93E-12,2.84E-13,*,*,*,*,*,*
4.997,7.67E-12,3.33E-12,*,*,*,*,*,*
4.998,2.56E-12,-1.82E-12,*,*,*,*,*,*
4.999,1.59E-12,-1.56E-12,*,*,*,*,*,*
5,5.68E-12,1.93E-12,*,*,*,*,*,*
5.001,1.19E-12,-1.53E-12,*,*,*,*,*,*
5.002,-5.46E-12,-3.10E-12,*,*,*,*,*,*
5.003,3.75E-12,2.67E-12,*,*,*,*,*,*
5.004,-9.61E-12,-8.24E-13,*,*,*,*,*,*
5.005,-6.82E-13,8.53E-14,*,*,*,*,*,*
5.006,6.82E-12,-7.67E-13,*,*,*,*,*,*
5.007,1.14E-13,-7.11E-13,*,*,*,*,*,*
5.008,6.82E-13,-1.02E-12,*,*,*,*,*,*
5.009,-1.53E-12,1.96E-12,*,*,*,*,*,*
5.01,4.09E-12,-9.66E-13,*,*,*,*,*,*
5.011,9.66E-13,2.84E-14,*,*,*,*,*,*
5.012,3.13E-12,8.81E-13,*,*,*,*,*,*
5.013,6.48E-12,-2.05E-12,*,*,*,*,*,*
5.014,4.21E-12,-3.41E-13,*,*,*,*,*,*
5.015,7.84E-12,-9.95E-13,*,*,*,*,*,*
5.016,2.39E-12,-2.56E-13,*,*,*,*,*,*
5.017,-2.10E-12,-4.26E-13,*,*,*,*,*,*
5.018,4.55E-13,-1.99E-13,*,*,*,*,*,*
5.019,6.93E-12,1.71E-12,*,*,*,*,*,*
5.02,5.63E-12,-5.68E-13,*,*,*,*,*,*
5.021,9.66E-13,5.68E-14,*,*,*,*,*,*
5.022,-5.23E-12,5.97E-13,*,*,*,*,*,*
5.023,-1.08E-12,-1.56E-12,*,*,*,*,*,*
5.024,3.58E-12,1.42E-13,*,*,*,*,*,*
5.025,-2.84E-13,-1.99E-13,*,*,*,*,*,*
5.026,3.35E-12,1.31E-12,*,*,*,*,*,*
5.027,1.93E-12,1.39E-12,*,*,*,*,*,*
5.028,-9.15E-12,-4.43E-12,*,*,*,*,*,*
5.029,3.69E-12,1.99E-13,*,*,*,*,*,*
5.03,-4.15E-12,-1.56E-12,*,*,*,*,*,*
5.031,-4.55E-13,1.99E-13,*,*,*,*,*,*
5.032,4.49E-12,-2.84E-13,*,*,*,*,*,*
5.033,-2.79E-12,-1.22E-12,*,*,*,*,*,*
5.034,-1.59E-12,-1.25E-12,*,*,*,*,*,*
5.035,1.93E-12,1.99E-12,*,*,*,*,*,*
5.036,1.99E-12,-8.53E-14,*,*,*,*,*,*
5.037,8.58E-12,-1.05E-12,*,*,*,*,*,*
5.038,-6.76E-12,8.53E-13,*,*,*,*,*,*
5.039,-3.98E-13,-1.85E-12,*,*,*,*,*,*
5.04,-5.00E-12,-2.05E-12,*,*,*,*,*,*
5.041,5.80E-12,-1.02E-12,*,*,*,*,*,*
5.042,1.07E-11,-2.67E-12,*,*,*,*,*,*
5.043,2.33E-12,0,*,*,*,*,*,*
5.044,-6.20E-12,2.84E-14,*,*,*,*,*,*
5.045,7.28E-12,1.62E-12,*,*,*,*,*,*
5.046,-4.72E-12,-1.85E-12,*,*,*,*,*,*
5.047,1.93E-12,-1.14E-13,*,*,*,*,*,*
5.048,1.71E-13,7.67E-13,*,*,*,*,*,*
5.049,5.85E-12,-2.39E-12,*,*,*,*,*,*
5.05,3.07E-12,-4.83E-13,*,*,*,*,*,*
5.051,-5.91E-12,1.42E-13,*,*,*,*,*,*
5.052,-4.15E-12,-5.68E-13,*,*,*,*,*,*
5.053,-1.14E-13,1.99E-13,*,*,*,*,*,*
5.054,-1.09E-11,7.11E-13,*,*,*,*,*,*
5.055,-1.93E-12,-1.99E-13,*,*,*,*,*,*
5.056,4.66E-12,-1.25E-12,*,*,*,*,*,*
5.057,-2.73E-12,2.22E-12,*,*,*,*,*,*
5.058,3.13E-12,5.68E-14,*,*,*,*,*,*
5.059,-1.42E-12,1.68E-12,*,*,*,*,*,*
5.06,-2.79E-12,-1.25E-12,*,*,*,*,*,*
5.061,-5.91E-12,-2.05E-12,*,*,*,*,*,*
5.062,-1.76E-12,2.67E-12,*,*,*,*,*,*
5.063,4.38E-12,2.42E-12,*,*,*,*,*,*
5.064,-8.24E-12,-2.27E-12,*,*,*,*,*,*
5.065,-5.34E-12,-2.27E-13,*,*,*,*,*,*
5.066,3.07E-12,-8.53E-14,*,*,*,*,*,*
5.067,3.98E-13,-2.76E-12,*,*,*,*,*,*
5.068,-8.19E-12,5.40E-13,*,*,*,*,*,*
5.069,-5.51E-12,-6.25E-13,*,*,*,*,*,*
5.07,-1.71E-12,-6.82E-13,*,*,*,*,*,*
5.071,-4.83E-12,-4.26E-13,*,*,*,*,*,*
5.072,7.39E-13,1.31E-12,*,*,*,*,*,*
5.073,-1.08E-12,-1.93E-12,*,*,*,*,*,*
5.074,2.73E-12,-2.02E-12,*,*,*,*,*,*
5.075,-4.04E-12,-2.27E-13,*,*,*,*,*,*
5.076,-1.08E-11,-2.27E-12,*,*,*,*,*,*
5.077,2.56E-12,4.55E-13,*,*,*,*,*,*
5.078,-4.15E-12,-1.45E-12,*,*,*,*,*,*
5.079,-3.75E-12,-9.38E-13,*,*,*,*,*,*
5.08,-6.37E-12,-2.27E-12,*,*,*,*,*,*
5.081,3.13E-12,-7.67E-13,*,*,*,*,*,*
5.082,2.33E-12,-2.19E-12,*,*,*,*,*,*
5.083,-2.22E-12,-1.28E-12,*,*,*,*,*,*
5.084,-4.66E-12,-3.41E-13,*,*,*,*,*,*
5.085,-1.59E-12,9.38E-13,*,*,*,*,*,*
5.086,-5.68E-13,2.42E-12,*,*,*,*,*,*
5.087,3.35E-12,-3.98E-13,*,*,*,*,*,*
5.088,1.59E-12,-1.02E-12,*,*,*,*,*,*
5.089,7.39E-13,-1.14E-13,*,*,*,*,*,*
5.09,9.15E-12,2.25E-12,*,*,*,*,*,*
5.091,-1.36E-12,-8.53E-14,*,*,*,*,*,*
5.092,-1.65E-12,-8.53E-13,*,*,*,*,*,*
5.093,4.15E-12,-3.41E-13,*,*,*,*,*,*
5.094,-1.76E-12,-7.67E-13,*,*,*,*,*,*
5.095,5.57E-12,1.65E-12,*,*,*,*,*,*
5.096,2.16E-12,5.40E-13,*,*,*,*,*,*
5.097,7.33E-12,-1.02E-12,*,*,*,*,*,*
5.098,-8.75E-12,0,*,*,*,*,*,*
5.099,-4.55E-13,-1.48E-12,*,*,*,*,*,*
5.1,3.24E-12,-1.34E-12,*,*,*,*,*,*
5.101,-5.91E-12,-2.25E-12,*,*,*,*,*,*
5.102,-1.76E-12,-2.19E-12,*,*,*,*,*,*
5.103,3.98E-12,1.22E-12,*,*,*,*,*,*
5.104,3.92E-12,1.34E-12,*,*,*,*,*,*
5.105,5.12E-13,-7.39E-13,*,*,*,*,*,*
5.106,2.61E-12,-1.71E-13,*,*,*,*,*,*
5.107,-1.71E-12,1.17E-12,*,*,*,*,*,*
5.108,1.71E-13,-1.28E-12,*,*,*,*,*,*
5.109,-4.21E-12,-5.40E-13,*,*,*,*,*,*
5.11,3.13E-12,5.40E-13,*,*,*,*,*,*
5.111,-2.96E-12,2.84E-14,*,*,*,*,*,*
5.112,-3.18E-12,-8.53E-13,*,*,*,*,*,*
5.113,-5.29E-12,-1.34E-12,*,*,*,*,*,*
5.114,1.42E-12,-2.10E-12,*,*,*,*,*,*
5.115,0,-2.13E-12,*,*,*,*,*,*
5.116,-1.65E-12,-1.08E-12,*,*,*,*,*,*
5.117,2.73E-12,-7.67E-13,*,*,*,*,*,*
5.118,1.14E-13,1.93E-12,*,*,*,*,*,*
5.119,-4.04E-12,2.42E-12,*,*,*,*,*,*
5.12,5.68E-14,-1.51E-12,*,*,*,*,*,*
5.121,6.31E-12,2.81E-12,*,*,*,*,*,*
5.122,-5.06E-12,-4.63E-12,*,*,*,*,*,*
5.123,-5.46E-12,-1.34E-12,*,*,*,*,*,*
5.124,-5.57E-12,-2.05E-12,*,*,*,*,*,*
5.125,-2.10E-12,7.67E-13,*,*,*,*,*,*
5.126,-3.13E-12,-7.67E-13,*,*,*,*,*,*
5.127,-2.96E-12,1.11E-12,*,*,*,*,*,*
5.128,4.60E-12,1.68E-12,*,*,*,*,*,*
5.129,4.77E-12,-3.13E-13,*,*,*,*,*,*
5.13,-5.68E-13,-1.68E-12,*,*,*,*,*,*
5.131,6.82E-13,-7.11E-13,*,*,*,*,*,*
5.132,4.32E-12,-2.76E-12,*,*,*,*,*,*
5.133,5.57E-12,2.84E-14,*,*,*,*,*,*
5.134,-6.54E-12,-2.05E-12,*,*,*,*,*,*
5.135,-8.64E-12,8.24E-13,*,*,*,*,*,*
5.136,6.25E-12,-6.82E-13,*,*,*,*,*,*
5.137,2.84E-13,5.97E-13,*,*,*,*,*,*
5.138,9.66E-13,-1.99E-12,*,*,*,*,*,*
5.139,4.66E-12,-7.96E-13,*,*,*,*,*,*
5.14,-1.53E-12,1.76E-12,*,*,*,*,*,*
5.141,7.96E-13,-1.36E-12,*,*,*,*,*,*
5.142,-5.91E-12,2.10E-12,*,*,*,*,*,*
5.143,-5.85E-12,-1.34E-12,*,*,*,*,*,*
5.144,-6.48E-12,-1.05E-12,*,*,*,*,*,*
5.145,-2.22E-12,-1.41E-12,*,*,*,*,*,*
5.146,-4.83E-12,3.60E-12,*,*,*,*,*,*
5.147,-1.48E-12,-6.11E-13,*,*,*,*,*,*
5.148,-3.41E-12,6.96E-13,*,*,*,*,*,*
5.149,-4.43E-12,2.27E-13,*,*,*,*,*,*
5.15,3.35E-12,9.24E-13,*,*,*,*,*,*
5.151,-1.31E-12,6.11E-13,*,*,*,*,*,*
5.152,1.14E-13,7.67E-13,*,*,*,*,*,*
5.153,-8.53E-13,-3.41E-13,*,*,*,*,*,*
5.154,1.71E-12,2.17E-12,*,*,*,*,*,*
5.155,-7.22E-12,-3.48E-12,*,*,*,*,*,*
5.156,-3.13E-12,3.35E-12,*,*,*,*,*,*
5.157,5.63E-12,-6.25E-13,*,*,*,*,*,*
5.158,-9.66E-13,2.23E-12,*,*,*,*,*,*
5.159,4.04E-12,1.12E-12,*,*,*,*,*,*
5.16,3.24E-12,2.66E-12,*,*,*,*,*,*
5.161,9.66E-12,1.39E-12,*,*,*,*,*,*
5.162,1.14E-13,2.13E-12,*,*,*,*,*,*
5.163,7.33E-12,-4.41E-13,*,*,*,*,*,*
5.164,3.13E-12,3.98E-13,*,*,*,*,*,*
5.165,-1.93E-12,3.50E-12,*,*,*,*,*,*
5.166,-9.09E-12,4.83E-13,*,*,*,*,*,*
5.167,0,-9.95E-14,*,*,*,*,*,*
5.168,-2.90E-12,-5.26E-13,*,*,*,*,*,*
5.169,-4.66E-12,2.44E-12,*,*,*,*,*,*
5.17,-1.82E-12,-3.27E-12,*,*,*,*,*,*
5.171,1.36E-12,1.09E-12,*,*,*,*,*,*
5.172,-4.04E-12,-1.26E-12,*,*,*,*,*,*
5.173,-7.56E-12,7.25E-13,*,*,*,*,*,*
5.174,8.70E-12,2.84E-12,*,*,*,*,*,*
5.175,2.05E-12,-2.12E-12,*,*,*,*,*,*
5.176,2.67E-12,3.13E-13,*,*,*,*,*,*
5.177,1.53E-12,2.02E-12,*,*,*,*,*,*
5.178,4.09E-12,1.09E-12,*,*,*,*,*,*
5.179,-4.55E-13,-8.53E-13,*,*,*,*,*,*
5.18,2.90E-12,6.68E-13,*,*,*,*,*,*
5.181,6.82E-13,-7.67E-13,*,*,*,*,*,*
5.182,-2.05E-12,-1.96E-12,*,*,*,*,*,*
5.183,-4.55E-13,-6.54E-13,*,*,*,*,*,*
5.184,-9.09E-13,-3.06E-12,*,*,*,*,*,*
5.185,2.27E-12,-2.00E-12,*,*,*,*,*,*
5.186,2.05E-12,-6.54E-13,*,*,*,*,*,*
5.187,-5.12E-12,-7.96E-13,*,*,*,*,*,*
5.188,-4.49E-12,-6.68E-13,*,*,*,*,*,*
5.189,8.24E-12,-2.36E-12,*,*,*,*,*,*
5.19,-7.39E-13,2.71E-12,*,*,*,*,*,*
5.191,-5.68E-13,1.34E-12,*,*,*,*,*,*
5.192,-4.26E-12,-1.28E-13,*,*,*,*,*,*
5.193,-4.26E-12,2.00E-12,*,*,*,*,*,*
5.194,-2.16E-12,-2.22E-12,*,*,*,*,*,*
5.195,-2.96E-12,4.69E-13,*,*,*,*,*,*
5.196,-1.20E-11,-4.83E-13,*,*,*,*,*,*
5.197,7.16E-12,1.85E-13,*,*,*,*,*,*
5.198,5.68E-13,1.98E-12,*,*,*,*,*,*
5.199,2.79E-12,1.99E-13,*,*,*,*,*,*
5.2,3.87E-12,-1.32E-12,*,*,*,*,*,*
5.201,-3.47E-12,1.98E-12,*,*,*,*,*,*
5.202,1.26E-11,9.24E-13,*,*,*,*,*,*
5.203,4.43E-12,2.15E-12,*,*,*,*,*,*
5.204,6.82E-13,1.28E-13,*,*,*,*,*,*
5.205,9.66E-13,1.35E-12,*,*,*,*,*,*
5.206,6.31E-12,6.82E-13,*,*,*,*,*,*
5.207,-1.09E-11,-4.69E-13,*,*,*,*,*,*
5.208,-7.96E-13,-1.42E-14,*,*,*,*,*,*
5.209,5.17E-12,7.82E-13,*,*,*,*,*,*
5.21,-3.41E-13,-4.41E-13,*,*,*,*,*,*
5.211,8.87E-12,1.14E-13,*,*,*,*,*,*
5.212,-1.48E-12,6.82E-13,*,*,*,*,*,*
5.213,-1.19E-12,-1.31E-12,*,*,*,*,*,*
5.214,4.43E-12,1.89E-12,*,*,*,*,*,*
5.215,-3.64E-12,4.01E-12,*,*,*,*,*,*
5.216,-1.53E-12,-8.38E-13,*,*,*,*,*,*
5.217,0,3.13E-13,*,*,*,*,*,*
5.218,1.36E-12,1.44E-12,*,*,*,*,*,*
5.219,1.93E-12,-2.13E-12,*,*,*,*,*,*
5.22,-1.76E-12,1.56E-13,*,*,*,*,*,*
5.221,4.49E-12,-2.77E-12,*,*,*,*,*,*
5.222,-6.93E-12,2.17E-12,*,*,*,*,*,*
5.223,1.76E-12,-8.53E-13,*,*,*,*,*,*
5.224,2.96E-12,-1.73E-12,*,*,*,*,*,*
5.225,-9.66E-13,9.24E-13,*,*,*,*,*,*
5.226,3.58E-12,1.02E-12,*,*,*,*,*,*
5.227,-2.27E-13,1.71E-13,*,*,*,*,*,*
5.228,7.90E-12,-3.84E-13,*,*,*,*,*,*
5.229,2.27E-13,-2.12E-12,*,*,*,*,*,*
5.23,6.82E-13,-1.58E-12,*,*,*,*,*,*
5.231,5.40E-12,9.95E-14,*,*,*,*,*,*
5.232,-9.32E-12,-2.34E-12,*,*,*,*,*,*
5.233,-9.49E-12,-2.98E-13,*,*,*,*,*,*
5.234,3.30E-12,4.26E-14,*,*,*,*,*,*
5.235,5.85E-12,1.79E-12,*,*,*,*,*,*
5.236,-3.30E-12,-1.18E-12,*,*,*,*,*,*
5.237,-8.70E-12,3.41E-13,*,*,*,*,*,*
5.238,2.67E-12,6.25E-13,*,*,*,*,*,*
5.239,-3.58E-12,-9.09E-13,*,*,*,*,*,*
5.24,9.38E-12,9.66E-13,*,*,*,*,*,*
5.241,-3.01E-12,-3.69E-13,*,*,*,*,*,*
5.242,5.34E-12,3.58E-12,*,*,*,*,*,*
5.243,-2.79E-12,4.06E-12,*,*,*,*,*,*
5.244,2.16E-12,-1.56E-13,*,*,*,*,*,*
5.245,-7.79E-12,1.01E-12,*,*,*,*,*,*
5.246,3.18E-12,1.78E-12,*,*,*,*,*,*
5.247,7.50E-12,1.89E-12,*,*,*,*,*,*
5.248,3.64E-12,6.68E-13,*,*,*,*,*,*
5.249,1.25E-12,1.34E-12,*,*,*,*,*,*
5.25,5.29E-12,-6.54E-13,*,*,*,*,*,*
5.251,-2.96E-12,3.27E-13,*,*,*,*,*,*
5.252,6.54E-12,1.25E-12,*,*,*,*,*,*
5.253,-6.08E-12,2.27E-13,*,*,*,*,*,*
5.254,4.72E-12,3.68E-12,*,*,*,*,*,*
5.255,3.47E-12,-3.84E-13,*,*,*,*,*,*
5.256,-5.12E-13,4.26E-13,*,*,*,*,*,*
5.257,-1.59E-12,1.89E-12,*,*,*,*,*,*
5.258,-1.02E-11,4.12E-13,*,*,*,*,*,*
5.259,-7.39E-13,1.73E-12,*,*,*,*,*,*
5.26,5.00E-12,2.84E-14,*,*,*,*,*,*
5.261,-1.49E-11,-2.46E-12,*,*,*,*,*,*
5.262,-8.70E-12,-1.26E-12,*,*,*,*,*,*
5.263,-2.33E-12,-1.42E-13,*,*,*,*,*,*
5.264,-4.95E-12,-9.95E-14,*,*,*,*,*,*
5.265,7.45E-12,4.12E-13,*,*,*,*,*,*
5.266,-5.06E-12,-3.48E-12,*,*,*,*,*,*
5.267,-4.49E-12,-3.07E-12,*,*,*,*,*,*
5.268,-1.88E-12,-1.55E-12,*,*,*,*,*,*
5.269,7.39E-12,-1.02E-12,*,*,*,*,*,*
5.27,-6.48E-12,-2.27E-12,*,*,*,*,*,*
5.271,2.33E-12,3.52E-12,*,*,*,*,*,*
5.272,7.96E-13,-1.42E-13,*,*,*,*,*,*
5.273,7.45E-12,1.56E-13,*,*,*,*,*,*
5.274,1.65E-12,1.28E-13,*,*,*,*,*,*
5.275,-5.29E-12,-3.41E-13,*,*,*,*,*,*
5.276,1.42E-12,-1.78E-12,*,*,*,*,*,*
5.277,9.15E-12,1.38E-12,*,*,*,*,*,*
5.278,1.14E-12,1.48E-12,*,*,*,*,*,*
5.279,9.38E-12,-1.38E-12,*,*,*,*,*,*
5.28,5.68E-14,-8.24E-13,*,*,*,*,*,*
5.281,3.35E-12,-1.34E-12,*,*,*,*,*,*
5.282,-8.36E-12,2.93E-12,*,*,*,*,*,*
5.283,7.39E-13,-8.24E-13,*,*,*,*,*,*
5.284,-2.79E-12,2.70E-12,*,*,*,*,*,*
5.285,-5.57E-12,-1.66E-12,*,*,*,*,*,*
5.286,7.39E-13,4.26E-14,*,*,*,*,*,*
5.287,9.66E-13,2.13E-12,*,*,*,*,*,*
5.288,-5.51E-12,-1.22E-12,*,*,*,*,*,*
5.289,9.55E-12,3.27E-13,*,*,*,*,*,*
5.29,-4.04E-12,7.11E-14,*,*,*,*,*,*
5.291,-1.71E-12,-2.34E-12,*,*,*,*,*,*
5.292,-3.41E-12,-1.09E-12,*,*,*,*,*,*
5.293,-8.75E-12,3.41E-13,*,*,*,*,*,*
5.294,-4.95E-12,1.21E-12,*,*,*,*,*,*
5.295,-3.98E-12,1.99E-13,*,*,*,*,*,*
5.296,-1.53E-12,-6.96E-13,*,*,*,*,*,*
5.297,7.45E-12,-1.75E-12,*,*,*,*,*,*
5.298,-1.76E-12,-1.12E-12,*,*,*,*,*,*
5.299,-2.84E-12,1.45E-12,*,*,*,*,*,*
5.3,-1.19E-12,-6.82E-13,*,*,*,*,*,*
5.301,-2.22E-12,1.18E-12,*,*,*,*,*,*
5.302,-7.28E-12,-1.59E-12,*,*,*,*,*,*
5.303,-2.05E-12,2.19E-12,*,*,*,*,*,*
5.304,-5.12E-12,7.96E-13,*,*,*,*,*,*
5.305,-4.21E-12,9.95E-13,*,*,*,*,*,*
5.306,5.34E-12,2.42E-13,*,*,*,*,*,*
5.307,1.39E-11,4.69E-13,*,*,*,*,*,*
5.308,1.42E-12,3.40E-12,*,*,*,*,*,*
5.309,-9.44E-12,1.61E-12,*,*,*,*,*,*
5.31,6.76E-12,1.85E-13,*,*,*,*,*,*
5.311,5.12E-13,-1.42E-12,*,*,*,*,*,*
5.312,-2.67E-12,-1.59E-12,*,*,*,*,*,*
5.313,-2.44E-12,8.10E-13,*,*,*,*,*,*
5.314,8.53E-13,9.24E-13,*,*,*,*,*,*
5.315,1.08E-12,-2.60E-12,*,*,*,*,*,*
5.316,-1.07E-11,3.33E-12,*,*,*,*,*,*
5.317,-3.87E-12,-7.39E-13,*,*,*,*,*,*
5.318,-8.92E-12,9.81E-13,*,*,*,*,*,*
5.319,1.36E-12,-1.86E-12,*,*,*,*,*,*
5.32,1.65E-12,-7.67E-13,*,*,*,*,*,*
5.321,1.36E-12,3.69E-13,*,*,*,*,*,*
5.322,5.68E-12,1.89E-12,*,*,*,*,*,*
5.323,8.92E-12,1.56E-13,*,*,*,*,*,*
5.324,7.73E-12,-5.12E-13,*,*,*,*,*,*
5.325,4.09E-12,2.17E-12,*,*,*,*,*,*
5.326,1.25E-12,-1.88E-12,*,*,*,*,*,*
5.327,-3.87E-12,-1.28E-13,*,*,*,*,*,*
5.328,-5.23E-12,2.67E-12,*,*,*,*,*,*
5.329,-2.27E-12,1.56E-13,*,*,*,*,*,*
5.33,1.71E-13,4.55E-13,*,*,*,*,*,*
5.331,-2.22E-12,-1.71E-13,*,*,*,*,*,*
5.332,4.26E-12,3.20E-12,*,*,*,*,*,*
5.333,-7.67E-12,-1.49E-12,*,*,*,*,*,*
5.334,-4.15E-12,7.11E-14,*,*,*,*,*,*
5.335,-1.99E-12,9.09E-13,*,*,*,*,*,*
5.336,-3.30E-12,3.20E-12,*,*,*,*,*,*
5.337,-2.84E-12,-2.12E-12,*,*,*,*,*,*
5.338,1.65E-12,-2.32E-12,*,*,*,*,*,*
5.339,1.88E-12,-3.23E-12,*,*,*,*,*,*
5.34,1.71E-12,6.11E-13,*,*,*,*,*,*
5.341,-4.77E-12,-1.55E-12,*,*,*,*,*,*
5.342,-6.31E-12,-5.54E-13,*,*,*,*,*,*
5.343,-3.47E-12,2.70E-13,*,*,*,*,*,*
5.344,1.14E-13,-1.65E-12,*,*,*,*,*,*
5.345,1.31E-12,-4.26E-13,*,*,*,*,*,*
5.346,-1.08E-11,-9.09E-13,*,*,*,*,*,*
5.347,7.39E-13,7.11E-13,*,*,*,*,*,*
5.348,8.47E-12,-3.10E-12,*,*,*,*,*,*
5.349,1.31E-12,-1.36E-12,*,*,*,*,*,*
5.35,1.76E-12,-2.98E-12,*,*,*,*,*,*
5.351,-1.31E-12,9.52E-13,*,*,*,*,*,*
5.352,2.67E-12,-3.84E-13,*,*,*,*,*,*
5.353,1.53E-12,3.64E-12,*,*,*,*,*,*
5.354,6.25E-13,0,*,*,*,*,*,*
5.355,2.90E-12,-8.24E-13,*,*,*,*,*,*
5.356,6.31E-12,-1.59E-12,*,*,*,*,*,*
5.357,-3.41E-12,-1.62E-12,*,*,*,*,*,*
5.358,2.27E-13,-4.12E-13,*,*,*,*,*,*
5.359,3.47E-12,-2.70E-13,*,*,*,*,*,*
5.36,-3.98E-13,-1.62E-12,*,*,*,*,*,*
5.361,-3.81E-12,1.14E-12,*,*,*,*,*,*
5.362,6.31E-12,4.83E-13,*,*,*,*,*,*
5.363,1.65E-12,-1.53E-12,*,*,*,*,*,*
5.364,-1.93E-12,-5.60E-12,*,*,*,*,*,*
5.365,1.42E-12,-1.86E-12,*,*,*,*,*,*
5.366,2.67E-12,1.32E-12,*,*,*,*,*,*
5.367,-1.25E-12,-3.23E-12,*,*,*,*,*,*
5.368,3.24E-12,-2.80E-12,*,*,*,*,*,*
5.369,1.59E-12,1.69E-12,*,*,*,*,*,*
5.37,-5.12E-13,-2.26E-12,*,*,*,*,*,*
5.371,4.15E-12,1.61E-12,*,*,*,*,*,*
5.372,1.59E-12,1.79E-12,*,*,*,*,*,*
5.373,-3.98E-13,5.97E-13,*,*,*,*,*,*
5.374,-1.10E-11,9.24E-13,*,*,*,*,*,*
5.375,2.33E-12,8.24E-13,*,*,*,*,*,*
5.376,1.31E-12,-2.56E-12,*,*,*,*,*,*
5.377,-9.61E-12,1.71E-12,*,*,*,*,*,*
5.378,7.90E-12,-1.79E-12,*,*,*,*,*,*
5.379,2.90E-12,1.99E-13,*,*,*,*,*,*
5.38,4.38E-12,-5.97E-13,*,*,*,*,*,*
5.381,-2.16E-12,1.31E-12,*,*,*,*,*,*
5.382,4.89E-12,3.87E-12,*,*,*,*,*,*
5.383,-1.88E-12,-7.96E-13,*,*,*,*,*,*
5.384,1.02E-12,5.12E-13,*,*,*,*,*,*
5.385,6.48E-12,2.59E-12,*,*,*,*,*,*
5.386,-4.89E-12,-1.53E-12,*,*,*,*,*,*
5.387,-7.50E-12,2.07E-12,*,*,*,*,*,*
5.388,-3.52E-12,3.18E-12,*,*,*,*,*,*
5.389,1.71E-12,5.40E-13,*,*,*,*,*,*
5.39,-2.84E-12,1.39E-12,*,*,*,*,*,*
5.391,-8.53E-13,-9.09E-13,*,*,*,*,*,*
5.392,-3.87E-12,3.47E-12,*,*,*,*,*,*
5.393,-1.19E-12,3.41E-13,*,*,*,*,*,*
5.394,2.27E-12,8.53E-14,*,*,*,*,*,*
5.395,5.34E-12,5.12E-13,*,*,*,*,*,*
5.396,-7.28E-12,-1.62E-12,*,*,*,*,*,*
5.397,5.91E-12,-1.45E-12,*,*,*,*,*,*
5.398,-3.98E-12,8.53E-14,*,*,*,*,*,*
5.399,-6.82E-13,-1.53E-12,*,*,*,*,*,*
5.4,-3.81E-12,9.66E-13,*,*,*,*,*,*
5.401,-6.48E-12,-1.76E-12,*,*,*,*,*,*
5.402,2.79E-12,-4.83E-13,*,*,*,*,*,*
5.403,2.73E-12,5.40E-13,*,*,*,*,*,*
5.404,2.10E-12,-4.18E-12,*,*,*,*,*,*
5.405,3.64E-12,-3.98E-13,*,*,*,*,*,*
5.406,-3.07E-12,1.93E-12,*,*,*,*,*,*
5.407,-3.98E-12,9.66E-13,*,*,*,*,*,*
5.408,8.53E-13,2.25E-12,*,*,*,*,*,*
5.409,4.49E-12,-1.14E-12,*,*,*,*,*,*
5.41,-3.58E-12,-1.68E-12,*,*,*,*,*,*
5.411,-6.25E-13,2.56E-13,*,*,*,*,*,*
5.412,-6.14E-12,-2.07E-12,*,*,*,*,*,*
5.413,5.68E-14,-5.68E-13,*,*,*,*,*,*
5.414,-4.26E-12,-1.93E-12,*,*,*,*,*,*
5.415,8.92E-12,1.28E-12,*,*,*,*,*,*
5.416,8.53E-13,-7.11E-13,*,*,*,*,*,*
5.417,6.03E-12,-1.08E-12,*,*,*,*,*,*
5.418,-4.32E-12,-1.85E-12,*,*,*,*,*,*
5.419,6.25E-13,1.34E-12,*,*,*,*,*,*
5.42,-3.24E-12,2.61E-12,*,*,*,*,*,*
5.421,2.90E-12,-2.30E-12,*,*,*,*,*,*
5.422,8.01E-12,2.36E-12,*,*,*,*,*,*
5.423,-2.27E-12,-8.24E-13,*,*,*,*,*,*
5.424,4.66E-12,1.56E-12,*,*,*,*,*,*
5.425,-6.65E-12,8.24E-13,*,*,*,*,*,*
5.426,7.90E-12,6.82E-13,*,*,*,*,*,*
5.427,9.09E-13,3.69E-13,*,*,*,*,*,*
5.428,2.50E-12,4.66E-12,*,*,*,*,*,*
5.429,2.27E-13,-2.33E-12,*,*,*,*,*,*
5.43,3.58E-12,-8.81E-13,*,*,*,*,*,*
5.431,-3.75E-12,-8.53E-13,*,*,*,*,*,*
5.432,-9.15E-12,-1.34E-12,*,*,*,*,*,*
5.433,-5.46E-12,5.68E-13,*,*,*,*,*,*
5.434,-6.31E-12,-1.79E-12,*,*,*,*,*,*
5.435,4.60E-12,4.26E-13,*,*,*,*,*,*
5.436,-7.39E-13,7.11E-13,*,*,*,*,*,*
5.437,-1.76E-12,-1.39E-12,*,*,*,*,*,*
5.438,8.01E-12,-2.25E-12,*,*,*,*,*,*
5.439,-2.05E-12,1.36E-12,*,*,*,*,*,*
5.44,1.22E-11,1.68E-12,*,*,*,*,*,*
5.441,7.96E-12,1.71E-12,*,*,*,*,*,*
5.442,-2.50E-12,0,*,*,*,*,*,*
5.443,-5.12E-12,-4.26E-13,*,*,*,*,*,*
5.444,-6.59E-12,-1.02E-12,*,*,*,*,*,*
5.445,1.24E-11,1.93E-12,*,*,*,*,*,*
5.446,6.65E-12,-7.11E-13,*,*,*,*,*,*
5.447,-1.31E-12,-2.25E-12,*,*,*,*,*,*
5.448,-1.30E-11,2.27E-12,*,*,*,*,*,*
5.449,2.39E-12,9.95E-13,*,*,*,*,*,*
5.45,-2.56E-12,-3.69E-13,*,*,*,*,*,*
5.451,4.55E-12,9.66E-13,*,*,*,*,*,*
5.452,2.16E-12,9.09E-13,*,*,*,*,*,*
5.453,-3.35E-12,6.25E-13,*,*,*,*,*,*
5.454,-4.49E-12,1.14E-12,*,*,*,*,*,*
5.455,4.77E-12,-8.53E-13,*,*,*,*,*,*
5.456,1.12E-11,2.33E-12,*,*,*,*,*,*
5.457,-3.98E-12,5.12E-13,*,*,*,*,*,*
5.458,1.03E-11,-1.56E-12,*,*,*,*,*,*
5.459,-7.28E-12,-4.55E-13,*,*,*,*,*,*
5.46,1.56E-11,2.25E-12,*,*,*,*,*,*
5.461,-3.13E-12,2.96E-12,*,*,*,*,*,*
5.462,-3.30E-12,1.45E-12,*,*,*,*,*,*
5.463,-3.35E-12,-2.39E-12,*,*,*,*,*,*
5.464,-9.66E-12,-1.02E-12,*,*,*,*,*,*
5.465,8.47E-12,5.40E-13,*,*,*,*,*,*
5.466,2.33E-12,1.45E-12,*,*,*,*,*,*
5.467,-2.67E-12,2.96E-12,*,*,*,*,*,*
5.468,2.56E-12,-1.39E-12,*,*,*,*,*,*
5.469,-8.24E-12,-1.79E-12,*,*,*,*,*,*
5.47,-1.03E-11,1.31E-12,*,*,*,*,*,*
5.471,5.12E-13,-5.68E-13,*,*,*,*,*,*
5.472,-4.26E-12,-5.40E-13,*,*,*,*,*,*
5.473,-4.32E-12,1.39E-12,*,*,*,*,*,*
5.474,1.65E-12,-8.53E-13,*,*,*,*,*,*
5.475,-1.57E-11,-1.79E-12,*,*,*,*,*,*
5.476,-6.42E-12,8.53E-13,*,*,*,*,*,*
5.477,9.55E-12,8.53E-13,*,*,*,*,*,*
5.478,-4.26E-12,-1.90E-12,*,*,*,*,*,*
5.479,3.01E-12,-3.18E-12,*,*,*,*,*,*
5.48,-6.08E-12,5.12E-13,*,*,*,*,*,*
5.481,-4.26E-12,2.84E-12,*,*,*,*,*,*
5.482,-9.89E-12,-1.79E-12,*,*,*,*,*,*
5.483,6.08E-12,-2.64E-12,*,*,*,*,*,*
5.484,2.10E-12,-2.30E-12,*,*,*,*,*,*
5.485,2.39E-12,1.71E-12,*,*,*,*,*,*
5.486,4.38E-12,3.72E-12,*,*,*,*,*,*
5.487,7.45E-12,-1.62E-12,*,*,*,*,*,*
5.488,-9.78E-12,-3.98E-13,*,*,*,*,*,*
5.489,-5.85E-12,5.20E-12,*,*,*,*,*,*
5.49,6.88E-12,-5.12E-13,*,*,*,*,*,*
5.491,-6.82E-13,-1.42E-13,*,*,*,*,*,*
5.492,-2.79E-12,-7.11E-13,*,*,*,*,*,*
5.493,1.18E-11,-2.98E-12,*,*,*,*,*,*
5.494,5.91E-12,-6.25E-13,*,*,*,*,*,*
5.495,-5.29E-12,-2.27E-12,*,*,*,*,*,*
5.496,1.14E-13,9.66E-13,*,*,*,*,*,*
5.497,2.84E-12,-2.27E-12,*,*,*,*,*,*
5.498,1.25E-12,2.53E-12,*,*,*,*,*,*
5.499,4.38E-12,2.10E-12,*,*,*,*,*,*
5.5,-3.75E-12,-2.67E-12,*,*,*,*,*,*
5.501,1.00E-11,6.25E-13,*,*,*,*,*,*
5.502,1.34E-11,-3.13E-12,*,*,*,*,*,*
5.503,-4.83E-12,-3.69E-13,*,*,*,*,*,*
5.504,-1.48E-12,1.48E-12,*,*,*,*,*,*
5.505,-5.68E-13,7.11E-13,*,*,*,*,*,*
5.506,4.26E-12,-8.24E-13,*,*,*,*,*,*
5.507,4.04E-12,1.56E-12,*,*,*,*,*,*
5.508,-3.30E-12,-8.53E-14,*,*,*,*,*,*
5.509,-3.47E-12,-1.65E-12,*,*,*,*,*,*
5.51,1.24E-11,-1.05E-12,*,*,*,*,*,*
5.511,8.92E-12,3.44E-12,*,*,*,*,*,*
5.512,4.83E-12,-1.93E-12,*,*,*,*,*,*
5.513,2.44E-12,3.87E-12,*,*,*,*,*,*
5.514,-6.54E-12,-2.84E-14,*,*,*,*,*,*
5.515,-8.19E-12,-1.62E-12,*,*,*,*,*,*
5.516,-8.01E-12,-1.39E-12,*,*,*,*,*,*
5.517,-6.93E-12,1.02E-12,*,*,*,*,*,*
5.518,8.01E-12,-4.29E-12,*,*,*,*,*,*
5.519,-9.66E-13,1.90E-12,*,*,*,*,*,*
5.52,4.60E-12,3.69E-13,*,*,*,*,*,*
5.521,1.32E-11,-1.14E-13,*,*,*,*,*,*
5.522,-1.42E-12,1.17E-12,*,*,*,*,*,*
5.523,-3.98E-12,-5.68E-14,*,*,*,*,*,*
5.524,3.41E-13,4.38E-12,*,*,*,*,*,*
5.525,5.29E-12,-1.11E-12,*,*,*,*,*,*
5.526,2.10E-12,2.84E-14,*,*,*,*,*,*
5.527,-1.15E-11,-5.97E-13,*,*,*,*,*,*
5.528,3.24E-12,1.14E-13,*,*,*,*,*,*
5.529,0,8.24E-13,*,*,*,*,*,*
5.53,3.24E-12,-3.24E-12,*,*,*,*,*,*
5.531,-7.39E-12,1.51E-12,*,*,*,*,*,*
5.532,1.25E-12,-2.84E-14,*,*,*,*,*,*
5.533,-1.47E-11,1.14E-12,*,*,*,*,*,*
5.534,-5.74E-12,3.41E-13,*,*,*,*,*,*
5.535,-8.92E-12,-2.59E-12,*,*,*,*,*,*
5.536,-1.59E-12,1.26E-12,*,*,*,*,*,*
5.537,2.84E-12,-1.51E-12,*,*,*,*,*,*
5.538,3.24E-12,2.25E-12,*,*,*,*,*,*
5.539,5.12E-13,1.34E-12,*,*,*,*,*,*
5.54,2.56E-12,-1.96E-12,*,*,*,*,*,*
5.541,6.03E-12,1.12E-12,*,*,*,*,*,*
5.542,-8.53E-13,8.67E-13,*,*,*,*,*,*
5.543,1.61E-11,1.28E-12,*,*,*,*,*,*
5.544,4.55E-13,-1.61E-12,*,*,*,*,*,*
5.545,7.28E-12,6.68E-13,*,*,*,*,*,*
5.546,-1.27E-11,1.56E-13,*,*,*,*,*,*
5.547,-7.96E-12,-8.53E-14,*,*,*,*,*,*
5.548,-5.97E-12,5.83E-13,*,*,*,*,*,*
5.549,2.22E-12,7.11E-13,*,*,*,*,*,*
5.55,8.53E-13,8.53E-13,*,*,*,*,*,*
5.551,-1.48E-12,5.26E-13,*,*,*,*,*,*
5.552,2.38E-11,1.98E-12,*,*,*,*,*,*
5.553,-4.55E-13,2.57E-12,*,*,*,*,*,*
5.554,7.39E-13,-1.19E-12,*,*,*,*,*,*
5.555,6.48E-12,-2.10E-12,*,*,*,*,*,*
5.556,-9.66E-13,1.31E-12,*,*,*,*,*,*
5.557,5.68E-13,2.30E-12,*,*,*,*,*,*
5.558,3.13E-12,1.42E-14,*,*,*,*,*,*
5.559,-1.71E-13,2.67E-12,*,*,*,*,*,*
5.56,-6.25E-12,2.84E-14,*,*,*,*,*,*
5.561,-7.67E-12,-2.44E-12,*,*,*,*,*,*
5.562,3.98E-12,1.22E-12,*,*,*,*,*,*
5.563,-2.56E-12,5.44E-12,*,*,*,*,*,*
5.564,-1.48E-12,-1.96E-12,*,*,*,*,*,*
5.565,-8.58E-12,-7.53E-13,*,*,*,*,*,*
5.566,3.92E-12,4.26E-13,*,*,*,*,*,*
5.567,-1.06E-11,3.62E-12,*,*,*,*,*,*
5.568,6.93E-12,4.41E-13,*,*,*,*,*,*
5.569,1.22E-11,-1.65E-12,*,*,*,*,*,*
5.57,2.56E-12,8.95E-13,*,*,*,*,*,*
5.571,2.44E-12,4.26E-13,*,*,*,*,*,*
5.572,8.53E-12,1.90E-12,*,*,*,*,*,*
5.573,-6.54E-12,1.04E-12,*,*,*,*,*,*
5.574,-4.15E-12,-1.85E-13,*,*,*,*,*,*
5.575,-2.10E-12,-2.61E-12,*,*,*,*,*,*
5.576,6.93E-12,3.08E-12,*,*,*,*,*,*
5.577,6.88E-12,-1.51E-12,*,*,*,*,*,*
5.578,-4.77E-12,1.86E-12,*,*,*,*,*,*
5.579,1.15E-11,6.54E-13,*,*,*,*,*,*
5.58,1.32E-11,2.84E-13,*,*,*,*,*,*
5.581,-1.28E-11,9.66E-13,*,*,*,*,*,*
5.582,-6.20E-12,-4.97E-13,*,*,*,*,*,*
5.583,-8.13E-12,-2.34E-12,*,*,*,*,*,*
5.584,1.38E-11,1.28E-13,*,*,*,*,*,*
5.585,1.31E-12,2.05E-12,*,*,*,*,*,*
5.586,-1.02E-11,-2.84E-13,*,*,*,*,*,*
5.587,-1.08E-12,-1.95E-12,*,*,*,*,*,*
5.588,-5.68E-14,-1.31E-12,*,*,*,*,*,*
5.589,6.93E-12,-8.53E-14,*,*,*,*,*,*
5.59,6.25E-12,3.41E-13,*,*,*,*,*,*
5.591,-3.52E-12,2.00E-12,*,*,*,*,*,*
5.592,-6.25E-13,1.21E-12,*,*,*,*,*,*
5.593,3.47E-12,-1.71E-12,*,*,*,*,*,*
5.594,6.88E-12,8.81E-13,*,*,*,*,*,*
5.595,-5.68E-12,-1.35E-12,*,*,*,*,*,*
5.596,-2.84E-12,-5.12E-13,*,*,*,*,*,*
5.597,-1.21E-11,-5.68E-13,*,*,*,*,*,*
5.598,3.64E-12,-9.95E-14,*,*,*,*,*,*
5.599,-2.16E-12,-4.55E-13,*,*,*,*,*,*
5.6,-4.95E-12,-4.18E-12,*,*,*,*,*,*
5.601,-6.93E-12,-2.42E-13,*,*,*,*,*,*
5.602,-9.44E-12,3.69E-13,*,*,*,*,*,*
5.603,5.91E-12,4.12E-13,*,*,*,*,*,*
5.604,4.95E-12,9.24E-13,*,*,*,*,*,*
5.605,4.66E-12,-1.19E-12,*,*,*,*,*,*
5.606,4.26E-12,-2.56E-13,*,*,*,*,*,*
5.607,7.11E-12,3.40E-12,*,*,*,*,*,*
5.608,-1.14E-12,1.71E-12,*,*,*,*,*,*
5.609,3.13E-12,-1.88E-12,*,*,*,*,*,*
5.61,-1.08E-12,-2.34E-12,*,*,*,*,*,*
5.611,-3.13E-12,-1.14E-13,*,*,*,*,*,*
5.612,-1.36E-12,3.69E-13,*,*,*,*,*,*
5.613,1.27E-11,-1.56E-12,*,*,*,*,*,*
5.614,-3.41E-12,-1.71E-13,*,*,*,*,*,*
5.615,1.02E-12,2.94E-12,*,*,*,*,*,*
5.616,5.46E-12,2.13E-12,*,*,*,*,*,*
5.617,9.66E-12,3.27E-13,*,*,*,*,*,*
5.618,-7.96E-12,-7.11E-13,*,*,*,*,*,*
5.619,1.48E-11,2.80E-12,*,*,*,*,*,*
5.62,-1.14E-11,-4.55E-13,*,*,*,*,*,*
5.621,1.14E-12,8.67E-13,*,*,*,*,*,*
5.622,1.10E-11,2.13E-13,*,*,*,*,*,*
5.623,1.84E-11,-9.95E-13,*,*,*,*,*,*
5.624,8.13E-12,3.07E-12,*,*,*,*,*,*
5.625,-3.87E-12,-8.10E-13,*,*,*,*,*,*
5.626,5.80E-12,-9.81E-13,*,*,*,*,*,*
5.627,5.91E-12,9.95E-13,*,*,*,*,*,*
5.628,-5.06E-12,-3.62E-12,*,*,*,*,*,*
5.629,-3.98E-13,-4.97E-13,*,*,*,*,*,*
5.63,-1.02E-12,3.10E-12,*,*,*,*,*,*
5.631,-8.41E-12,-1.65E-12,*,*,*,*,*,*
5.632,2.27E-13,2.97E-12,*,*,*,*,*,*
5.633,-2.44E-12,-2.42E-13,*,*,*,*,*,*
5.634,-5.68E-13,-1.07E-12,*,*,*,*,*,*
5.635,4.04E-12,2.84E-14,*,*,*,*,*,*
5.636,-7.39E-13,3.54E-12,*,*,*,*,*,*
5.637,4.26E-12,-1.11E-12,*,*,*,*,*,*
5.638,-6.31E-12,-1.04E-12,*,*,*,*,*,*
5.639,-1.16E-11,9.95E-13,*,*,*,*,*,*
5.64,7.11E-12,2.09E-12,*,*,*,*,*,*
5.641,3.47E-12,-2.60E-12,*,*,*,*,*,*
5.642,-5.00E-12,-1.04E-12,*,*,*,*,*,*
5.643,9.49E-12,-1.72E-12,*,*,*,*,*,*
5.644,6.42E-12,1.42E-14,*,*,*,*,*,*
5.645,-2.90E-12,-4.12E-12,*,*,*,*,*,*
5.646,-1.08E-12,7.82E-13,*,*,*,*,*,*
5.647,2.79E-12,1.68E-12,*,*,*,*,*,*
5.648,9.61E-12,6.25E-13,*,*,*,*,*,*
5.649,3.35E-12,-1.25E-12,*,*,*,*,*,*
5.65,8.41E-12,4.55E-13,*,*,*,*,*,*
5.651,6.59E-12,-5.26E-13,*,*,*,*,*,*
5.652,-4.66E-12,-3.81E-12,*,*,*,*,*,*
5.653,-2.90E-12,-1.80E-12,*,*,*,*,*,*
5.654,-4.55E-12,-2.98E-13,*,*,*,*,*,*
5.655,1.83E-11,2.05E-12,*,*,*,*,*,*
5.656,-1.31E-12,-8.38E-13,*,*,*,*,*,*
5.657,-6.31E-12,-1.98E-12,*,*,*,*,*,*
5.658,-1.25E-12,1.28E-12,*,*,*,*,*,*
5.659,-1.22E-11,2.98E-13,*,*,*,*,*,*
5.66,-1.71E-12,-2.00E-12,*,*,*,*,*,*
5.661,-5.06E-12,-1.18E-12,*,*,*,*,*,*
5.662,-1.17E-11,4.41E-13,*,*,*,*,*,*
5.663,9.61E-12,3.35E-12,*,*,*,*,*,*
5.664,1.82E-12,-1.96E-12,*,*,*,*,*,*
5.665,1.35E-11,2.60E-12,*,*,*,*,*,*
5.666,3.52E-12,1.69E-12,*,*,*,*,*,*
5.667,-1.13E-11,-3.13E-12,*,*,*,*,*,*
5.668,4.83E-12,1.46E-12,*,*,*,*,*,*
5.669,3.41E-13,1.45E-12,*,*,*,*,*,*
5.67,9.09E-13,1.36E-12,*,*,*,*,*,*
5.671,2.84E-13,9.81E-13,*,*,*,*,*,*
5.672,-3.81E-12,-2.19E-12,*,*,*,*,*,*
5.673,2.56E-12,4.26E-13,*,*,*,*,*,*
5.674,-3.69E-12,-1.75E-12,*,*,*,*,*,*
5.675,-3.58E-12,-4.41E-13,*,*,*,*,*,*
5.676,8.92E-12,2.61E-12,*,*,*,*,*,*
5.677,-5.91E-12,1.12E-12,*,*,*,*,*,*
5.678,-3.64E-12,-1.22E-12,*,*,*,*,*,*
5.679,7.05E-12,9.52E-13,*,*,*,*,*,*
5.68,1.50E-11,-7.39E-13,*,*,*,*,*,*
5.681,-1.71E-11,-2.59E-12,*,*,*,*,*,*
5.682,-1.28E-11,-3.01E-12,*,*,*,*,*,*
5.683,4.21E-12,2.56E-13,*,*,*,*,*,*
5.684,4.21E-12,-4.23E-12,*,*,*,*,*,*
5.685,-7.96E-13,-2.60E-12,*,*,*,*,*,*
5.686,-7.84E-12,1.24E-12,*,*,*,*,*,*
5.687,1.99E-12,2.52E-12,*,*,*,*,*,*
5.688,-8.19E-12,1.99E-12,*,*,*,*,*,*
5.689,-1.14E-13,3.41E-13,*,*,*,*,*,*
5.69,-5.12E-12,-1.53E-12,*,*,*,*,*,*
5.691,-6.65E-12,-1.78E-12,*,*,*,*,*,*
5.692,5.63E-12,-6.82E-13,*,*,*,*,*,*
5.693,4.60E-12,4.41E-13,*,*,*,*,*,*
5.694,4.77E-12,-1.29E-12,*,*,*,*,*,*
5.695,1.07E-11,1.63E-12,*,*,*,*,*,*
5.696,-8.30E-12,2.34E-12,*,*,*,*,*,*
5.697,-7.39E-13,1.41E-12,*,*,*,*,*,*
5.698,-1.11E-11,-1.12E-12,*,*,*,*,*,*
5.699,4.72E-12,3.65E-12,*,*,*,*,*,*
5.7,8.24E-12,5.16E-12,*,*,*,*,*,*
5.701,-1.13E-11,-1.28E-13,*,*,*,*,*,*
5.702,-2.33E-12,3.77E-12,*,*,*,*,*,*
5.703,-1.24E-11,-1.99E-12,*,*,*,*,*,*
5.704,3.30E-12,-8.38E-13,*,*,*,*,*,*
5.705,-1.14E-11,-2.91E-12,*,*,*,*,*,*
5.706,-1.23E-11,7.39E-13,*,*,*,*,*,*
5.707,-3.52E-12,1.98E-12,*,*,*,*,*,*
5.708,-1.71E-12,1.88E-12,*,*,*,*,*,*
5.709,-3.98E-13,1.59E-12,*,*,*,*,*,*
5.71,-1.82E-12,-5.12E-13,*,*,*,*,*,*
5.711,8.92E-12,1.01E-12,*,*,*,*,*,*
5.712,2.10E-12,-1.99E-12,*,*,*,*,*,*
5.713,-4.72E-12,1.42E-14,*,*,*,*,*,*
5.714,-1.42E-12,-6.54E-13,*,*,*,*,*,*
5.715,2.33E-12,-3.27E-13,*,*,*,*,*,*
5.716,1.01E-11,-1.93E-12,*,*,*,*,*,*
5.717,8.87E-12,6.25E-13,*,*,*,*,*,*
5.718,-5.12E-12,-1.99E-13,*,*,*,*,*,*
5.719,-5.51E-12,-1.71E-12,*,*,*,*,*,*
5.72,-1.31E-12,-2.23E-12,*,*,*,*,*,*
5.721,-3.75E-12,-3.23E-12,*,*,*,*,*,*
5.722,-2.44E-12,-1.68E-12,*,*,*,*,*,*
5.723,-4.04E-12,-2.84E-12,*,*,*,*,*,*
5.724,2.33E-12,-2.84E-12,*,*,*,*,*,*
5.725,1.29E-11,-6.82E-13,*,*,*,*,*,*
5.726,2.79E-12,4.68E-12,*,*,*,*,*,*
5.727,3.92E-12,-2.87E-12,*,*,*,*,*,*
5.728,1.56E-11,1.75E-12,*,*,*,*,*,*
5.729,-7.39E-13,3.77E-12,*,*,*,*,*,*
5.73,3.47E-12,1.17E-12,*,*,*,*,*,*
5.731,7.96E-13,-2.16E-12,*,*,*,*,*,*
5.732,-1.19E-12,-2.19E-12,*,*,*,*,*,*
5.733,-5.57E-12,1.42E-12,*,*,*,*,*,*
5.734,1.09E-11,1.63E-12,*,*,*,*,*,*
5.735,-1.05E-11,2.71E-12,*,*,*,*,*,*
5.736,-5.12E-12,1.07E-12,*,*,*,*,*,*
5.737,-3.35E-12,4.69E-13,*,*,*,*,*,*
5.738,-2.33E-12,7.25E-13,*,*,*,*,*,*
5.739,2.27E-13,-1.56E-13,*,*,*,*,*,*
5.74,7.11E-12,-3.17E-12,*,*,*,*,*,*
5.741,-9.66E-13,-1.07E-12,*,*,*,*,*,*
5.742,-1.38E-11,1.01E-12,*,*,*,*,*,*
5.743,-6.20E-12,3.13E-13,*,*,*,*,*,*
5.744,-1.31E-12,-3.44E-12,*,*,*,*,*,*
5.745,3.98E-13,3.84E-13,*,*,*,*,*,*
5.746,-2.22E-12,1.39E-12,*,*,*,*,*,*
5.747,-1.08E-12,1.66E-12,*,*,*,*,*,*
5.748,1.06E-11,-1.11E-12,*,*,*,*,*,*
5.749,2.67E-12,3.41E-12,*,*,*,*,*,*
5.75,3.98E-13,3.84E-13,*,*,*,*,*,*
5.751,1.31E-12,-2.19E-12,*,*,*,*,*,*
5.752,-1.88E-12,4.23E-12,*,*,*,*,*,*
5.753,3.52E-12,5.26E-13,*,*,*,*,*,*
5.754,2.61E-12,-2.84E-13,*,*,*,*,*,*
5.755,-2.67E-12,-9.81E-13,*,*,*,*,*,*
5.756,-2.27E-12,-1.66E-12,*,*,*,*,*,*
5.757,6.54E-12,4.41E-13,*,*,*,*,*,*
5.758,-3.75E-12,-5.12E-13,*,*,*,*,*,*
5.759,-5.46E-12,6.11E-13,*,*,*,*,*,*
5.76,-5.40E-12,1.21E-12,*,*,*,*,*,*
5.761,-6.25E-13,3.55E-13,*,*,*,*,*,*
5.762,8.92E-12,4.39E-12,*,*,*,*,*,*
5.763,5.85E-12,4.26E-14,*,*,*,*,*,*
5.764,9.66E-13,-3.20E-12,*,*,*,*,*,*
5.765,3.01E-12,1.71E-12,*,*,*,*,*,*
5.766,-1.25E-11,-1.86E-12,*,*,*,*,*,*
5.767,0,-5.68E-14,*,*,*,*,*,*
5.768,4.83E-12,8.81E-13,*,*,*,*,*,*
5.769,7.96E-13,1.14E-13,*,*,*,*,*,*
5.77,3.98E-13,1.73E-12,*,*,*,*,*,*
5.771,1.93E-12,1.25E-12,*,*,*,*,*,*
5.772,-3.24E-12,4.55E-13,*,*,*,*,*,*
5.773,5.12E-13,3.89E-12,*,*,*,*,*,*
5.774,1.88E-12,8.53E-14,*,*,*,*,*,*
5.775,5.68E-13,1.76E-12,*,*,*,*,*,*
5.776,-1.53E-12,1.19E-12,*,*,*,*,*,*
5.777,-1.82E-12,1.79E-12,*,*,*,*,*,*
5.778,5.46E-12,8.53E-13,*,*,*,*,*,*
5.779,-5.40E-12,1.22E-12,*,*,*,*,*,*
5.78,-3.24E-12,-7.39E-13,*,*,*,*,*,*
5.781,3.58E-12,1.45E-12,*,*,*,*,*,*
5.782,9.95E-12,-7.39E-13,*,*,*,*,*,*
5.783,2.27E-13,2.07E-12,*,*,*,*,*,*
5.784,-2.33E-12,1.02E-12,*,*,*,*,*,*
5.785,8.24E-12,-9.66E-13,*,*,*,*,*,*
5.786,2.50E-12,-2.87E-12,*,*,*,*,*,*
5.787,7.96E-13,-9.95E-13,*,*,*,*,*,*
5.788,-2.33E-12,9.66E-13,*,*,*,*,*,*
5.789,-1.88E-12,1.14E-12,*,*,*,*,*,*
5.79,2.39E-12,2.36E-12,*,*,*,*,*,*
5.791,-6.82E-12,3.41E-13,*,*,*,*,*,*
5.792,-1.59E-12,-1.99E-13,*,*,*,*,*,*
5.793,1.48E-12,-2.56E-12,*,*,*,*,*,*
5.794,2.96E-12,-1.39E-12,*,*,*,*,*,*
5.795,4.89E-12,5.12E-13,*,*,*,*,*,*
5.796,2.44E-12,-1.05E-12,*,*,*,*,*,*
5.797,-5.91E-12,-2.56E-13,*,*,*,*,*,*
5.798,-4.32E-12,1.25E-12,*,*,*,*,*,*
5.799,1.93E-12,4.83E-13,*,*,*,*,*,*
5.8,4.32E-12,-6.25E-13,*,*,*,*,*,*
5.801,-4.32E-12,-2.84E-14,*,*,*,*,*,*
5.802,2.05E-12,-8.53E-13,*,*,*,*,*,*
5.803,-3.18E-12,-2.96E-12,*,*,*,*,*,*
5.804,-2.27E-12,4.26E-13,*,*,*,*,*,*
5.805,1.82E-12,1.39E-12,*,*,*,*,*,*
5.806,2.84E-12,8.24E-13,*,*,*,*,*,*
5.807,3.52E-12,-3.41E-13,*,*,*,*,*,*
5.808,-1.76E-12,3.41E-13,*,*,*,*,*,*
5.809,4.89E-12,-4.26E-13,*,*,*,*,*,*
5.81,-4.26E-12,-2.64E-12,*,*,*,*,*,*
5.811,3.81E-12,-3.01E-12,*,*,*,*,*,*
5.812,-9.09E-13,9.09E-13,*,*,*,*,*,*
5.813,6.76E-12,1.62E-12,*,*,*,*,*,*
5.814,7.39E-13,-7.67E-13,*,*,*,*,*,*
5.815,3.52E-12,-1.36E-12,*,*,*,*,*,*
5.816,1.22E-11,2.27E-13,*,*,*,*,*,*
5.817,4.55E-13,4.26E-13,*,*,*,*,*,*
5.818,-3.69E-12,-9.66E-13,*,*,*,*,*,*
5.819,1.76E-12,3.55E-12,*,*,*,*,*,*
5.82,-5.00E-12,-6.54E-13,*,*,*,*,*,*
5.821,2.56E-12,-8.53E-14,*,*,*,*,*,*
5.822,-1.02E-12,-1.53E-12,*,*,*,*,*,*
5.823,2.39E-12,-2.84E-14,*,*,*,*,*,*
5.824,-2.84E-13,1.71E-12,*,*,*,*,*,*
5.825,-3.24E-12,9.09E-13,*,*,*,*,*,*
5.826,-6.31E-12,-1.99E-13,*,*,*,*,*,*
5.827,7.73E-12,-3.41E-13,*,*,*,*,*,*
5.828,2.56E-12,-5.68E-13,*,*,*,*,*,*
5.829,1.08E-12,2.13E-12,*,*,*,*,*,*
5.83,-1.76E-12,1.11E-12,*,*,*,*,*,*
5.831,6.08E-12,-2.73E-12,*,*,*,*,*,*
5.832,6.03E-12,5.12E-13,*,*,*,*,*,*
5.833,-2.22E-12,1.65E-12,*,*,*,*,*,*
5.834,-5.85E-12,1.14E-12,*,*,*,*,*,*
5.835,3.64E-12,-1.39E-12,*,*,*,*,*,*
5.836,6.54E-12,-1.68E-12,*,*,*,*,*,*
5.837,-6.25E-12,-5.68E-14,*,*,*,*,*,*
5.838,8.01E-12,-2.44E-12,*,*,*,*,*,*
5.839,2.22E-12,-7.11E-13,*,*,*,*,*,*
5.84,-1.31E-12,6.82E-13,*,*,*,*,*,*
5.841,2.22E-12,-5.68E-14,*,*,*,*,*,*
5.842,7.22E-12,5.12E-13,*,*,*,*,*,*
5.843,2.84E-13,-2.56E-13,*,*,*,*,*,*
5.844,7.33E-12,-7.11E-13,*,*,*,*,*,*
5.845,-4.09E-12,-8.53E-13,*,*,*,*,*,*
5.846,-4.21E-12,-1.93E-12,*,*,*,*,*,*
5.847,1.14E-12,1.08E-12,*,*,*,*,*,*
5.848,0,1.96E-12,*,*,*,*,*,*
5.849,-6.48E-12,1.02E-12,*,*,*,*,*,*
5.85,-1.65E-12,-6.25E-13,*,*,*,*,*,*
5.851,-1.36E-12,-3.13E-12,*,*,*,*,*,*
5.852,-5.12E-13,2.59E-12,*,*,*,*,*,*
5.853,-1.25E-12,-7.11E-13,*,*,*,*,*,*
5.854,-1.08E-12,1.99E-13,*,*,*,*,*,*
5.855,9.95E-12,1.88E-12,*,*,*,*,*,*
5.856,4.95E-12,-2.67E-12,*,*,*,*,*,*
5.857,-2.05E-12,2.56E-13,*,*,*,*,*,*
5.858,-3.98E-13,-1.65E-12,*,*,*,*,*,*
5.859,9.09E-13,6.82E-13,*,*,*,*,*,*
5.86,1.99E-12,-2.27E-13,*,*,*,*,*,*
5.861,-7.33E-12,-1.17E-12,*,*,*,*,*,*
5.862,3.01E-12,-1.45E-12,*,*,*,*,*,*
5.863,6.82E-12,-2.25E-12,*,*,*,*,*,*
5.864,-8.53E-13,-1.53E-12,*,*,*,*,*,*
5.865,-3.98E-12,-8.53E-13,*,*,*,*,*,*
5.866,1.42E-12,1.31E-12,*,*,*,*,*,*
5.867,2.44E-12,-2.07E-12,*,*,*,*,*,*
5.868,8.13E-12,3.98E-13,*,*,*,*,*,*
5.869,8.41E-12,7.67E-13,*,*,*,*,*,*
5.87,5.80E-12,-1.99E-13,*,*,*,*,*,*
5.871,-4.89E-12,-2.16E-12,*,*,*,*,*,*
5.872,-3.58E-12,1.48E-12,*,*,*,*,*,*
5.873,1.59E-12,8.81E-13,*,*,*,*,*,*
5.874,-1.19E-12,1.71E-13,*,*,*,*,*,*
5.875,-8.36E-12,-9.09E-13,*,*,*,*,*,*
5.876,7.45E-12,3.13E-13,*,*,*,*,*,*
5.877,-6.48E-12,-2.93E-12,*,*,*,*,*,*
5.878,3.30E-12,-1.31E-12,*,*,*,*,*,*
5.879,7.45E-12,-1.73E-12,*,*,*,*,*,*
5.88,1.19E-12,-7.67E-13,*,*,*,*,*,*
5.881,2.05E-12,3.38E-12,*,*,*,*,*,*
5.882,-4.43E-12,1.14E-12,*,*,*,*,*,*
5.883,-9.66E-13,1.56E-12,*,*,*,*,*,*
5.884,1.14E-13,2.13E-12,*,*,*,*,*,*
5.885,-7.67E-12,7.67E-13,*,*,*,*,*,*
5.886,-5.68E-14,-4.26E-13,*,*,*,*,*,*
5.887,-3.30E-12,-2.90E-12,*,*,*,*,*,*
5.888,9.66E-13,4.55E-13,*,*,*,*,*,*
5.889,-4.04E-12,-2.81E-12,*,*,*,*,*,*
5.89,0,-9.66E-13,*,*,*,*,*,*
5.891,-9.15E-12,1.71E-13,*,*,*,*,*,*
5.892,9.27E-12,-5.12E-13,*,*,*,*,*,*
5.893,2.79E-12,8.53E-14,*,*,*,*,*,*
5.894,1.76E-12,-1.08E-12,*,*,*,*,*,*
5.895,-6.82E-12,-5.68E-13,*,*,*,*,*,*
5.896,6.25E-12,-1.02E-12,*,*,*,*,*,*
5.897,2.96E-12,-1.51E-12,*,*,*,*,*,*
5.898,-2.90E-12,-1.14E-13,*,*,*,*,*,*
5.899,-4.21E-12,1.42E-13,*,*,*,*,*,*
5.9,-7.96E-13,-2.93E-12,*,*,*,*,*,*
5.901,6.31E-12,1.28E-12,*,*,*,*,*,*
5.902,-6.25E-12,-3.41E-13,*,*,*,*,*,*
5.903,1.99E-12,-1.14E-13,*,*,*,*,*,*
5.904,6.93E-12,1.76E-12,*,*,*,*,*,*
5.905,4.49E-12,2.07E-12,*,*,*,*,*,*
5.906,-3.47E-12,3.18E-12,*,*,*,*,*,*
5.907,8.24E-12,4.21E-12,*,*,*,*,*,*
5.908,5.12E-12,-1.53E-12,*,*,*,*,*,*
5.909,-5.23E-12,-2.42E-12,*,*,*,*,*,*
5.91,-1.82E-12,9.38E-13,*,*,*,*,*,*
5.911,6.14E-12,1.11E-12,*,*,*,*,*,*
5.912,-3.18E-12,-1.96E-12,*,*,*,*,*,*
5.913,6.54E-12,1.39E-12,*,*,*,*,*,*
5.914,1.88E-12,-2.02E-12,*,*,*,*,*,*
5.915,-5.68E-14,-1.93E-12,*,*,*,*,*,*
5.916,-2.79E-12,2.27E-13,*,*,*,*,*,*
5.917,5.68E-14,-2.05E-12,*,*,*,*,*,*
5.918,-6.20E-12,-3.98E-13,*,*,*,*,*,*
5.919,1.34E-11,2.84E-14,*,*,*,*,*,*
5.92,-3.64E-12,-3.55E-12,*,*,*,*,*,*
5.921,3.35E-12,1.76E-12,*,*,*,*,*,*
5.922,5.68E-13,-8.24E-13,*,*,*,*,*,*
5.923,-3.35E-12,-1.99E-13,*,*,*,*,*,*
5.924,1.59E-12,1.39E-12,*,*,*,*,*,*
5.925,-1.25E-12,-1.34E-12,*,*,*,*,*,*
5.926,6.25E-12,2.47E-12,*,*,*,*,*,*
5.927,5.40E-12,-1.11E-12,*,*,*,*,*,*
5.928,-3.52E-12,2.56E-13,*,*,*,*,*,*
5.929,-7.56E-12,1.42E-12,*,*,*,*,*,*
5.93,-1.14E-13,8.53E-13,*,*,*,*,*,*
5.931,-1.14E-13,2.84E-14,*,*,*,*,*,*
5.932,-1.59E-12,-1.22E-12,*,*,*,*,*,*
5.933,7.39E-12,1.65E-12,*,*,*,*,*,*
5.934,2.44E-12,1.45E-12,*,*,*,*,*,*
5.935,-1.42E-12,-3.35E-12,*,*,*,*,*,*
5.936,-7.11E-12,1.39E-12,*,*,*,*,*,*
5.937,-1.25E-12,-2.84E-13,*,*,*,*,*,*
5.938,-2.05E-12,-2.56E-13,*,*,*,*,*,*
5.939,-8.41E-12,5.68E-14,*,*,*,*,*,*
5.94,-1.02E-12,-4.77E-12,*,*,*,*,*,*
5.941,1.99E-12,1.56E-12,*,*,*,*,*,*
5.942,-6.88E-12,2.66E-12,*,*,*,*,*,*
5.943,-6.48E-12,-4.12E-13,*,*,*,*,*,*
5.944,-3.41E-12,-8.53E-14,*,*,*,*,*,*
5.945,3.30E-12,3.31E-12,*,*,*,*,*,*
5.946,-7.39E-13,1.39E-12,*,*,*,*,*,*
5.947,4.43E-12,5.83E-13,*,*,*,*,*,*
5.948,-3.98E-13,-2.54E-12,*,*,*,*,*,*
5.949,1.05E-11,-5.97E-13,*,*,*,*,*,*
5.95,4.04E-12,-1.88E-12,*,*,*,*,*,*
5.951,6.88E-12,-1.72E-12,*,*,*,*,*,*
5.952,-3.64E-12,-9.66E-13,*,*,*,*,*,*
5.953,-1.71E-13,2.16E-12,*,*,*,*,*,*
5.954,-1.88E-12,-1.42E-14,*,*,*,*,*,*
5.955,-2.22E-12,1.12E-12,*,*,*,*,*,*
5.956,9.38E-12,1.83E-12,*,*,*,*,*,*
5.957,-2.56E-12,2.87E-12,*,*,*,*,*,*
5.958,1.14E-12,-2.64E-12,*,*,*,*,*,*
5.959,-2.44E-12,-3.03E-12,*,*,*,*,*,*
5.96,-7.39E-12,2.77E-12,*,*,*,*,*,*
5.961,1.31E-12,4.83E-13,*,*,*,*,*,*
5.962,3.13E-12,-1.55E-12,*,*,*,*,*,*
5.963,3.18E-12,-2.07E-12,*,*,*,*,*,*
5.964,1.48E-12,-9.95E-14,*,*,*,*,*,*
5.965,-7.96E-13,2.90E-12,*,*,*,*,*,*
5.966,-2.10E-12,-2.56E-12,*,*,*,*,*,*
5.967,6.42E-12,6.25E-13,*,*,*,*,*,*
5.968,-1.19E-11,2.36E-12,*,*,*,*,*,*
5.969,6.25E-13,5.12E-13,*,*,*,*,*,*
5.97,-3.13E-12,-3.20E-12,*,*,*,*,*,*
5.971,8.70E-12,-1.05E-12,*,*,*,*,*,*
5.972,8.24E-12,4.97E-13,*,*,*,*,*,*
5.973,-1.48E-12,-1.25E-12,*,*,*,*,*,*
5.974,1.14E-12,-1.39E-12,*,*,*,*,*,*
5.975,9.15E-12,5.54E-13,*,*,*,*,*,*
5.976,-7.39E-13,-2.05E-12,*,*,*,*,*,*
5.977,-9.09E-12,1.85E-13,*,*,*,*,*,*
5.978,8.47E-12,3.41E-13,*,*,*,*,*,*
5.979,4.32E-12,-1.08E-12,*,*,*,*,*,*
5.98,1.11E-11,1.25E-12,*,*,*,*,*,*
5.981,-1.16E-11,-1.17E-12,*,*,*,*,*,*
5.982,6.03E-12,-1.34E-12,*,*,*,*,*,*
5.983,-3.30E-12,2.23E-12,*,*,*,*,*,*
5.984,-4.04E-12,-5.54E-13,*,*,*,*,*,*
5.985,5.63E-12,-1.69E-12,*,*,*,*,*,*
5.986,1.25E-12,-7.82E-13,*,*,*,*,*,*
5.987,-2.90E-12,2.84E-14,*,*,*,*,*,*
5.988,3.58E-12,-2.70E-13,*,*,*,*,*,*
5.989,-8.01E-12,9.09E-13,*,*,*,*,*,*
5.99,-9.04E-12,-2.61E-12,*,*,*,*,*,*
5.991,-2.44E-12,1.42E-14,*,*,*,*,*,*
5.992,-2.61E-12,2.12E-12,*,*,*,*,*,*
5.993,-9.27E-12,2.97E-12,*,*,*,*,*,*
5.994,-9.66E-13,-6.39E-13,*,*,*,*,*,*
5.995,-1.71E-13,1.01E-12,*,*,*,*,*,*
5.996,5.91E-12,-1.07E-12,*,*,*,*,*,*
5.997,5.12E-12,-5.27E-12,*,*,*,*,*,*
5.998,-5.63E-12,-4.26E-13,*,*,*,*,*,*
5.999,9.95E-12,2.50E-12,*,*,*,*,*,*
6,7.39E-13,1.26E-12,*,*,*,*,*,*
6.001,-3.58E-12,-2.43E-12,*,*,*,*,*,*
6.002,1.25E-12,-2.74E-12,*,*,*,*,*,*
6.003,-1.42E-11,-2.91E-12,*,*,*,*,*,*
6.004,2.79E-12,4.55E-13,*,*,*,*,*,*
6.005,-2.05E-12,5.26E-13,*,*,*,*,*,*
6.006,2.79E-12,2.44E-12,*,*,*,*,*,*
6.007,-4.49E-12,1.42E-14,*,*,*,*,*,*
6.008,1.24E-11,1.62E-12,*,*,*,*,*,*
6.009,-1.36E-12,-1.56E-13,*,*,*,*,*,*
6.01,-1.30E-11,8.10E-13,*,*,*,*,*,*
6.011,4.60E-12,-1.78E-12,*,*,*,*,*,*
6.012,-1.20E-11,-4.41E-13,*,*,*,*,*,*
6.013,-1.93E-12,1.59E-12,*,*,*,*,*,*
6.014,1.25E-12,-1.71E-13,*,*,*,*,*,*
6.015,4.60E-12,-7.11E-13,*,*,*,*,*,*
6.016,6.93E-12,-6.39E-13,*,*,*,*,*,*
6.017,-9.27E-12,-2.34E-12,*,*,*,*,*,*
6.018,-3.35E-12,1.01E-12,*,*,*,*,*,*
6.019,9.55E-12,-4.39E-12,*,*,*,*,*,*
6.02,4.89E-12,5.68E-14,*,*,*,*,*,*
6.021,2.11E-11,2.74E-12,*,*,*,*,*,*
6.022,9.83E-12,-4.29E-12,*,*,*,*,*,*
6.023,5.63E-12,-1.78E-12,*,*,*,*,*,*
6.024,7.73E-12,3.65E-12,*,*,*,*,*,*
6.025,1.82E-12,1.56E-12,*,*,*,*,*,*
6.026,3.13E-12,2.13E-13,*,*,*,*,*,*
6.027,-1.31E-12,6.39E-13,*,*,*,*,*,*
6.028,-6.25E-13,-9.24E-13,*,*,*,*,*,*
6.029,-1.71E-13,-1.85E-12,*,*,*,*,*,*
6.03,1.06E-11,1.18E-12,*,*,*,*,*,*
6.031,4.32E-12,-3.41E-13,*,*,*,*,*,*
6.032,-1.99E-12,-2.84E-13,*,*,*,*,*,*
6.033,4.04E-12,-2.39E-12,*,*,*,*,*,*
6.034,-3.58E-12,3.55E-13,*,*,*,*,*,*
6.035,-1.51E-11,1.78E-12,*,*,*,*,*,*
6.036,-5.85E-12,6.82E-13,*,*,*,*,*,*
6.037,-1.19E-12,1.76E-12,*,*,*,*,*,*
6.038,5.12E-13,1.32E-12,*,*,*,*,*,*
6.039,1.27E-11,2.98E-13,*,*,*,*,*,*
6.04,1.06E-11,-1.42E-12,*,*,*,*,*,*
6.041,-1.71E-12,9.38E-13,*,*,*,*,*,*
6.042,-1.11E-11,-3.95E-12,*,*,*,*,*,*
6.043,8.58E-12,-3.14E-12,*,*,*,*,*,*
6.044,4.60E-12,-9.81E-13,*,*,*,*,*,*
6.045,1.14E-12,2.49E-12,*,*,*,*,*,*
6.046,-1.99E-12,2.06E-12,*,*,*,*,*,*
6.047,3.13E-12,-2.42E-13,*,*,*,*,*,*
6.048,-9.15E-12,-1.12E-12,*,*,*,*,*,*
6.049,-1.65E-12,3.44E-12,*,*,*,*,*,*
6.05,8.47E-12,-4.41E-13,*,*,*,*,*,*
6.051,8.13E-12,-2.39E-12,*,*,*,*,*,*
6.052,-3.18E-12,6.68E-13,*,*,*,*,*,*
6.053,2.27E-13,9.52E-13,*,*,*,*,*,*
6.054,5.91E-12,2.13E-13,*,*,*,*,*,*
6.055,4.43E-12,5.12E-13,*,*,*,*,*,*
6.056,-7.45E-12,2.29E-12,*,*,*,*,*,*
6.057,5.68E-13,-1.42E-13,*,*,*,*,*,*
6.058,-6.14E-12,6.39E-13,*,*,*,*,*,*
6.059,2.73E-12,-1.49E-12,*,*,*,*,*,*
6.06,1.71E-13,-7.67E-13,*,*,*,*,*,*
6.061,-1.20E-11,1.11E-12,*,*,*,*,*,*
6.062,6.37E-12,4.55E-13,*,*,*,*,*,*
6.063,-2.73E-12,-1.28E-12,*,*,*,*,*,*
6.064,-8.92E-12,-1.28E-12,*,*,*,*,*,*
6.065,-7.73E-12,-4.83E-13,*,*,*,*,*,*
6.066,-4.04E-12,-1.35E-12,*,*,*,*,*,*
6.067,8.41E-12,-1.25E-12,*,*,*,*,*,*
6.068,-9.04E-12,3.84E-13,*,*,*,*,*,*
6.069,1.65E-12,-2.40E-12,*,*,*,*,*,*
6.07,-4.38E-12,-3.44E-12,*,*,*,*,*,*
6.071,-1.57E-11,-5.34E-12,*,*,*,*,*,*
6.072,5.68E-13,-1.45E-12,*,*,*,*,*,*
6.073,9.78E-12,3.57E-12,*,*,*,*,*,*
6.074,6.25E-12,2.84E-14,*,*,*,*,*,*
6.075,-3.30E-12,0,*,*,*,*,*,*
6.076,-9.09E-13,-7.25E-13,*,*,*,*,*,*
6.077,1.71E-11,-1.62E-12,*,*,*,*,*,*
6.078,-7.84E-12,1.09E-12,*,*,*,*,*,*
6.079,-6.03E-12,2.76E-12,*,*,*,*,*,*
6.08,-5.46E-12,2.06E-12,*,*,*,*,*,*
6.081,5.57E-12,2.90E-12,*,*,*,*,*,*
6.082,3.30E-12,2.84E-14,*,*,*,*,*,*
6.083,5.68E-13,-1.42E-13,*,*,*,*,*,*
6.084,7.05E-12,-1.90E-12,*,*,*,*,*,*
6.085,-4.55E-13,-2.42E-12,*,*,*,*,*,*
6.086,4.66E-12,1.29E-12,*,*,*,*,*,*
6.087,3.41E-12,-4.26E-13,*,*,*,*,*,*
6.088,-1.02E-11,-1.21E-12,*,*,*,*,*,*
6.089,-7.62E-12,-1.26E-12,*,*,*,*,*,*
6.09,-4.89E-12,-1.07E-12,*,*,*,*,*,*
6.091,-8.07E-12,1.32E-12,*,*,*,*,*,*
6.092,-1.16E-11,-2.27E-12,*,*,*,*,*,*
6.093,5.80E-12,-1.56E-13,*,*,*,*,*,*
6.094,1.28E-11,-3.98E-13,*,*,*,*,*,*
6.095,2.96E-12,-2.36E-12,*,*,*,*,*,*
6.096,-6.82E-13,3.13E-13,*,*,*,*,*,*
6.097,2.05E-12,1.56E-12,*,*,*,*,*,*
6.098,7.84E-12,-1.36E-12,*,*,*,*,*,*
6.099,-9.55E-12,-1.36E-12,*,*,*,*,*,*
6.1,-2.27E-13,-3.37E-12,*,*,*,*,*,*
6.101,-3.87E-12,1.52E-12,*,*,*,*,*,*
6.102,-3.41E-13,2.79E-12,*,*,*,*,*,*
6.103,7.39E-12,2.27E-13,*,*,*,*,*,*
6.104,-2.27E-12,-3.71E-12,*,*,*,*,*,*
6.105,-3.30E-12,1.62E-12,*,*,*,*,*,*
6.106,4.55E-12,3.00E-12,*,*,*,*,*,*
6.107,-2.50E-12,-3.33E-12,*,*,*,*,*,*
6.108,-1.93E-12,9.66E-13,*,*,*,*,*,*
6.109,-3.98E-12,6.25E-13,*,*,*,*,*,*
6.11,1.25E-12,-5.26E-13,*,*,*,*,*,*
6.111,-1.93E-12,1.78E-12,*,*,*,*,*,*
6.112,1.47E-11,2.52E-12,*,*,*,*,*,*
6.113,6.37E-12,-9.09E-13,*,*,*,*,*,*
6.114,-2.73E-12,-3.71E-12,*,*,*,*,*,*
6.115,8.87E-12,-3.47E-12,*,*,*,*,*,*
6.116,5.57E-12,-1.48E-12,*,*,*,*,*,*
6.117,-5.23E-12,4.83E-13,*,*,*,*,*,*
6.118,-5.34E-12,1.48E-12,*,*,*,*,*,*
6.119,1.93E-12,-2.54E-12,*,*,*,*,*,*
6.12,-1.26E-11,3.23E-12,*,*,*,*,*,*
6.121,-2.50E-12,1.42E-14,*,*,*,*,*,*
6.122,5.68E-12,1.09E-12,*,*,*,*,*,*
6.123,-2.96E-12,6.25E-13,*,*,*,*,*,*
6.124,-6.14E-12,1.29E-12,*,*,*,*,*,*
6.125,-5.34E-12,-7.11E-14,*,*,*,*,*,*
6.126,-5.68E-13,-6.39E-13,*,*,*,*,*,*
6.127,2.27E-12,-5.54E-13,*,*,*,*,*,*
6.128,3.98E-12,-6.54E-13,*,*,*,*,*,*
6.129,-8.07E-12,-3.98E-13,*,*,*,*,*,*
6.13,-4.43E-12,-1.19E-12,*,*,*,*,*,*
6.131,8.41E-12,1.42E-13,*,*,*,*,*,*
6.132,-1.14E-12,-3.85E-12,*,*,*,*,*,*
6.133,1.05E-11,4.05E-12,*,*,*,*,*,*
6.134,-2.27E-13,3.21E-12,*,*,*,*,*,*
6.135,-3.41E-12,-1.28E-13,*,*,*,*,*,*
6.136,-3.75E-12,-4.97E-13,*,*,*,*,*,*
6.137,-2.73E-12,1.04E-12,*,*,*,*,*,*
6.138,8.07E-12,-2.42E-12,*,*,*,*,*,*
6.139,-4.43E-12,2.42E-13,*,*,*,*,*,*
6.14,6.93E-12,-1.14E-13,*,*,*,*,*,*
6.141,-1.75E-11,1.63E-12,*,*,*,*,*,*
6.142,-8.41E-12,-2.80E-12,*,*,*,*,*,*
6.143,1.93E-12,1.07E-12,*,*,*,*,*,*
6.144,4.77E-12,2.32E-12,*,*,*,*,*,*
6.145,6.14E-12,-4.26E-14,*,*,*,*,*,*
6.146,2.16E-12,2.27E-13,*,*,*,*,*,*
6.147,-3.18E-12,-2.49E-12,*,*,*,*,*,*
6.148,-3.64E-12,1.08E-12,*,*,*,*,*,*
6.149,4.21E-12,-1.34E-12,*,*,*,*,*,*
6.15,2.39E-11,-7.39E-13,*,*,*,*,*,*
6.151,-2.96E-12,8.10E-13,*,*,*,*,*,*
6.152,-5.57E-12,-2.79E-12,*,*,*,*,*,*
6.153,7.28E-12,3.31E-12,*,*,*,*,*,*
6.154,9.09E-12,-1.65E-12,*,*,*,*,*,*
6.155,-4.55E-13,9.09E-13,*,*,*,*,*,*
6.156,-7.62E-12,-2.40E-12,*,*,*,*,*,*
6.157,2.27E-12,-3.13E-12,*,*,*,*,*,*
6.158,5.00E-12,-1.42E-13,*,*,*,*,*,*
6.159,-2.61E-12,1.42E-14,*,*,*,*,*,*
6.16,7.05E-12,-2.47E-12,*,*,*,*,*,*
6.161,-8.41E-12,-1.29E-12,*,*,*,*,*,*
6.162,-3.41E-13,-1.69E-12,*,*,*,*,*,*
6.163,4.09E-12,1.59E-12,*,*,*,*,*,*
6.164,1.25E-11,-2.64E-12,*,*,*,*,*,*
6.165,-9.09E-12,1.19E-12,*,*,*,*,*,*
6.166,-1.01E-11,-1.99E-12,*,*,*,*,*,*
6.167,-2.27E-13,-4.55E-12,*,*,*,*,*,*
6.168,-1.25E-12,1.53E-12,*,*,*,*,*,*
6.169,2.27E-12,1.88E-12,*,*,*,*,*,*
6.17,-1.31E-11,5.40E-13,*,*,*,*,*,*
6.171,-7.28E-12,-2.70E-12,*,*,*,*,*,*
6.172,-3.52E-12,-1.99E-13,*,*,*,*,*,*
6.173,-1.17E-11,1.22E-12,*,*,*,*,*,*
6.174,-5.57E-12,1.11E-12,*,*,*,*,*,*
6.175,2.73E-12,3.92E-12,*,*,*,*,*,*
6.176,3.64E-12,2.27E-12,*,*,*,*,*,*
6.177,1.15E-11,1.17E-12,*,*,*,*,*,*
6.178,7.62E-12,-9.38E-13,*,*,*,*,*,*
6.179,-2.27E-12,-6.82E-13,*,*,*,*,*,*
6.18,-9.55E-12,1.71E-13,*,*,*,*,*,*
6.181,2.61E-12,-8.81E-13,*,*,*,*,*,*
6.182,7.39E-12,-1.22E-12,*,*,*,*,*,*
6.183,1.05E-11,2.56E-13,*,*,*,*,*,*
6.184,-9.78E-12,1.73E-12,*,*,*,*,*,*
6.185,-2.05E-12,-1.85E-12,*,*,*,*,*,*
6.186,-1.48E-12,-7.56E-12,*,*,*,*,*,*
6.187,-1.36E-12,-2.56E-13,*,*,*,*,*,*
6.188,-9.44E-12,-1.42E-13,*,*,*,*,*,*
6.189,-3.18E-12,-1.71E-13,*,*,*,*,*,*
6.19,5.91E-12,-8.53E-13,*,*,*,*,*,*
6.191,7.84E-12,3.41E-13,*,*,*,*,*,*
6.192,2.61E-12,-7.67E-13,*,*,*,*,*,*
6.193,8.98E-12,7.67E-13,*,*,*,*,*,*
6.194,6.71E-12,8.81E-13,*,*,*,*,*,*
6.195,-7.16E-12,1.14E-12,*,*,*,*,*,*
6.196,0,-5.29E-12,*,*,*,*,*,*
6.197,3.07E-12,-3.01E-12,*,*,*,*,*,*
6.198,-1.16E-11,7.39E-13,*,*,*,*,*,*
6.199,3.41E-13,-5.68E-13,*,*,*,*,*,*
6.2,1.71E-12,2.47E-12,*,*,*,*,*,*
6.201,3.30E-12,-2.42E-12,*,*,*,*,*,*
6.202,4.89E-12,1.45E-12,*,*,*,*,*,*
6.203,-1.82E-12,-4.12E-12,*,*,*,*,*,*
6.204,-6.48E-12,-2.42E-12,*,*,*,*,*,*
6.205,-7.05E-12,1.25E-12,*,*,*,*,*,*
6.206,-4.55E-13,-1.53E-12,*,*,*,*,*,*
6.207,-1.48E-12,5.40E-13,*,*,*,*,*,*
6.208,5.00E-12,6.82E-13,*,*,*,*,*,*
6.209,-1.36E-12,1.22E-12,*,*,*,*,*,*
6.21,-1.14E-13,1.99E-12,*,*,*,*,*,*
6.211,-1.82E-12,2.44E-12,*,*,*,*,*,*
6.212,-4.55E-12,1.14E-13,*,*,*,*,*,*
6.213,7.05E-12,-2.27E-13,*,*,*,*,*,*
6.214,-1.06E-11,-3.10E-12,*,*,*,*,*,*
6.215,-1.43E-11,-3.69E-13,*,*,*,*,*,*
6.216,-4.55E-13,-5.26E-12,*,*,*,*,*,*
6.217,-5.46E-12,-3.55E-12,*,*,*,*,*,*
6.218,-7.96E-13,2.44E-12,*,*,*,*,*,*
6.219,7.73E-12,1.17E-12,*,*,*,*,*,*
6.22,1.18E-11,2.56E-12,*,*,*,*,*,*
6.221,-2.05E-12,5.71E-12,*,*,*,*,*,*
6.222,4.77E-12,9.66E-13,*,*,*,*,*,*
6.223,7.50E-12,1.79E-12,*,*,*,*,*,*
6.224,-8.07E-12,-3.61E-12,*,*,*,*,*,*
6.225,-9.66E-12,5.68E-12,*,*,*,*,*,*
6.226,5.23E-12,8.53E-13,*,*,*,*,*,*
6.227,5.00E-12,-6.65E-12,*,*,*,*,*,*
6.228,-3.07E-12,3.41E-13,*,*,*,*,*,*
6.229,7.84E-12,-2.42E-12,*,*,*,*,*,*
6.23,1.07E-11,1.48E-12,*,*,*,*,*,*
6.231,5.91E-12,1.62E-12,*,*,*,*,*,*
6.232,-2.84E-12,2.70E-12,*,*,*,*,*,*
6.233,-1.02E-11,0,*,*,*,*,*,*
6.234,-6.82E-13,-1.17E-12,*,*,*,*,*,*
6.235,-9.66E-12,6.54E-13,*,*,*,*,*,*
6.236,4.43E-12,3.10E-12,*,*,*,*,*,*
6.237,1.38E-11,-1.02E-12,*,*,*,*,*,*
6.238,9.09E-13,7.96E-13,*,*,*,*,*,*
6.239,1.59E-12,1.68E-12,*,*,*,*,*,*
6.24,8.30E-12,8.24E-13,*,*,*,*,*,*
6.241,1.82E-12,-1.19E-12,*,*,*,*,*,*
6.242,8.53E-12,1.82E-12,*,*,*,*,*,*
6.243,1.49E-11,-2.25E-12,*,*,*,*,*,*
6.244,-5.68E-13,2.96E-12,*,*,*,*,*,*
6.245,1.48E-12,-4.92E-12,*,*,*,*,*,*
6.246,1.02E-12,-1.76E-12,*,*,*,*,*,*
6.247,-5.34E-12,-1.11E-12,*,*,*,*,*,*
6.248,-9.89E-12,-2.81E-12,*,*,*,*,*,*
6.249,-5.12E-12,-1.59E-12,*,*,*,*,*,*
6.25,-3.52E-12,3.98E-13,*,*,*,*,*,*
6.251,-2.16E-12,2.79E-12,*,*,*,*,*,*
6.252,-4.32E-12,0,*,*,*,*,*,*
6.253,-2.05E-12,-3.55E-12,*,*,*,*,*,*
6.254,-5.12E-12,-8.53E-14,*,*,*,*,*,*
6.255,4.66E-12,2.05E-12,*,*,*,*,*,*
6.256,5.57E-12,-1.11E-12,*,*,*,*,*,*
6.257,6.37E-12,-2.47E-12,*,*,*,*,*,*
6.258,-7.96E-13,-1.14E-13,*,*,*,*,*,*
6.259,-4.32E-12,3.44E-12,*,*,*,*,*,*
6.26,-5.68E-13,1.96E-12,*,*,*,*,*,*
6.261,1.14E-13,5.68E-13,*,*,*,*,*,*
6.262,-1.08E-11,2.84E-14,*,*,*,*,*,*
6.263,1.82E-12,1.17E-12,*,*,*,*,*,*
6.264,-1.22E-11,1.62E-12,*,*,*,*,*,*
6.265,4.21E-12,-5.40E-13,*,*,*,*,*,*
6.266,5.34E-12,1.42E-13,*,*,*,*,*,*
6.267,-2.96E-12,7.67E-13,*,*,*,*,*,*
6.268,-1.25E-12,9.66E-13,*,*,*,*,*,*
6.269,-4.66E-12,1.17E-12,*,*,*,*,*,*
6.27,-4.55E-12,3.81E-12,*,*,*,*,*,*
6.271,3.18E-12,3.47E-12,*,*,*,*,*,*
6.272,4.21E-12,-1.96E-12,*,*,*,*,*,*
6.273,9.21E-12,3.41E-13,*,*,*,*,*,*
6.274,1.71E-12,4.26E-13,*,*,*,*,*,*
6.275,-2.08E-11,-2.02E-12,*,*,*,*,*,*
6.276,1.75E-11,-1.59E-12,*,*,*,*,*,*
6.277,2.50E-12,-1.76E-12,*,*,*,*,*,*
6.278,-3.30E-12,6.54E-13,*,*,*,*,*,*
6.279,8.53E-12,1.11E-12,*,*,*,*,*,*
6.28,3.30E-12,-4.04E-12,*,*,*,*,*,*
6.281,4.55E-13,1.25E-12,*,*,*,*,*,*
6.282,1.17E-11,3.01E-12,*,*,*,*,*,*
6.283,7.96E-13,-1.65E-12,*,*,*,*,*,*
6.284,-7.50E-12,-6.25E-13,*,*,*,*,*,*
6.285,9.09E-13,1.88E-12,*,*,*,*,*,*
6.286,8.87E-12,-3.84E-12,*,*,*,*,*,*
6.287,-1.02E-12,8.81E-13,*,*,*,*,*,*
6.288,-9.32E-12,1.68E-12,*,*,*,*,*,*
6.289,-4.55E-13,1.36E-12,*,*,*,*,*,*
6.29,-1.08E-11,-2.76E-12,*,*,*,*,*,*
6.291,-1.93E-12,1.34E-12,*,*,*,*,*,*
6.292,-3.41E-12,-7.39E-13,*,*,*,*,*,*
6.293,-4.77E-12,9.38E-13,*,*,*,*,*,*
6.294,-4.21E-12,1.56E-12,*,*,*,*,*,*
6.295,-7.96E-13,-1.71E-12,*,*,*,*,*,*
6.296,-2.25E-11,-3.81E-12,*,*,*,*,*,*
6.297,7.96E-13,1.14E-13,*,*,*,*,*,*
6.298,2.05E-11,-2.19E-12,*,*,*,*,*,*
6.299,-1.15E-11,5.12E-12,*,*,*,*,*,*
6.3,1.10E-11,2.42E-12,*,*,*,*,*,*
6.301,7.62E-12,3.81E-12,*,*,*,*,*,*
6.302,-2.27E-12,-2.47E-12,*,*,*,*,*,*
6.303,-3.75E-12,1.36E-12,*,*,*,*,*,*
6.304,6.14E-12,-4.26E-13,*,*,*,*,*,*
6.305,6.59E-12,3.15E-12,*,*,*,*,*,*
6.306,1.05E-11,-1.42E-12,*,*,*,*,*,*
6.307,-1.82E-12,2.84E-13,*,*,*,*,*,*
6.308,-1.36E-11,-2.96E-12,*,*,*,*,*,*
6.309,7.96E-12,-1.39E-12,*,*,*,*,*,*
6.31,-1.59E-12,-5.68E-13,*,*,*,*,*,*
6.311,1.00E-11,2.33E-12,*,*,*,*,*,*
6.312,7.73E-12,1.14E-12,*,*,*,*,*,*
6.313,7.05E-12,-2.47E-12,*,*,*,*,*,*
6.314,7.05E-12,6.54E-13,*,*,*,*,*,*
6.315,-8.30E-12,1.48E-12,*,*,*,*,*,*
6.316,-5.34E-12,4.26E-12,*,*,*,*,*,*
6.317,-8.19E-12,-1.71E-12,*,*,*,*,*,*
6.318,-1.09E-11,-1.19E-12,*,*,*,*,*,*
6.319,-1.52E-11,2.84E-13,*,*,*,*,*,*
6.32,3.52E-12,2.34E-12,*,*,*,*,*,*
6.321,-5.34E-12,1.88E-12,*,*,*,*,*,*
6.322,-1.06E-11,4.35E-12,*,*,*,*,*,*
6.323,-1.17E-11,-3.27E-13,*,*,*,*,*,*
6.324,-1.13E-11,3.13E-13,*,*,*,*,*,*
6.325,-6.71E-12,-1.32E-12,*,*,*,*,*,*
6.326,-4.89E-12,3.54E-12,*,*,*,*,*,*
6.327,7.73E-12,1.66E-12,*,*,*,*,*,*
6.328,-1.61E-11,3.13E-13,*,*,*,*,*,*
6.329,-4.55E-13,-2.40E-12,*,*,*,*,*,*
6.33,1.60E-11,-3.98E-13,*,*,*,*,*,*
6.331,-9.44E-12,-5.68E-13,*,*,*,*,*,*
6.332,-2.16E-12,4.77E-12,*,*,*,*,*,*
6.333,4.77E-12,-1.85E-12,*,*,*,*,*,*
6.334,2.16E-12,-1.85E-12,*,*,*,*,*,*
6.335,-8.87E-12,-1.17E-12,*,*,*,*,*,*
6.336,-4.55E-12,-6.21E-12,*,*,*,*,*,*
6.337,1.75E-11,1.31E-12,*,*,*,*,*,*
6.338,-1.14E-13,1.29E-12,*,*,*,*,*,*
6.339,1.08E-11,1.14E-13,*,*,*,*,*,*
6.34,-4.21E-12,-2.26E-12,*,*,*,*,*,*
6.341,-1.19E-11,7.11E-13,*,*,*,*,*,*
6.342,2.27E-12,-2.84E-13,*,*,*,*,*,*
6.343,-8.64E-12,-2.36E-12,*,*,*,*,*,*
6.344,-6.82E-12,-9.52E-13,*,*,*,*,*,*
6.345,6.14E-12,-9.95E-13,*,*,*,*,*,*
6.346,2.27E-12,-1.99E-12,*,*,*,*,*,*
6.347,-8.07E-12,-1.59E-12,*,*,*,*,*,*
6.348,-1.14E-11,3.21E-12,*,*,*,*,*,*
6.349,-4.55E-12,-2.50E-12,*,*,*,*,*,*
6.35,-6.37E-12,3.10E-12,*,*,*,*,*,*
6.351,2.39E-12,5.07E-12,*,*,*,*,*,*
6.352,7.16E-12,-2.61E-12,*,*,*,*,*,*
6.353,-9.55E-12,-3.11E-12,*,*,*,*,*,*
6.354,-3.41E-13,-1.73E-12,*,*,*,*,*,*
6.355,5.00E-12,-7.82E-13,*,*,*,*,*,*
6.356,-9.09E-13,1.35E-12,*,*,*,*,*,*
6.357,-1.43E-11,1.56E-13,*,*,*,*,*,*
6.358,1.21E-11,-6.11E-13,*,*,*,*,*,*
6.359,-9.55E-12,-2.19E-12,*,*,*,*,*,*
6.36,-8.30E-12,-5.54E-13,*,*,*,*,*,*
6.361,-6.14E-12,1.15E-12,*,*,*,*,*,*
6.362,-5.91E-12,2.61E-12,*,*,*,*,*,*
6.363,2.39E-12,5.83E-13,*,*,*,*,*,*
6.364,-2.84E-12,-1.88E-12,*,*,*,*,*,*
6.365,3.98E-12,1.22E-12,*,*,*,*,*,*
6.366,-1.82E-12,7.11E-13,*,*,*,*,*,*
6.367,-9.78E-12,-1.83E-12,*,*,*,*,*,*
6.368,-3.41E-12,5.40E-13,*,*,*,*,*,*
6.369,4.66E-12,2.39E-12,*,*,*,*,*,*
6.37,1.46E-11,-4.26E-14,*,*,*,*,*,*
6.371,1.50E-11,-2.26E-12,*,*,*,*,*,*
6.372,-9.55E-12,-1.61E-12,*,*,*,*,*,*
6.373,7.73E-12,4.26E-14,*,*,*,*,*,*
6.374,-5.12E-12,1.29E-12,*,*,*,*,*,*
6.375,-6.93E-12,-1.38E-12,*,*,*,*,*,*
6.376,-5.34E-12,7.82E-13,*,*,*,*,*,*
6.377,-2.84E-12,7.82E-13,*,*,*,*,*,*
6.378,1.71E-12,1.45E-12,*,*,*,*,*,*
6.379,1.14E-11,-8.95E-13,*,*,*,*,*,*
6.38,6.82E-12,-7.53E-13,*,*,*,*,*,*
6.381,-1.82E-12,5.54E-13,*,*,*,*,*,*
6.382,-6.93E-12,-1.09E-12,*,*,*,*,*,*
6.383,-1.42E-11,7.11E-14,*,*,*,*,*,*
6.384,8.64E-12,2.84E-13,*,*,*,*,*,*
6.385,1.34E-11,-1.89E-12,*,*,*,*,*,*
6.386,8.30E-12,-1.22E-12,*,*,*,*,*,*
6.387,-1.56E-11,-2.66E-12,*,*,*,*,*,*
6.388,1.17E-11,1.58E-12,*,*,*,*,*,*
6.389,2.16E-12,-1.12E-12,*,*,*,*,*,*
6.39,-6.37E-12,-5.39E-12,*,*,*,*,*,*
6.391,7.50E-12,-1.19E-12,*,*,*,*,*,*
6.392,-1.59E-12,2.09E-12,*,*,*,*,*,*
6.393,-3.52E-12,-1.69E-12,*,*,*,*,*,*
6.394,2.96E-12,1.58E-12,*,*,*,*,*,*
6.395,1.03E-11,-2.84E-14,*,*,*,*,*,*
6.396,-6.48E-12,3.60E-12,*,*,*,*,*,*
6.397,-3.30E-12,4.83E-13,*,*,*,*,*,*
6.398,-4.43E-12,1.04E-12,*,*,*,*,*,*
6.399,-3.41E-13,1.69E-12,*,*,*,*,*,*
6.4,4.66E-12,-1.25E-12,*,*,*,*,*,*
6.401,-1.22E-11,-2.69E-12,*,*,*,*,*,*
6.402,-2.50E-12,8.81E-13,*,*,*,*,*,*
6.403,-1.96E-11,2.83E-12,*,*,*,*,*,*
6.404,-1.18E-11,-2.47E-12,*,*,*,*,*,*
6.405,1.94E-11,1.79E-12,*,*,*,*,*,*
6.406,2.84E-12,4.90E-12,*,*,*,*,*,*
6.407,9.09E-13,-1.69E-12,*,*,*,*,*,*
6.408,1.14E-12,6.11E-13,*,*,*,*,*,*
6.409,1.40E-11,1.32E-12,*,*,*,*,*,*
6.41,4.32E-12,3.15E-12,*,*,*,*,*,*
6.411,3.30E-12,-3.27E-13,*,*,*,*,*,*
6.412,-3.75E-12,2.50E-12,*,*,*,*,*,*
6.413,9.66E-12,6.11E-13,*,*,*,*,*,*
6.414,5.46E-12,1.99E-13,*,*,*,*,*,*
6.415,3.52E-12,1.42E-14,*,*,*,*,*,*
6.416,9.21E-12,-2.77E-12,*,*,*,*,*,*
6.417,9.09E-12,-1.76E-12,*,*,*,*,*,*
6.418,6.48E-12,-1.73E-12,*,*,*,*,*,*
6.419,-1.63E-11,3.79E-12,*,*,*,*,*,*
6.42,8.07E-12,2.44E-12,*,*,*,*,*,*
6.421,5.80E-12,3.98E-13,*,*,*,*,*,*
6.422,1.05E-11,-4.55E-13,*,*,*,*,*,*
6.423,-3.07E-12,5.54E-13,*,*,*,*,*,*
6.424,-1.93E-12,-1.26E-12,*,*,*,*,*,*
6.425,-1.14E-13,-7.13E-12,*,*,*,*,*,*
6.426,-2.61E-12,4.49E-12,*,*,*,*,*,*
6.427,-8.53E-12,-1.79E-12,*,*,*,*,*,*
6.428,-9.09E-13,4.41E-13,*,*,*,*,*,*
6.429,3.30E-12,-1.42E-12,*,*,*,*,*,*
6.43,-3.75E-12,-2.42E-13,*,*,*,*,*,*
6.431,3.07E-12,8.10E-13,*,*,*,*,*,*
6.432,1.71E-12,-1.49E-12,*,*,*,*,*,*
6.433,3.64E-12,1.55E-12,*,*,*,*,*,*
6.434,3.87E-12,-2.80E-12,*,*,*,*,*,*
6.435,-8.98E-12,-1.58E-12,*,*,*,*,*,*
6.436,-5.91E-12,-2.98E-13,*,*,*,*,*,*
6.437,-2.73E-12,1.18E-12,*,*,*,*,*,*
6.438,-6.25E-12,-3.15E-12,*,*,*,*,*,*
6.439,2.05E-12,-1.21E-12,*,*,*,*,*,*
6.44,1.52E-11,1.55E-12,*,*,*,*,*,*
6.441,-4.55E-13,-3.34E-12,*,*,*,*,*,*
6.442,1.63E-11,-1.52E-12,*,*,*,*,*,*
6.443,-1.14E-12,-3.41E-13,*,*,*,*,*,*
6.444,1.53E-11,1.71E-12,*,*,*,*,*,*
6.445,2.05E-12,6.11E-13,*,*,*,*,*,*
6.446,-6.48E-12,1.80E-12,*,*,*,*,*,*
6.447,-3.98E-12,1.71E-13,*,*,*,*,*,*
6.448,1.13E-11,3.58E-12,*,*,*,*,*,*
6.449,2.05E-12,-2.12E-12,*,*,*,*,*,*
6.45,1.17E-11,1.65E-12,*,*,*,*,*,*
6.451,3.07E-12,3.69E-13,*,*,*,*,*,*
6.452,6.03E-12,-2.64E-12,*,*,*,*,*,*
6.453,-2.27E-12,2.56E-12,*,*,*,*,*,*
6.454,8.30E-12,-2.06E-12,*,*,*,*,*,*
6.455,1.02E-12,-1.22E-12,*,*,*,*,*,*
6.456,2.84E-12,1.42E-12,*,*,*,*,*,*
6.457,-3.75E-12,2.36E-12,*,*,*,*,*,*
6.458,3.41E-12,4.97E-13,*,*,*,*,*,*
6.459,3.18E-12,-1.32E-12,*,*,*,*,*,*
6.46,-6.03E-12,-3.55E-13,*,*,*,*,*,*
6.461,3.07E-12,-3.89E-12,*,*,*,*,*,*
6.462,8.87E-12,-3.33E-12,*,*,*,*,*,*
6.463,3.07E-12,-4.26E-14,*,*,*,*,*,*
6.464,-6.93E-12,-6.25E-13,*,*,*,*,*,*
6.465,6.37E-12,5.40E-13,*,*,*,*,*,*
6.466,7.62E-12,-4.12E-13,*,*,*,*,*,*
6.467,-2.27E-13,-1.78E-12,*,*,*,*,*,*
6.468,1.14E-13,-4.26E-13,*,*,*,*,*,*
6.469,3.41E-12,4.12E-13,*,*,*,*,*,*
6.47,8.41E-12,2.17E-12,*,*,*,*,*,*
6.471,1.25E-11,-1.09E-12,*,*,*,*,*,*
6.472,-5.68E-13,7.53E-13,*,*,*,*,*,*
6.473,1.16E-11,-3.41E-13,*,*,*,*,*,*
6.474,4.09E-12,-1.63E-12,*,*,*,*,*,*
6.475,1.63E-11,2.40E-12,*,*,*,*,*,*
6.476,1.09E-11,-2.84E-13,*,*,*,*,*,*
6.477,-8.30E-12,1.88E-12,*,*,*,*,*,*
6.478,6.25E-12,6.54E-13,*,*,*,*,*,*
6.479,0,-1.68E-12,*,*,*,*,*,*
6.48,4.89E-12,4.97E-13,*,*,*,*,*,*
6.481,-4.21E-12,-2.84E-12,*,*,*,*,*,*
6.482,-1.59E-12,3.65E-12,*,*,*,*,*,*
6.483,1.61E-11,-2.19E-12,*,*,*,*,*,*
6.484,-5.68E-13,-3.35E-12,*,*,*,*,*,*
6.485,1.14E-13,5.12E-13,*,*,*,*,*,*
6.486,-1.00E-11,6.39E-13,*,*,*,*,*,*
6.487,-6.25E-12,-5.54E-13,*,*,*,*,*,*
6.488,-1.24E-11,-1.72E-12,*,*,*,*,*,*
6.489,-1.82E-12,-3.87E-12,*,*,*,*,*,*
6.49,4.32E-12,-8.95E-13,*,*,*,*,*,*
6.491,1.71E-12,2.80E-12,*,*,*,*,*,*
6.492,-3.75E-12,7.39E-13,*,*,*,*,*,*
6.493,1.59E-11,2.56E-13,*,*,*,*,*,*
6.494,2.39E-12,1.59E-12,*,*,*,*,*,*
6.495,-2.39E-12,1.90E-12,*,*,*,*,*,*
6.496,-3.98E-12,2.71E-12,*,*,*,*,*,*
6.497,-9.44E-12,2.36E-12,*,*,*,*,*,*
6.498,-1.14E-12,6.54E-13,*,*,*,*,*,*
6.499,-2.84E-12,1.15E-12,*,*,*,*,*,*
6.5,3.41E-13,3.88E-12,*,*,*,*,*,*
6.501,4.09E-12,-3.33E-12,*,*,*,*,*,*
6.502,3.30E-12,-1.15E-12,*,*,*,*,*,*
6.503,5.57E-12,4.59E-12,*,*,*,*,*,*
6.504,-7.96E-13,3.18E-12,*,*,*,*,*,*
6.505,-6.71E-12,6.54E-13,*,*,*,*,*,*
6.506,-6.03E-12,1.86E-12,*,*,*,*,*,*
6.507,-5.00E-12,-3.24E-12,*,*,*,*,*,*
6.508,1.09E-11,2.73E-12,*,*,*,*,*,*
6.509,4.21E-12,1.28E-13,*,*,*,*,*,*
6.51,-6.71E-12,1.28E-13,*,*,*,*,*,*
6.511,-4.55E-12,1.63E-12,*,*,*,*,*,*
6.512,-1.10E-11,-2.46E-12,*,*,*,*,*,*
6.513,1.22E-11,2.88E-12,*,*,*,*,*,*
6.514,6.48E-12,8.95E-13,*,*,*,*,*,*
6.515,1.59E-12,2.86E-12,*,*,*,*,*,*
6.516,1.25E-12,2.61E-12,*,*,*,*,*,*
6.517,6.71E-12,5.68E-13,*,*,*,*,*,*
6.518,5.80E-12,-1.89E-12,*,*,*,*,*,*
6.519,1.02E-11,-1.93E-12,*,*,*,*,*,*
6.52,-2.50E-12,6.54E-13,*,*,*,*,*,*
6.521,9.09E-12,2.84E-13,*,*,*,*,*,*
6.522,3.41E-13,-1.24E-12,*,*,*,*,*,*
6.523,6.82E-13,-8.53E-13,*,*,*,*,*,*
6.524,-1.52E-11,9.24E-13,*,*,*,*,*,*
6.525,1.49E-11,-3.33E-12,*,*,*,*,*,*
6.526,1.65E-11,1.07E-12,*,*,*,*,*,*
6.527,4.43E-12,7.53E-13,*,*,*,*,*,*
6.528,2.05E-12,-1.19E-12,*,*,*,*,*,*
6.529,9.89E-12,9.52E-13,*,*,*,*,*,*
6.53,-9.09E-13,3.54E-12,*,*,*,*,*,*
6.531,8.87E-12,-1.36E-12,*,*,*,*,*,*
6.532,-1.50E-11,-1.66E-12,*,*,*,*,*,*
6.533,-2.61E-12,3.72E-12,*,*,*,*,*,*
6.534,1.88E-11,-5.83E-13,*,*,*,*,*,*
6.535,-7.50E-12,3.69E-13,*,*,*,*,*,*
6.536,-1.32E-11,-1.44E-12,*,*,*,*,*,*
6.537,-5.68E-13,-4.29E-12,*,*,*,*,*,*
6.538,5.46E-12,1.01E-12,*,*,*,*,*,*
6.539,1.68E-11,-1.38E-12,*,*,*,*,*,*
6.54,3.75E-12,-1.56E-13,*,*,*,*,*,*
6.541,-4.77E-12,-4.83E-13,*,*,*,*,*,*
6.542,-4.21E-12,-1.19E-12,*,*,*,*,*,*
6.543,-6.14E-12,-4.23E-12,*,*,*,*,*,*
6.544,-2.27E-13,2.42E-13,*,*,*,*,*,*
6.545,6.37E-12,-1.14E-12,*,*,*,*,*,*
6.546,0,9.09E-13,*,*,*,*,*,*
6.547,3.75E-12,1.56E-12,*,*,*,*,*,*
6.548,2.05E-12,-1.93E-12,*,*,*,*,*,*
6.549,-2.27E-12,0,*,*,*,*,*,*
6.55,-3.75E-12,-7.11E-13,*,*,*,*,*,*
6.551,-6.59E-12,-1.42E-13,*,*,*,*,*,*
6.552,-9.09E-13,4.41E-12,*,*,*,*,*,*
6.553,3.18E-12,2.30E-12,*,*,*,*,*,*
6.554,5.00E-12,-4.09E-12,*,*,*,*,*,*
6.555,-1.18E-11,-3.10E-12,*,*,*,*,*,*
6.556,-1.14E-13,-1.93E-12,*,*,*,*,*,*
6.557,1.17E-11,-3.41E-12,*,*,*,*,*,*
6.558,7.16E-12,-1.99E-12,*,*,*,*,*,*
6.559,-1.48E-12,-2.47E-12,*,*,*,*,*,*
6.56,7.84E-12,9.66E-13,*,*,*,*,*,*
6.561,-4.55E-13,-2.36E-12,*,*,*,*,*,*
6.562,-1.19E-11,1.53E-12,*,*,*,*,*,*
6.563,-5.12E-12,-1.22E-12,*,*,*,*,*,*
6.564,-1.14E-13,-2.70E-12,*,*,*,*,*,*
6.565,5.00E-12,-2.84E-12,*,*,*,*,*,*
6.566,-7.50E-12,2.61E-12,*,*,*,*,*,*
6.567,3.07E-12,-8.53E-14,*,*,*,*,*,*
6.568,4.43E-12,2.90E-12,*,*,*,*,*,*
6.569,-1.00E-11,2.50E-12,*,*,*,*,*,*
6.57,1.14E-12,1.14E-12,*,*,*,*,*,*
6.571,-9.44E-12,-4.06E-12,*,*,*,*,*,*
6.572,9.66E-12,3.87E-12,*,*,*,*,*,*
6.573,3.18E-12,1.73E-12,*,*,*,*,*,*
6.574,1.02E-11,-2.84E-12,*,*,*,*,*,*
6.575,-3.30E-12,-2.84E-14,*,*,*,*,*,*
6.576,-2.84E-12,-1.71E-12,*,*,*,*,*,*
6.577,-9.89E-12,-1.45E-12,*,*,*,*,*,*
6.578,5.91E-12,-1.99E-13,*,*,*,*,*,*
6.579,1.22E-11,2.44E-12,*,*,*,*,*,*
6.58,2.27E-13,-1.25E-12,*,*,*,*,*,*
6.581,-5.46E-12,5.97E-13,*,*,*,*,*,*
6.582,1.63E-11,-1.82E-12,*,*,*,*,*,*
6.583,3.41E-13,7.39E-13,*,*,*,*,*,*
6.584,1.02E-12,-2.27E-12,*,*,*,*,*,*
6.585,-9.09E-13,-1.59E-12,*,*,*,*,*,*
6.586,1.82E-12,-3.21E-12,*,*,*,*,*,*
6.587,7.05E-12,-7.39E-13,*,*,*,*,*,*
6.588,-3.98E-12,-6.54E-13,*,*,*,*,*,*
6.589,-5.68E-12,-1.42E-13,*,*,*,*,*,*
6.59,-2.96E-12,-2.27E-13,*,*,*,*,*,*
6.591,-6.59E-12,1.51E-12,*,*,*,*,*,*
6.592,1.21E-11,-4.55E-13,*,*,*,*,*,*
6.593,5.68E-13,4.26E-13,*,*,*,*,*,*
6.594,-4.66E-12,-2.87E-12,*,*,*,*,*,*
6.595,9.21E-12,-1.39E-12,*,*,*,*,*,*
6.596,-8.64E-12,-8.53E-14,*,*,*,*,*,*
6.597,-4.77E-12,-1.02E-12,*,*,*,*,*,*
6.598,6.48E-12,9.09E-13,*,*,*,*,*,*
6.599,2.84E-12,-3.44E-12,*,*,*,*,*,*
6.6,2.67E-12,-2.79E-12,*,*,*,*,*,*
6.601,1.82E-12,1.08E-12,*,*,*,*,*,*
6.602,3.64E-12,-1.22E-12,*,*,*,*,*,*
6.603,7.79E-12,1.56E-12,*,*,*,*,*,*
6.604,-8.07E-12,-1.28E-12,*,*,*,*,*,*
6.605,2.50E-12,5.40E-13,*,*,*,*,*,*
6.606,-6.37E-12,-1.39E-12,*,*,*,*,*,*
6.607,1.65E-12,1.51E-12,*,*,*,*,*,*
6.608,1.19E-11,1.71E-12,*,*,*,*,*,*
6.609,-2.67E-12,-7.96E-13,*,*,*,*,*,*
6.61,1.09E-11,5.97E-13,*,*,*,*,*,*
6.611,-2.61E-12,-4.04E-12,*,*,*,*,*,*
6.612,-1.34E-11,5.68E-13,*,*,*,*,*,*
6.613,5.91E-12,9.95E-13,*,*,*,*,*,*
6.614,-7.67E-12,-2.79E-12,*,*,*,*,*,*
6.615,7.50E-12,-1.73E-12,*,*,*,*,*,*
6.616,1.04E-11,-2.02E-12,*,*,*,*,*,*
6.617,8.58E-12,2.84E-14,*,*,*,*,*,*
6.618,6.25E-13,2.07E-12,*,*,*,*,*,*
6.619,-8.30E-12,1.62E-12,*,*,*,*,*,*
6.62,-8.07E-12,-4.83E-13,*,*,*,*,*,*
6.621,-5.51E-12,4.55E-13,*,*,*,*,*,*
6.622,1.37E-11,-1.88E-12,*,*,*,*,*,*
6.623,-1.27E-11,-2.56E-12,*,*,*,*,*,*
6.624,-6.14E-12,-2.84E-13,*,*,*,*,*,*
6.625,-6.42E-12,-3.58E-12,*,*,*,*,*,*
6.626,5.68E-13,1.36E-12,*,*,*,*,*,*
6.627,4.49E-12,-3.55E-12,*,*,*,*,*,*
6.628,-9.66E-13,-2.59E-12,*,*,*,*,*,*
6.629,-3.41E-12,-3.69E-13,*,*,*,*,*,*
6.63,-6.82E-13,1.05E-12,*,*,*,*,*,*
6.631,7.96E-13,4.35E-12,*,*,*,*,*,*
6.632,-7.39E-12,-9.66E-13,*,*,*,*,*,*
6.633,1.03E-11,3.98E-13,*,*,*,*,*,*
6.634,1.08E-12,-2.84E-13,*,*,*,*,*,*
6.635,-6.14E-12,-2.67E-12,*,*,*,*,*,*
6.636,7.28E-12,1.25E-12,*,*,*,*,*,*
6.637,5.85E-12,2.25E-12,*,*,*,*,*,*
6.638,-1.08E-12,1.65E-12,*,*,*,*,*,*
6.639,-1.34E-11,-5.12E-13,*,*,*,*,*,*
6.64,-7.90E-12,-3.98E-12,*,*,*,*,*,*
6.641,1.71E-13,-2.02E-12,*,*,*,*,*,*
6.642,6.42E-12,3.04E-12,*,*,*,*,*,*
6.643,-5.68E-12,-3.98E-13,*,*,*,*,*,*
6.644,1.58E-11,1.93E-12,*,*,*,*,*,*
6.645,-9.83E-12,-2.79E-12,*,*,*,*,*,*
6.646,1.14E-13,2.70E-12,*,*,*,*,*,*
6.647,6.82E-13,1.93E-12,*,*,*,*,*,*
6.648,3.52E-12,-1.85E-12,*,*,*,*,*,*
6.649,4.55E-12,-7.67E-13,*,*,*,*,*,*
6.65,2.67E-12,-5.40E-13,*,*,*,*,*,*
6.651,9.32E-12,-2.79E-12,*,*,*,*,*,*
6.652,-1.38E-11,1.85E-12,*,*,*,*,*,*
6.653,-1.71E-12,9.66E-13,*,*,*,*,*,*
6.654,-2.96E-12,-1.42E-12,*,*,*,*,*,*
6.655,2.44E-12,-5.31E-12,*,*,*,*,*,*
6.656,-4.26E-12,3.33E-12,*,*,*,*,*,*
6.657,4.60E-12,8.53E-14,*,*,*,*,*,*
6.658,-3.69E-12,3.78E-12,*,*,*,*,*,*
6.659,-1.11E-11,-8.81E-13,*,*,*,*,*,*
6.66,1.10E-11,-2.53E-12,*,*,*,*,*,*
6.661,5.80E-12,-7.11E-13,*,*,*,*,*,*
6.662,5.74E-12,1.14E-12,*,*,*,*,*,*
6.663,-8.19E-12,-1.22E-12,*,*,*,*,*,*
6.664,-1.22E-11,9.09E-13,*,*,*,*,*,*
6.665,1.08E-12,6.25E-13,*,*,*,*,*,*
6.666,-2.22E-12,-8.81E-13,*,*,*,*,*,*
6.667,-1.76E-12,-4.35E-12,*,*,*,*,*,*
6.668,1.09E-11,1.11E-12,*,*,*,*,*,*
6.669,1.65E-11,-8.53E-13,*,*,*,*,*,*
6.67,-3.30E-12,-1.51E-12,*,*,*,*,*,*
6.671,5.68E-13,-8.81E-13,*,*,*,*,*,*
6.672,-1.04E-11,-4.26E-13,*,*,*,*,*,*
6.673,-2.27E-12,3.41E-13,*,*,*,*,*,*
6.674,2.61E-12,-1.96E-12,*,*,*,*,*,*
6.675,2.39E-12,-1.11E-12,*,*,*,*,*,*
6.676,3.41E-12,3.78E-12,*,*,*,*,*,*
6.677,2.50E-12,3.55E-12,*,*,*,*,*,*
6.678,-8.53E-13,-1.08E-12,*,*,*,*,*,*
6.679,-3.87E-12,6.54E-13,*,*,*,*,*,*
6.68,7.05E-12,-2.30E-12,*,*,*,*,*,*
6.681,9.09E-13,2.27E-13,*,*,*,*,*,*
6.682,1.14E-13,1.76E-12,*,*,*,*,*,*
6.683,-1.14E-13,-1.53E-12,*,*,*,*,*,*
6.684,-4.43E-12,-2.50E-12,*,*,*,*,*,*
6.685,-1.82E-12,-2.76E-12,*,*,*,*,*,*
6.686,7.62E-12,1.99E-13,*,*,*,*,*,*
6.687,-3.30E-12,-2.36E-12,*,*,*,*,*,*
6.688,-1.05E-11,3.35E-12,*,*,*,*,*,*
6.689,-4.89E-12,9.95E-13,*,*,*,*,*,*
6.69,-6.71E-12,-2.27E-13,*,*,*,*,*,*
6.691,-1.71E-12,-5.68E-13,*,*,*,*,*,*
6.692,1.32E-11,1.82E-12,*,*,*,*,*,*
6.693,3.18E-12,-1.46E-12,*,*,*,*,*,*
6.694,3.30E-12,-8.53E-13,*,*,*,*,*,*
6.695,-8.53E-12,-4.26E-14,*,*,*,*,*,*
6.696,-8.98E-12,-6.68E-13,*,*,*,*,*,*
6.697,1.17E-11,1.45E-12,*,*,*,*,*,*
6.698,4.55E-13,3.35E-12,*,*,*,*,*,*
6.699,3.87E-12,1.55E-12,*,*,*,*,*,*
6.7,-1.71E-12,-1.71E-13,*,*,*,*,*,*
6.701,1.02E-11,3.74E-12,*,*,*,*,*,*
6.702,6.82E-13,-2.54E-12,*,*,*,*,*,*
6.703,-1.71E-12,-6.68E-13,*,*,*,*,*,*
6.704,-1.10E-11,-2.23E-12,*,*,*,*,*,*
6.705,1.48E-12,-2.07E-12,*,*,*,*,*,*
6.706,-1.59E-12,5.54E-13,*,*,*,*,*,*
6.707,-1.93E-12,-1.85E-13,*,*,*,*,*,*
6.708,7.96E-13,2.10E-12,*,*,*,*,*,*
6.709,-4.32E-12,-4.83E-13,*,*,*,*,*,*
6.71,-5.46E-12,-3.38E-12,*,*,*,*,*,*
6.711,6.93E-12,-8.24E-13,*,*,*,*,*,*
6.712,7.05E-12,6.11E-13,*,*,*,*,*,*
6.713,-1.46E-11,-3.71E-12,*,*,*,*,*,*
6.714,7.50E-12,3.58E-12,*,*,*,*,*,*
6.715,-1.71E-12,-2.93E-12,*,*,*,*,*,*
6.716,-1.67E-11,-1.49E-12,*,*,*,*,*,*
6.717,-1.93E-12,1.71E-12,*,*,*,*,*,*
6.718,3.52E-12,-1.82E-12,*,*,*,*,*,*
6.719,9.09E-12,-3.04E-12,*,*,*,*,*,*
6.72,5.46E-12,-1.19E-12,*,*,*,*,*,*
6.721,-6.37E-12,-3.11E-12,*,*,*,*,*,*
6.722,2.27E-12,1.18E-12,*,*,*,*,*,*
6.723,4.21E-12,-1.56E-13,*,*,*,*,*,*
6.724,2.39E-12,1.14E-13,*,*,*,*,*,*
6.725,-6.37E-12,-3.55E-12,*,*,*,*,*,*
6.726,-3.98E-12,-1.61E-12,*,*,*,*,*,*
6.727,-1.40E-11,1.09E-12,*,*,*,*,*,*
6.728,7.96E-13,1.44E-12,*,*,*,*,*,*
6.729,1.24E-11,7.25E-13,*,*,*,*,*,*
6.73,-1.14E-13,1.51E-12,*,*,*,*,*,*
6.731,-9.09E-13,8.53E-14,*,*,*,*,*,*
6.732,2.84E-12,5.12E-13,*,*,*,*,*,*
6.733,-4.55E-12,-3.35E-12,*,*,*,*,*,*
6.734,-6.93E-12,-2.03E-12,*,*,*,*,*,*
6.735,-1.40E-11,1.53E-12,*,*,*,*,*,*
6.736,2.96E-12,2.87E-12,*,*,*,*,*,*
6.737,-2.27E-12,2.27E-13,*,*,*,*,*,*
6.738,-5.12E-12,1.56E-13,*,*,*,*,*,*
6.739,-1.48E-12,1.62E-12,*,*,*,*,*,*
6.74,-1.71E-12,3.65E-12,*,*,*,*,*,*
6.741,1.36E-12,2.27E-12,*,*,*,*,*,*
6.742,-4.43E-12,-3.07E-12,*,*,*,*,*,*
6.743,-8.41E-12,1.68E-12,*,*,*,*,*,*
6.744,-9.09E-13,-2.42E-13,*,*,*,*,*,*
6.745,3.07E-12,4.28E-12,*,*,*,*,*,*
6.746,-1.92E-11,-1.93E-12,*,*,*,*,*,*
6.747,-1.48E-12,0,*,*,*,*,*,*
6.748,-6.82E-12,-3.38E-12,*,*,*,*,*,*
6.749,-6.82E-12,7.82E-13,*,*,*,*,*,*
6.75,-2.16E-12,-3.55E-13,*,*,*,*,*,*
6.751,-5.80E-12,-1.26E-12,*,*,*,*,*,*
6.752,7.05E-12,7.11E-14,*,*,*,*,*,*
6.753,-3.30E-12,5.68E-13,*,*,*,*,*,*
6.754,-9.21E-12,-6.25E-13,*,*,*,*,*,*
6.755,-1.02E-12,-3.11E-12,*,*,*,*,*,*
6.756,-6.48E-12,-1.71E-13,*,*,*,*,*,*
6.757,-7.96E-13,-2.37E-12,*,*,*,*,*,*
6.758,1.21E-11,1.36E-12,*,*,*,*,*,*
6.759,5.34E-12,7.11E-13,*,*,*,*,*,*
6.76,5.91E-12,-6.82E-13,*,*,*,*,*,*
6.761,-2.50E-12,3.52E-12,*,*,*,*,*,*
6.762,-1.82E-12,2.44E-12,*,*,*,*,*,*
6.763,-2.50E-12,-1.28E-12,*,*,*,*,*,*
6.764,-1.14E-13,-2.96E-12,*,*,*,*,*,*
6.765,3.07E-12,-1.73E-12,*,*,*,*,*,*
6.766,3.06E-11,-7.96E-13,*,*,*,*,*,*
6.767,-2.96E-12,-3.13E-13,*,*,*,*,*,*
6.768,1.48E-12,-1.14E-12,*,*,*,*,*,*
6.769,-4.77E-12,-4.32E-12,*,*,*,*,*,*
6.77,1.31E-11,5.97E-13,*,*,*,*,*,*
6.771,1.02E-11,-5.60E-12,*,*,*,*,*,*
6.772,-2.73E-12,1.14E-12,*,*,*,*,*,*
6.773,-6.59E-12,1.02E-12,*,*,*,*,*,*
6.774,-4.43E-12,-1.24E-12,*,*,*,*,*,*
6.775,2.18E-11,3.79E-12,*,*,*,*,*,*
6.776,-1.50E-11,2.73E-12,*,*,*,*,*,*
6.777,7.39E-12,-3.98E-13,*,*,*,*,*,*
6.778,2.96E-12,-7.53E-13,*,*,*,*,*,*
6.779,-9.55E-12,-7.25E-13,*,*,*,*,*,*
6.78,-6.82E-13,-7.39E-13,*,*,*,*,*,*
6.781,-1.48E-12,2.47E-12,*,*,*,*,*,*
6.782,-1.11E-11,2.91E-12,*,*,*,*,*,*
6.783,1.50E-11,2.05E-12,*,*,*,*,*,*
6.784,7.96E-13,-3.67E-12,*,*,*,*,*,*
6.785,1.34E-11,-5.54E-13,*,*,*,*,*,*
6.786,5.12E-12,1.38E-12,*,*,*,*,*,*
6.787,-5.68E-12,-6.14E-12,*,*,*,*,*,*
6.788,-5.00E-12,-3.67E-12,*,*,*,*,*,*
6.789,-7.39E-12,-2.73E-12,*,*,*,*,*,*
6.79,5.68E-13,5.97E-13,*,*,*,*,*,*
6.791,-4.21E-12,3.69E-12,*,*,*,*,*,*
6.792,-7.84E-12,6.82E-13,*,*,*,*,*,*
6.793,-3.30E-12,-1.99E-13,*,*,*,*,*,*
6.794,-7.16E-12,2.32E-12,*,*,*,*,*,*
6.795,1.82E-12,4.69E-13,*,*,*,*,*,*
6.796,1.14E-13,1.39E-12,*,*,*,*,*,*
6.797,9.55E-12,-1.39E-12,*,*,*,*,*,*
6.798,6.03E-12,-9.81E-13,*,*,*,*,*,*
6.799,-5.68E-13,-1.42E-14,*,*,*,*,*,*
6.8,-2.61E-12,1.34E-12,*,*,*,*,*,*
6.801,-2.27E-12,-3.69E-12,*,*,*,*,*,*
6.802,-4.43E-12,-4.63E-12,*,*,*,*,*,*
6.803,-1.13E-11,6.39E-13,*,*,*,*,*,*
6.804,-1.59E-12,-4.41E-13,*,*,*,*,*,*
6.805,1.88E-11,-2.05E-12,*,*,*,*,*,*
6.806,-1.36E-12,7.11E-14,*,*,*,*,*,*
6.807,5.34E-12,-5.06E-12,*,*,*,*,*,*
6.808,1.31E-11,-2.66E-12,*,*,*,*,*,*
6.809,5.00E-12,3.17E-12,*,*,*,*,*,*
6.81,2.05E-12,3.13E-13,*,*,*,*,*,*
6.811,-4.55E-12,7.25E-13,*,*,*,*,*,*
6.812,-3.64E-12,-5.94E-12,*,*,*,*,*,*
6.813,-1.42E-11,7.67E-13,*,*,*,*,*,*
6.814,9.78E-12,-1.14E-12,*,*,*,*,*,*
6.815,9.89E-12,-1.32E-12,*,*,*,*,*,*
6.816,-1.71E-12,-3.14E-12,*,*,*,*,*,*
6.817,-4.55E-12,8.24E-13,*,*,*,*,*,*
6.818,-7.05E-12,-9.09E-13,*,*,*,*,*,*
6.819,-7.96E-13,3.35E-12,*,*,*,*,*,*
6.82,-1.97E-11,2.84E-14,*,*,*,*,*,*
6.821,-6.25E-12,1.66E-12,*,*,*,*,*,*
6.822,-5.23E-12,2.70E-13,*,*,*,*,*,*
6.823,-3.30E-12,1.01E-12,*,*,*,*,*,*
6.824,6.48E-12,-1.25E-12,*,*,*,*,*,*
6.825,8.75E-12,-3.17E-12,*,*,*,*,*,*
6.826,-6.48E-12,1.21E-12,*,*,*,*,*,*
6.827,9.89E-12,-1.71E-13,*,*,*,*,*,*
6.828,1.05E-11,-5.68E-14,*,*,*,*,*,*
6.829,-1.10E-11,5.41E-12,*,*,*,*,*,*
6.83,6.25E-12,2.20E-12,*,*,*,*,*,*
6.831,5.46E-12,1.14E-13,*,*,*,*,*,*
6.832,-6.59E-12,3.04E-12,*,*,*,*,*,*
6.833,-1.36E-11,1.75E-12,*,*,*,*,*,*
6.834,2.39E-12,2.54E-12,*,*,*,*,*,*
6.835,3.41E-12,-8.67E-13,*,*,*,*,*,*
6.836,1.14E-13,-2.25E-12,*,*,*,*,*,*
6.837,-5.46E-12,-1.05E-12,*,*,*,*,*,*
6.838,3.18E-12,3.21E-12,*,*,*,*,*,*
6.839,-2.84E-12,3.67E-12,*,*,*,*,*,*
6.84,-4.77E-12,2.56E-12,*,*,*,*,*,*
6.841,-6.03E-12,2.77E-12,*,*,*,*,*,*
6.842,-8.30E-12,-4.43E-12,*,*,*,*,*,*
6.843,3.30E-12,1.55E-12,*,*,*,*,*,*
6.844,1.36E-12,-1.72E-12,*,*,*,*,*,*
6.845,4.55E-13,3.25E-12,*,*,*,*,*,*
6.846,9.78E-12,2.52E-12,*,*,*,*,*,*
6.847,-1.07E-11,-1.85E-12,*,*,*,*,*,*
6.848,4.43E-12,-5.36E-12,*,*,*,*,*,*
6.849,5.12E-12,-1.34E-12,*,*,*,*,*,*
6.85,-4.43E-12,-1.53E-12,*,*,*,*,*,*
6.851,-1.57E-11,1.96E-12,*,*,*,*,*,*
6.852,6.82E-13,1.18E-12,*,*,*,*,*,*
6.853,0,4.04E-12,*,*,*,*,*,*
6.854,-1.09E-11,1.42E-14,*,*,*,*,*,*
6.855,-7.96E-12,1.26E-12,*,*,*,*,*,*
6.856,9.21E-12,-1.92E-12,*,*,*,*,*,*
6.857,-1.73E-11,-2.70E-13,*,*,*,*,*,*
6.858,5.46E-12,7.11E-14,*,*,*,*,*,*
6.859,1.71E-12,-2.16E-12,*,*,*,*,*,*
6.86,9.55E-12,-1.62E-12,*,*,*,*,*,*
6.861,1.59E-12,-2.70E-13,*,*,*,*,*,*
6.862,4.43E-12,2.98E-13,*,*,*,*,*,*
6.863,6.03E-12,-1.95E-12,*,*,*,*,*,*
6.864,2.16E-12,-1.36E-12,*,*,*,*,*,*
6.865,1.02E-12,-1.32E-12,*,*,*,*,*,*
6.866,-7.39E-12,7.82E-13,*,*,*,*,*,*
6.867,1.28E-11,-2.26E-12,*,*,*,*,*,*
6.868,-5.23E-12,2.03E-12,*,*,*,*,*,*
6.869,1.47E-11,-2.13E-12,*,*,*,*,*,*
6.87,-2.19E-11,-4.18E-12,*,*,*,*,*,*
6.871,-3.07E-12,-3.35E-12,*,*,*,*,*,*
6.872,-1.18E-11,2.29E-12,*,*,*,*,*,*
6.873,9.09E-13,9.38E-13,*,*,*,*,*,*
6.874,-1.93E-12,-4.41E-13,*,*,*,*,*,*
6.875,2.50E-12,1.85E-12,*,*,*,*,*,*
6.876,1.14E-11,-2.43E-12,*,*,*,*,*,*
6.877,-7.05E-12,1.28E-12,*,*,*,*,*,*
6.878,1.93E-12,8.53E-13,*,*,*,*,*,*
6.879,-1.71E-12,1.58E-12,*,*,*,*,*,*
6.88,-1.25E-12,-2.84E-14,*,*,*,*,*,*
6.881,-9.89E-12,5.83E-13,*,*,*,*,*,*
6.882,2.50E-12,1.28E-13,*,*,*,*,*,*
6.883,5.68E-13,3.27E-13,*,*,*,*,*,*
6.884,-1.73E-11,4.59E-12,*,*,*,*,*,*
6.885,-1.41E-11,-2.71E-12,*,*,*,*,*,*
6.886,1.14E-12,-1.85E-13,*,*,*,*,*,*
6.887,4.21E-12,-2.37E-12,*,*,*,*,*,*
6.888,8.19E-12,1.63E-12,*,*,*,*,*,*
6.889,-5.68E-12,3.41E-13,*,*,*,*,*,*
6.89,1.82E-12,2.70E-13,*,*,*,*,*,*
6.891,2.27E-13,3.67E-12,*,*,*,*,*,*
6.892,1.25E-12,9.66E-13,*,*,*,*,*,*
6.893,-9.44E-12,7.11E-14,*,*,*,*,*,*
6.894,-5.57E-12,1.04E-12,*,*,*,*,*,*
6.895,2.96E-12,5.40E-13,*,*,*,*,*,*
6.896,4.43E-12,-1.66E-12,*,*,*,*,*,*
6.897,6.59E-12,3.27E-13,*,*,*,*,*,*
6.898,2.27E-13,-6.96E-13,*,*,*,*,*,*
6.899,3.41E-12,-4.59E-12,*,*,*,*,*,*
6.9,-1.59E-12,-1.68E-12,*,*,*,*,*,*
6.901,-7.84E-12,2.13E-12,*,*,*,*,*,*
6.902,3.41E-12,6.82E-13,*,*,*,*,*,*
6.903,-6.37E-12,-5.68E-13,*,*,*,*,*,*
6.904,-1.71E-12,1.86E-12,*,*,*,*,*,*
6.905,-7.84E-12,1.65E-12,*,*,*,*,*,*
6.906,9.66E-12,-2.09E-12,*,*,*,*,*,*
6.907,9.44E-12,-8.24E-13,*,*,*,*,*,*
6.908,-8.87E-12,3.74E-12,*,*,*,*,*,*
6.909,-2.39E-12,-9.66E-13,*,*,*,*,*,*
6.91,3.87E-12,1.29E-12,*,*,*,*,*,*
6.911,-3.64E-12,-6.18E-12,*,*,*,*,*,*
6.912,-5.34E-12,5.03E-12,*,*,*,*,*,*
6.913,-2.10E-11,-1.56E-12,*,*,*,*,*,*
6.914,1.71E-12,-2.49E-12,*,*,*,*,*,*
6.915,1.14E-12,-5.40E-13,*,*,*,*,*,*
6.916,-3.18E-12,-6.11E-13,*,*,*,*,*,*
6.917,1.11E-11,1.52E-12,*,*,*,*,*,*
6.918,1.17E-11,-7.53E-13,*,*,*,*,*,*
6.919,-2.96E-12,-2.91E-12,*,*,*,*,*,*
6.92,-1.41E-11,1.26E-12,*,*,*,*,*,*
6.921,-6.03E-12,-1.58E-12,*,*,*,*,*,*
6.922,3.07E-12,-2.16E-12,*,*,*,*,*,*
6.923,1.44E-11,2.00E-12,*,*,*,*,*,*
6.924,-8.07E-12,1.42E-13,*,*,*,*,*,*
6.925,2.31E-11,-5.68E-14,*,*,*,*,*,*
6.926,-1.93E-12,-3.01E-12,*,*,*,*,*,*
6.927,-1.05E-11,-2.71E-12,*,*,*,*,*,*
6.928,-7.96E-12,-8.53E-13,*,*,*,*,*,*
6.929,3.64E-12,2.27E-12,*,*,*,*,*,*
6.93,4.89E-12,-1.01E-12,*,*,*,*,*,*
6.931,-1.06E-11,-2.10E-12,*,*,*,*,*,*
6.932,-3.52E-12,-1.26E-12,*,*,*,*,*,*
6.933,2.27E-12,1.76E-12,*,*,*,*,*,*
6.934,3.41E-12,-2.84E-14,*,*,*,*,*,*
6.935,6.82E-12,2.44E-12,*,*,*,*,*,*
6.936,7.96E-12,1.42E-12,*,*,*,*,*,*
6.937,-2.61E-12,2.36E-12,*,*,*,*,*,*
6.938,1.02E-12,3.95E-12,*,*,*,*,*,*
6.939,6.59E-12,1.25E-12,*,*,*,*,*,*
6.94,1.18E-11,3.07E-12,*,*,*,*,*,*
6.941,6.48E-12,2.25E-12,*,*,*,*,*,*
6.942,2.56E-11,5.68E-14,*,*,*,*,*,*
6.943,1.43E-11,2.61E-12,*,*,*,*,*,*
6.944,-1.36E-12,-8.24E-13,*,*,*,*,*,*
6.945,-8.07E-12,1.90E-12,*,*,*,*,*,*
6.946,-7.39E-12,-1.14E-13,*,*,*,*,*,*
6.947,-5.68E-12,-6.25E-13,*,*,*,*,*,*
6.948,-5.23E-12,-9.38E-13,*,*,*,*,*,*
6.949,-1.14E-12,5.68E-13,*,*,*,*,*,*
6.95,5.80E-12,4.26E-13,*,*,*,*,*,*
6.951,1.59E-12,-8.53E-13,*,*,*,*,*,*
6.952,6.71E-12,1.65E-12,*,*,*,*,*,*
6.953,1.18E-11,2.59E-12,*,*,*,*,*,*
6.954,2.16E-12,1.73E-12,*,*,*,*,*,*
6.955,1.10E-11,-1.14E-13,*,*,*,*,*,*
6.956,1.14E-13,1.31E-12,*,*,*,*,*,*
6.957,6.71E-12,-1.45E-12,*,*,*,*,*,*
6.958,-1.02E-11,-2.59E-12,*,*,*,*,*,*
6.959,-9.89E-12,-1.39E-12,*,*,*,*,*,*
6.96,1.93E-12,2.84E-13,*,*,*,*,*,*
6.961,1.30E-11,5.97E-13,*,*,*,*,*,*
6.962,-2.61E-12,7.39E-13,*,*,*,*,*,*
6.963,1.16E-11,-1.42E-12,*,*,*,*,*,*
6.964,-8.87E-12,-3.41E-13,*,*,*,*,*,*
6.965,-5.34E-12,5.68E-13,*,*,*,*,*,*
6.966,-8.19E-12,-6.25E-13,*,*,*,*,*,*
6.967,8.87E-12,-5.68E-13,*,*,*,*,*,*
6.968,-7.73E-12,1.73E-12,*,*,*,*,*,*
6.969,4.32E-12,-2.53E-12,*,*,*,*,*,*
6.97,4.21E-12,-1.45E-12,*,*,*,*,*,*
6.971,-1.71E-12,2.87E-12,*,*,*,*,*,*
6.972,-3.52E-12,1.34E-12,*,*,*,*,*,*
6.973,-8.75E-12,-5.17E-12,*,*,*,*,*,*
6.974,1.40E-11,-8.53E-13,*,*,*,*,*,*
6.975,1.14E-11,-1.19E-12,*,*,*,*,*,*
6.976,2.10E-11,1.65E-12,*,*,*,*,*,*
6.977,-3.41E-12,-3.47E-12,*,*,*,*,*,*
6.978,8.87E-12,2.13E-12,*,*,*,*,*,*
6.979,8.53E-12,2.59E-12,*,*,*,*,*,*
6.98,-1.76E-11,-5.68E-14,*,*,*,*,*,*
6.981,-7.05E-12,-3.98E-12,*,*,*,*,*,*
6.982,-5.68E-13,3.89E-12,*,*,*,*,*,*
6.983,-1.13E-11,1.96E-12,*,*,*,*,*,*
6.984,4.55E-13,8.53E-13,*,*,*,*,*,*
6.985,8.98E-12,-2.56E-12,*,*,*,*,*,*
6.986,-4.77E-12,7.96E-13,*,*,*,*,*,*
6.987,-1.38E-11,-8.53E-14,*,*,*,*,*,*
6.988,-7.16E-12,-1.85E-12,*,*,*,*,*,*
6.989,1.16E-11,5.68E-14,*,*,*,*,*,*
6.99,1.25E-12,2.56E-13,*,*,*,*,*,*
6.991,-4.55E-13,2.59E-12,*,*,*,*,*,*
6.992,5.91E-12,3.30E-12,*,*,*,*,*,*
6.993,-3.41E-12,-1.62E-12,*,*,*,*,*,*
6.994,7.73E-12,3.69E-13,*,*,*,*,*,*
6.995,-2.96E-12,5.68E-13,*,*,*,*,*,*
6.996,1.65E-11,1.73E-12,*,*,*,*,*,*
6.997,6.37E-12,-1.31E-12,*,*,*,*,*,*
6.998,-5.68E-12,1.71E-13,*,*,*,*,*,*
6.999,1.36E-12,3.69E-12,*,*,*,*,*,*
7,-1.93E-12,-3.69E-13,*,*,*,*,*,*
7.001,7.73E-12,-2.64E-12,*,*,*,*,*,*
7.002,-8.75E-12,-1.22E-12,*,*,*,*,*,*
7.003,-1.40E-11,-1.34E-12,*,*,*,*,*,*
7.004,1.93E-12,2.73E-12,*,*,*,*,*,*
7.005,6.82E-12,-1.11E-12,*,*,*,*,*,*
7.006,1.93E-12,-1.68E-12,*,*,*,*,*,*
7.007,0,4.83E-12,*,*,*,*,*,*
7.008,-1.49E-11,-4.75E-12,*,*,*,*,*,*
7.009,-8.98E-12,4.55E-13,*,*,*,*,*,*
7.01,-2.96E-12,-3.41E-13,*,*,*,*,*,*
7.011,7.73E-12,-1.65E-12,*,*,*,*,*,*
7.012,-6.93E-12,-1.59E-12,*,*,*,*,*,*
7.013,-6.93E-12,8.81E-13,*,*,*,*,*,*
7.014,-8.87E-12,1.42E-12,*,*,*,*,*,*
7.015,-6.71E-12,-3.01E-12,*,*,*,*,*,*
7.016,1.42E-11,-1.99E-13,*,*,*,*,*,*
7.017,5.91E-12,-1.73E-12,*,*,*,*,*,*
7.018,-9.09E-13,9.66E-13,*,*,*,*,*,*
7.019,5.23E-12,1.02E-12,*,*,*,*,*,*
7.02,4.21E-12,3.15E-12,*,*,*,*,*,*
7.021,-1.93E-12,4.26E-13,*,*,*,*,*,*
7.022,-1.19E-11,3.69E-13,*,*,*,*,*,*
7.023,5.12E-12,0,*,*,*,*,*,*
7.024,-1.15E-11,1.14E-13,*,*,*,*,*,*
7.025,-6.82E-13,5.68E-12,*,*,*,*,*,*
7.026,7.73E-12,5.40E-13,*,*,*,*,*,*
7.027,-9.44E-12,-2.76E-12,*,*,*,*,*,*
7.028,-1.14E-13,-3.58E-12,*,*,*,*,*,*
7.029,1.27E-11,-2.81E-12,*,*,*,*,*,*
7.03,2.73E-12,8.53E-13,*,*,*,*,*,*
7.031,3.64E-12,8.53E-14,*,*,*,*,*,*
7.032,2.05E-12,2.81E-12,*,*,*,*,*,*
7.033,1.33E-11,5.40E-13,*,*,*,*,*,*
7.034,8.19E-12,-1.08E-12,*,*,*,*,*,*
7.035,-1.14E-13,-4.83E-13,*,*,*,*,*,*
7.036,2.15E-11,3.98E-13,*,*,*,*,*,*
7.037,-6.93E-12,-1.56E-12,*,*,*,*,*,*
7.038,-6.82E-13,-3.21E-12,*,*,*,*,*,*
7.039,4.89E-12,-4.15E-12,*,*,*,*,*,*
7.04,3.87E-12,8.24E-13,*,*,*,*,*,*
7.041,-4.55E-13,-3.81E-12,*,*,*,*,*,*
7.042,1.44E-11,-2.56E-12,*,*,*,*,*,*
7.043,4.43E-12,9.95E-13,*,*,*,*,*,*
7.044,9.55E-12,1.45E-12,*,*,*,*,*,*
7.045,6.37E-12,-1.02E-12,*,*,*,*,*,*
7.046,9.44E-12,-7.39E-13,*,*,*,*,*,*
7.047,2.84E-12,4.38E-12,*,*,*,*,*,*
7.048,9.09E-13,-2.05E-12,*,*,*,*,*,*
7.049,2.96E-12,1.25E-12,*,*,*,*,*,*
7.05,8.87E-12,-1.08E-12,*,*,*,*,*,*
7.051,1.64E-11,1.53E-12,*,*,*,*,*,*
7.052,-9.32E-12,-9.09E-13,*,*,*,*,*,*
7.053,8.19E-12,1.31E-12,*,*,*,*,*,*
7.054,9.78E-12,-1.22E-12,*,*,*,*,*,*
7.055,-9.89E-12,5.12E-13,*,*,*,*,*,*
7.056,-1.25E-12,1.90E-12,*,*,*,*,*,*
7.057,-3.75E-12,-8.24E-13,*,*,*,*,*,*
7.058,1.59E-12,-3.24E-12,*,*,*,*,*,*
7.059,-2.73E-12,1.08E-12,*,*,*,*,*,*
7.06,7.84E-12,-9.95E-13,*,*,*,*,*,*
7.061,1.25E-12,-5.12E-13,*,*,*,*,*,*
7.062,1.24E-11,-1.71E-13,*,*,*,*,*,*
7.063,8.19E-12,3.04E-12,*,*,*,*,*,*
7.064,1.32E-11,1.36E-12,*,*,*,*,*,*
7.065,3.75E-12,1.11E-12,*,*,*,*,*,*
7.066,1.67E-11,-1.99E-13,*,*,*,*,*,*
7.067,2.27E-11,2.67E-12,*,*,*,*,*,*
7.068,6.03E-12,2.25E-12,*,*,*,*,*,*
7.069,1.48E-11,-1.82E-12,*,*,*,*,*,*
7.07,6.37E-12,3.69E-13,*,*,*,*,*,*
7.071,-1.18E-11,-4.75E-12,*,*,*,*,*,*
7.072,-8.41E-12,-9.38E-13,*,*,*,*,*,*
7.073,8.07E-12,-1.14E-12,*,*,*,*,*,*
7.074,1.15E-11,1.36E-12,*,*,*,*,*,*
7.075,4.66E-12,-4.60E-12,*,*,*,*,*,*
7.076,-7.96E-13,2.98E-12,*,*,*,*,*,*
7.077,-4.21E-12,-2.59E-12,*,*,*,*,*,*
7.078,5.91E-12,2.02E-12,*,*,*,*,*,*
7.079,1.00E-11,1.11E-12,*,*,*,*,*,*
7.08,1.02E-12,8.53E-14,*,*,*,*,*,*
7.081,-7.62E-12,-4.55E-13,*,*,*,*,*,*
7.082,-9.09E-13,-1.28E-12,*,*,*,*,*,*
7.083,-5.91E-12,1.56E-12,*,*,*,*,*,*
7.084,-3.75E-12,-4.12E-13,*,*,*,*,*,*
7.085,-4.55E-13,1.88E-12,*,*,*,*,*,*
7.086,1.82E-12,-1.01E-12,*,*,*,*,*,*
7.087,1.30E-11,-1.56E-13,*,*,*,*,*,*
7.088,4.21E-12,5.83E-13,*,*,*,*,*,*
7.089,8.98E-12,4.31E-12,*,*,*,*,*,*
7.09,-1.18E-11,1.95E-12,*,*,*,*,*,*
7.091,6.59E-12,-1.71E-12,*,*,*,*,*,*
7.092,7.96E-12,5.54E-13,*,*,*,*,*,*
7.093,7.50E-12,1.96E-12,*,*,*,*,*,*
7.094,-1.40E-11,-1.48E-12,*,*,*,*,*,*
7.095,5.12E-12,-9.95E-13,*,*,*,*,*,*
7.096,-7.73E-12,-2.84E-14,*,*,*,*,*,*
7.097,-5.68E-13,-3.75E-12,*,*,*,*,*,*
7.098,-4.77E-12,9.24E-13,*,*,*,*,*,*
7.099,1.09E-11,-1.24E-12,*,*,*,*,*,*
7.1,3.41E-12,-4.18E-12,*,*,*,*,*,*
7.101,3.75E-12,1.55E-12,*,*,*,*,*,*
7.102,8.87E-12,2.84E-14,*,*,*,*,*,*
7.103,-5.00E-12,-3.35E-12,*,*,*,*,*,*
7.104,3.87E-12,-1.68E-12,*,*,*,*,*,*
7.105,-4.89E-12,1.38E-12,*,*,*,*,*,*
7.106,-1.19E-11,-3.82E-12,*,*,*,*,*,*
7.107,-6.82E-12,-3.88E-12,*,*,*,*,*,*
7.108,-7.39E-12,-2.02E-12,*,*,*,*,*,*
7.109,-8.53E-12,7.82E-13,*,*,*,*,*,*
7.11,3.30E-12,-6.11E-13,*,*,*,*,*,*
7.111,1.06E-11,-1.42E-14,*,*,*,*,*,*
7.112,-2.60E-11,-2.64E-12,*,*,*,*,*,*
7.113,1.27E-11,-2.74E-12,*,*,*,*,*,*
7.114,1.80E-11,7.39E-13,*,*,*,*,*,*
7.115,-2.03E-11,-1.92E-12,*,*,*,*,*,*
7.116,1.19E-11,3.94E-12,*,*,*,*,*,*
7.117,9.09E-12,1.59E-12,*,*,*,*,*,*
7.118,3.87E-12,-1.08E-12,*,*,*,*,*,*
7.119,-1.99E-11,-5.54E-13,*,*,*,*,*,*
7.12,4.89E-12,-2.52E-12,*,*,*,*,*,*
7.121,1.48E-12,3.84E-12,*,*,*,*,*,*
7.122,1.19E-11,-1.39E-12,*,*,*,*,*,*
7.123,-2.27E-13,1.99E-13,*,*,*,*,*,*
7.124,-1.86E-11,-1.61E-12,*,*,*,*,*,*
7.125,1.41E-11,-4.26E-13,*,*,*,*,*,*
7.126,-1.36E-11,2.98E-13,*,*,*,*,*,*
7.127,-1.22E-11,5.97E-13,*,*,*,*,*,*
7.128,2.16E-12,3.47E-12,*,*,*,*,*,*
7.129,5.57E-12,-1.34E-12,*,*,*,*,*,*
7.13,1.43E-11,1.28E-13,*,*,*,*,*,*
7.131,7.28E-12,1.45E-12,*,*,*,*,*,*
7.132,-4.66E-12,-8.10E-13,*,*,*,*,*,*
7.133,-4.43E-12,5.26E-13,*,*,*,*,*,*
7.134,4.55E-13,-1.34E-12,*,*,*,*,*,*
7.135,-7.28E-12,-2.39E-12,*,*,*,*,*,*
7.136,-5.80E-12,2.03E-12,*,*,*,*,*,*
7.137,1.25E-12,-8.67E-13,*,*,*,*,*,*
7.138,1.10E-11,-2.16E-12,*,*,*,*,*,*
7.139,1.66E-11,-1.29E-12,*,*,*,*,*,*
7.14,-7.96E-13,8.81E-13,*,*,*,*,*,*
7.141,6.48E-12,-6.25E-13,*,*,*,*,*,*
7.142,6.59E-12,-3.17E-12,*,*,*,*,*,*
7.143,-1.33E-11,-4.83E-13,*,*,*,*,*,*
7.144,1.02E-12,-5.83E-13,*,*,*,*,*,*
7.145,8.19E-12,4.86E-12,*,*,*,*,*,*
7.146,9.44E-12,1.63E-12,*,*,*,*,*,*
7.147,1.57E-11,3.37E-12,*,*,*,*,*,*
7.148,4.55E-13,1.46E-12,*,*,*,*,*,*
7.149,-1.30E-11,1.44E-12,*,*,*,*,*,*
7.15,-9.44E-12,-7.35E-12,*,*,*,*,*,*
7.151,-3.64E-12,-4.14E-12,*,*,*,*,*,*
7.152,-1.43E-11,-5.61E-12,*,*,*,*,*,*
7.153,-2.96E-12,7.82E-13,*,*,*,*,*,*
7.154,-5.46E-12,5.97E-13,*,*,*,*,*,*
7.155,3.52E-12,7.39E-13,*,*,*,*,*,*
7.156,1.17E-11,-2.17E-12,*,*,*,*,*,*
7.157,-6.82E-12,-1.75E-12,*,*,*,*,*,*
7.158,-1.47E-11,-1.58E-12,*,*,*,*,*,*
7.159,6.03E-12,1.65E-12,*,*,*,*,*,*
7.16,-1.30E-11,1.42E-12,*,*,*,*,*,*
7.161,3.52E-12,2.10E-12,*,*,*,*,*,*
7.162,-2.96E-12,-1.93E-12,*,*,*,*,*,*
7.163,-7.96E-12,-2.06E-12,*,*,*,*,*,*
7.164,2.73E-12,-3.21E-12,*,*,*,*,*,*
7.165,7.62E-12,1.21E-12,*,*,*,*,*,*
7.166,7.73E-12,6.25E-13,*,*,*,*,*,*
7.167,-9.66E-12,5.40E-13,*,*,*,*,*,*
7.168,2.27E-12,-2.37E-12,*,*,*,*,*,*
7.169,3.64E-12,-3.52E-12,*,*,*,*,*,*
7.17,-2.50E-12,6.37E-12,*,*,*,*,*,*
7.171,-1.59E-12,-1.73E-12,*,*,*,*,*,*
7.172,-1.44E-11,-1.71E-12,*,*,*,*,*,*
7.173,-9.66E-12,-1.99E-12,*,*,*,*,*,*
7.174,6.71E-12,-4.26E-13,*,*,*,*,*,*
7.175,1.97E-11,1.18E-12,*,*,*,*,*,*
7.176,5.12E-12,-2.66E-12,*,*,*,*,*,*
7.177,-9.44E-12,-7.11E-14,*,*,*,*,*,*
7.178,2.13E-11,3.03E-12,*,*,*,*,*,*
7.179,-3.64E-12,-1.42E-14,*,*,*,*,*,*
7.18,1.59E-11,2.54E-12,*,*,*,*,*,*
7.181,1.59E-12,7.39E-13,*,*,*,*,*,*
7.182,2.39E-12,2.66E-12,*,*,*,*,*,*
7.183,1.14E-13,-6.25E-13,*,*,*,*,*,*
7.184,-2.27E-12,-1.11E-12,*,*,*,*,*,*
7.185,8.64E-12,-4.55E-12,*,*,*,*,*,*
7.186,4.09E-12,-6.32E-12,*,*,*,*,*,*
7.187,-6.37E-12,1.53E-12,*,*,*,*,*,*
7.188,-5.91E-12,-3.92E-12,*,*,*,*,*,*
7.189,-9.55E-12,1.18E-12,*,*,*,*,*,*
7.19,3.41E-13,5.07E-12,*,*,*,*,*,*
7.191,1.81E-11,4.75E-12,*,*,*,*,*,*
7.192,-2.41E-11,5.97E-13,*,*,*,*,*,*
7.193,-9.09E-13,-3.55E-13,*,*,*,*,*,*
7.194,-1.77E-11,-1.69E-12,*,*,*,*,*,*
7.195,-5.46E-12,4.11E-12,*,*,*,*,*,*
7.196,-3.52E-12,-3.69E-13,*,*,*,*,*,*
7.197,-3.52E-12,-1.69E-12,*,*,*,*,*,*
7.198,-7.96E-13,-1.02E-12,*,*,*,*,*,*
7.199,3.18E-12,-4.48E-12,*,*,*,*,*,*
7.2,1.02E-11,1.63E-12,*,*,*,*,*,*
7.201,3.07E-12,4.32E-12,*,*,*,*,*,*
7.202,3.41E-12,2.16E-12,*,*,*,*,*,*
7.203,2.96E-12,3.07E-12,*,*,*,*,*,*
7.204,1.24E-11,-1.42E-14,*,*,*,*,*,*
7.205,1.40E-11,2.56E-13,*,*,*,*,*,*
7.206,7.96E-13,-1.51E-12,*,*,*,*,*,*
7.207,-1.19E-11,-6.35E-12,*,*,*,*,*,*
7.208,-6.59E-12,1.02E-12,*,*,*,*,*,*
7.209,3.64E-12,6.39E-13,*,*,*,*,*,*
7.21,-8.07E-12,-2.59E-12,*,*,*,*,*,*
7.211,1.17E-11,6.05E-12,*,*,*,*,*,*
7.212,-2.96E-12,-2.76E-12,*,*,*,*,*,*
7.213,-3.30E-12,6.82E-13,*,*,*,*,*,*
7.214,-7.16E-12,-1.98E-12,*,*,*,*,*,*
7.215,4.55E-13,1.98E-12,*,*,*,*,*,*
7.216,9.09E-12,3.11E-12,*,*,*,*,*,*
7.217,6.48E-12,-5.40E-13,*,*,*,*,*,*
7.218,-3.75E-12,1.09E-12,*,*,*,*,*,*
7.219,-4.21E-12,9.81E-13,*,*,*,*,*,*
7.22,1.35E-11,4.41E-13,*,*,*,*,*,*
7.221,-4.77E-12,1.07E-12,*,*,*,*,*,*
7.222,4.55E-13,-3.27E-13,*,*,*,*,*,*
7.223,8.64E-12,1.09E-12,*,*,*,*,*,*
7.224,-6.93E-12,1.04E-12,*,*,*,*,*,*
7.225,-2.27E-12,2.13E-12,*,*,*,*,*,*
7.226,4.32E-12,1.11E-12,*,*,*,*,*,*
7.227,9.78E-12,-2.03E-12,*,*,*,*,*,*
7.228,-3.98E-12,6.39E-13,*,*,*,*,*,*
7.229,1.14E-12,-1.69E-12,*,*,*,*,*,*
7.23,7.96E-12,-2.02E-12,*,*,*,*,*,*
7.231,-2.03E-11,-7.39E-13,*,*,*,*,*,*
7.232,3.18E-12,-2.37E-12,*,*,*,*,*,*
7.233,-7.84E-12,4.08E-12,*,*,*,*,*,*
7.234,9.78E-12,4.89E-12,*,*,*,*,*,*
7.235,4.89E-12,-5.97E-13,*,*,*,*,*,*
7.236,6.82E-12,2.43E-12,*,*,*,*,*,*
7.237,-2.10E-11,-1.85E-12,*,*,*,*,*,*
7.238,-1.59E-12,1.76E-12,*,*,*,*,*,*
7.239,5.68E-12,-4.15E-12,*,*,*,*,*,*
7.24,-2.61E-12,-5.88E-12,*,*,*,*,*,*
7.241,8.41E-12,4.12E-13,*,*,*,*,*,*
7.242,2.27E-13,-3.28E-12,*,*,*,*,*,*
7.243,-9.21E-12,2.16E-12,*,*,*,*,*,*
7.244,-1.14E-12,3.38E-12,*,*,*,*,*,*
7.245,-3.87E-12,-3.37E-12,*,*,*,*,*,*
7.246,-7.05E-12,1.02E-12,*,*,*,*,*,*
7.247,7.84E-12,4.42E-12,*,*,*,*,*,*
7.248,1.02E-12,-3.35E-12,*,*,*,*,*,*
7.249,1.42E-11,-1.86E-12,*,*,*,*,*,*
7.25,1.71E-12,4.26E-13,*,*,*,*,*,*
7.251,4.43E-12,-4.83E-13,*,*,*,*,*,*
7.252,-8.87E-12,2.29E-12,*,*,*,*,*,*
7.253,-1.93E-12,1.18E-12,*,*,*,*,*,*
7.254,2.16E-12,1.35E-12,*,*,*,*,*,*
7.255,-5.91E-12,3.14E-12,*,*,*,*,*,*
7.256,-2.73E-12,-1.61E-12,*,*,*,*,*,*
7.257,-1.14E-12,2.70E-13,*,*,*,*,*,*
7.258,2.71E-11,-1.78E-12,*,*,*,*,*,*
7.259,1.71E-12,6.11E-13,*,*,*,*,*,*
7.26,-1.01E-11,7.96E-13,*,*,*,*,*,*
7.261,1.46E-11,-1.05E-12,*,*,*,*,*,*
7.262,-5.68E-12,-1.59E-12,*,*,*,*,*,*
7.263,-6.25E-12,-5.54E-13,*,*,*,*,*,*
7.264,5.68E-13,-1.19E-12,*,*,*,*,*,*
7.265,1.99E-11,1.99E-13,*,*,*,*,*,*
7.266,-2.50E-12,5.07E-12,*,*,*,*,*,*
7.267,-5.80E-12,-1.58E-12,*,*,*,*,*,*
7.268,-9.55E-12,1.42E-13,*,*,*,*,*,*
7.269,5.12E-12,3.25E-12,*,*,*,*,*,*
7.27,-3.52E-12,-1.12E-12,*,*,*,*,*,*
7.271,-1.28E-11,7.39E-13,*,*,*,*,*,*
7.272,6.37E-12,-3.07E-12,*,*,*,*,*,*
7.273,1.48E-12,-4.41E-12,*,*,*,*,*,*
7.274,-3.07E-12,4.41E-13,*,*,*,*,*,*
7.275,1.86E-11,-2.36E-12,*,*,*,*,*,*
7.276,1.48E-11,-7.96E-13,*,*,*,*,*,*
7.277,-1.25E-12,-2.66E-12,*,*,*,*,*,*
7.278,-1.00E-11,1.44E-12,*,*,*,*,*,*
7.279,6.37E-12,-3.13E-13,*,*,*,*,*,*
7.28,1.53E-11,2.42E-13,*,*,*,*,*,*
7.281,-2.96E-12,6.25E-13,*,*,*,*,*,*
7.282,1.02E-12,-1.04E-12,*,*,*,*,*,*
7.283,7.39E-12,-2.23E-12,*,*,*,*,*,*
7.284,4.89E-12,3.10E-12,*,*,*,*,*,*
7.285,1.71E-12,-3.69E-13,*,*,*,*,*,*
7.286,1.02E-11,1.45E-12,*,*,*,*,*,*
7.287,-1.03E-11,-3.40E-12,*,*,*,*,*,*
7.288,1.88E-11,-3.21E-12,*,*,*,*,*,*
7.289,-2.16E-12,-2.84E-14,*,*,*,*,*,*
7.29,1.82E-12,-1.02E-12,*,*,*,*,*,*
7.291,-2.73E-12,-1.12E-12,*,*,*,*,*,*
7.292,1.61E-11,-1.79E-12,*,*,*,*,*,*
7.293,1.73E-11,-1.42E-13,*,*,*,*,*,*
7.294,1.22E-11,-1.05E-12,*,*,*,*,*,*
7.295,-1.19E-11,3.08E-12,*,*,*,*,*,*
7.296,-1.02E-12,2.00E-12,*,*,*,*,*,*
7.297,1.49E-11,3.84E-12,*,*,*,*,*,*
7.298,-4.09E-12,-7.11E-13,*,*,*,*,*,*
7.299,-5.57E-12,5.97E-13,*,*,*,*,*,*
7.3,-8.53E-12,1.55E-12,*,*,*,*,*,*
7.301,9.66E-12,-7.82E-13,*,*,*,*,*,*
7.302,-5.46E-12,1.62E-12,*,*,*,*,*,*
7.303,8.98E-12,-2.19E-12,*,*,*,*,*,*
7.304,6.93E-12,1.26E-12,*,*,*,*,*,*
7.305,4.77E-12,-2.43E-12,*,*,*,*,*,*
7.306,-8.75E-12,-3.14E-12,*,*,*,*,*,*
7.307,-5.80E-12,-5.40E-12,*,*,*,*,*,*
7.308,-1.25E-11,1.99E-13,*,*,*,*,*,*
7.309,8.19E-12,2.98E-13,*,*,*,*,*,*
7.31,-8.64E-12,3.42E-12,*,*,*,*,*,*
7.311,-2.27E-12,1.02E-12,*,*,*,*,*,*
7.312,6.93E-12,-5.54E-13,*,*,*,*,*,*
7.313,-2.61E-12,2.42E-13,*,*,*,*,*,*
7.314,1.59E-12,-4.26E-14,*,*,*,*,*,*
7.315,3.75E-12,-1.56E-13,*,*,*,*,*,*
7.316,7.16E-12,5.68E-14,*,*,*,*,*,*
7.317,4.09E-12,-1.92E-12,*,*,*,*,*,*
7.318,-1.13E-11,-1.39E-12,*,*,*,*,*,*
7.319,-1.18E-11,-4.58E-12,*,*,*,*,*,*
7.32,9.44E-12,2.29E-12,*,*,*,*,*,*
7.321,1.82E-12,1.85E-13,*,*,*,*,*,*
7.322,-1.00E-11,-2.27E-12,*,*,*,*,*,*
7.323,6.37E-12,-1.45E-12,*,*,*,*,*,*
7.324,7.62E-12,1.42E-12,*,*,*,*,*,*
7.325,1.59E-12,1.17E-12,*,*,*,*,*,*
7.326,9.66E-12,-3.58E-12,*,*,*,*,*,*
7.327,-4.55E-12,-1.88E-12,*,*,*,*,*,*
7.328,5.91E-12,2.16E-12,*,*,*,*,*,*
7.329,-6.93E-12,-7.96E-13,*,*,*,*,*,*
7.33,1.01E-11,-2.27E-13,*,*,*,*,*,*
7.331,7.50E-12,1.45E-12,*,*,*,*,*,*
7.332,1.15E-11,-1.14E-13,*,*,*,*,*,*
7.333,3.41E-13,1.22E-12,*,*,*,*,*,*
7.334,5.68E-13,-2.56E-13,*,*,*,*,*,*
7.335,5.23E-12,-1.19E-12,*,*,*,*,*,*
7.336,6.48E-12,-3.10E-12,*,*,*,*,*,*
7.337,1.36E-12,-2.64E-12,*,*,*,*,*,*
7.338,8.75E-12,-1.34E-12,*,*,*,*,*,*
7.339,-2.39E-12,3.58E-12,*,*,*,*,*,*
7.34,9.78E-12,-1.11E-12,*,*,*,*,*,*
7.341,-5.68E-13,-7.11E-13,*,*,*,*,*,*
7.342,-5.12E-12,3.67E-12,*,*,*,*,*,*
7.343,1.48E-12,1.14E-12,*,*,*,*,*,*
7.344,-3.64E-12,-2.39E-12,*,*,*,*,*,*
7.345,2.84E-12,-8.53E-14,*,*,*,*,*,*
7.346,8.64E-12,3.98E-13,*,*,*,*,*,*
7.347,2.84E-12,1.02E-12,*,*,*,*,*,*
7.348,8.19E-12,-1.79E-12,*,*,*,*,*,*
7.349,1.59E-12,1.59E-12,*,*,*,*,*,*
7.35,-2.05E-12,6.25E-13,*,*,*,*,*,*
7.351,-1.32E-11,1.76E-12,*,*,*,*,*,*
7.352,7.62E-12,2.27E-12,*,*,*,*,*,*
7.353,-1.28E-11,-6.25E-13,*,*,*,*,*,*
7.354,9.55E-12,3.52E-12,*,*,*,*,*,*
7.355,-1.71E-11,-9.09E-13,*,*,*,*,*,*
7.356,-1.71E-12,6.25E-13,*,*,*,*,*,*
7.357,1.01E-11,7.39E-13,*,*,*,*,*,*
7.358,-3.07E-12,3.72E-12,*,*,*,*,*,*
7.359,-9.32E-12,1.19E-12,*,*,*,*,*,*
7.36,-3.98E-12,-2.98E-12,*,*,*,*,*,*
7.361,-6.71E-12,-4.89E-12,*,*,*,*,*,*
7.362,1.07E-11,-1.68E-12,*,*,*,*,*,*
7.363,-8.19E-12,-4.26E-13,*,*,*,*,*,*
7.364,7.96E-13,2.64E-12,*,*,*,*,*,*
7.365,2.96E-12,3.33E-12,*,*,*,*,*,*
7.366,-8.19E-12,-2.84E-14,*,*,*,*,*,*
7.367,2.27E-13,-1.51E-12,*,*,*,*,*,*
7.368,-1.36E-12,-1.62E-12,*,*,*,*,*,*
7.369,1.11E-11,2.05E-12,*,*,*,*,*,*
7.37,1.28E-11,8.81E-13,*,*,*,*,*,*
7.371,-6.48E-12,3.92E-12,*,*,*,*,*,*
7.372,-1.06E-11,-1.11E-12,*,*,*,*,*,*
7.373,8.07E-12,-1.42E-12,*,*,*,*,*,*
7.374,1.25E-11,1.42E-12,*,*,*,*,*,*
7.375,-2.61E-12,-6.54E-13,*,*,*,*,*,*
7.376,5.34E-12,1.62E-12,*,*,*,*,*,*
7.377,9.09E-13,1.25E-12,*,*,*,*,*,*
7.378,-1.09E-11,-7.11E-13,*,*,*,*,*,*
7.379,-2.96E-12,-2.05E-12,*,*,*,*,*,*
7.38,5.23E-12,1.39E-12,*,*,*,*,*,*
7.381,-7.96E-13,-5.68E-13,*,*,*,*,*,*
7.382,-2.16E-12,1.68E-12,*,*,*,*,*,*
7.383,9.66E-12,-1.56E-12,*,*,*,*,*,*
7.384,-7.39E-12,2.56E-13,*,*,*,*,*,*
7.385,-3.07E-12,2.61E-12,*,*,*,*,*,*
7.386,-2.16E-12,-1.96E-12,*,*,*,*,*,*
7.387,4.09E-12,1.73E-12,*,*,*,*,*,*
7.388,-1.59E-12,-1.08E-12,*,*,*,*,*,*
7.389,1.39E-11,-1.05E-12,*,*,*,*,*,*
7.39,-1.93E-12,1.51E-12,*,*,*,*,*,*
7.391,-8.07E-12,2.44E-12,*,*,*,*,*,*
7.392,3.52E-12,-6.82E-13,*,*,*,*,*,*
7.393,-2.96E-12,-2.30E-12,*,*,*,*,*,*
7.394,1.14E-13,4.55E-12,*,*,*,*,*,*
7.395,-4.09E-12,-2.79E-12,*,*,*,*,*,*
7.396,-4.55E-13,-9.09E-13,*,*,*,*,*,*
7.397,-4.09E-12,-5.06E-12,*,*,*,*,*,*
7.398,4.32E-12,4.52E-12,*,*,*,*,*,*
7.399,2.00E-11,-2.16E-12,*,*,*,*,*,*
7.4,-1.18E-11,-2.33E-12,*,*,*,*,*,*
7.401,1.16E-11,-1.53E-12,*,*,*,*,*,*
7.402,-8.41E-12,-1.08E-12,*,*,*,*,*,*
7.403,3.52E-12,-8.24E-13,*,*,*,*,*,*
7.404,-6.82E-13,1.31E-12,*,*,*,*,*,*
7.405,7.96E-12,1.59E-12,*,*,*,*,*,*
7.406,1.09E-11,-7.11E-13,*,*,*,*,*,*
7.407,3.18E-12,1.05E-12,*,*,*,*,*,*
7.408,4.55E-12,2.56E-13,*,*,*,*,*,*
7.409,1.82E-12,-1.71E-13,*,*,*,*,*,*
7.41,7.84E-12,-2.47E-12,*,*,*,*,*,*
7.411,1.30E-11,5.68E-13,*,*,*,*,*,*
7.412,-1.28E-11,1.45E-12,*,*,*,*,*,*
7.413,1.13E-11,5.20E-12,*,*,*,*,*,*
7.414,1.14E-13,-4.26E-13,*,*,*,*,*,*
7.415,1.15E-11,2.84E-14,*,*,*,*,*,*
7.416,5.12E-12,-1.59E-12,*,*,*,*,*,*
7.417,-1.13E-11,5.97E-13,*,*,*,*,*,*
7.418,-6.93E-12,-1.25E-12,*,*,*,*,*,*
7.419,-6.71E-12,-7.67E-13,*,*,*,*,*,*
7.42,-6.03E-12,2.76E-12,*,*,*,*,*,*
7.421,1.02E-12,-2.93E-12,*,*,*,*,*,*
7.422,-1.93E-12,-6.25E-13,*,*,*,*,*,*
7.423,1.02E-11,-8.53E-14,*,*,*,*,*,*
7.424,-5.46E-12,-7.67E-13,*,*,*,*,*,*
7.425,-1.00E-11,-4.55E-13,*,*,*,*,*,*
7.426,-1.02E-12,9.09E-13,*,*,*,*,*,*
7.427,9.21E-12,-2.84E-13,*,*,*,*,*,*
7.428,2.50E-12,1.90E-12,*,*,*,*,*,*
7.429,-6.03E-12,-3.69E-12,*,*,*,*,*,*
7.43,-3.64E-12,-1.99E-13,*,*,*,*,*,*
7.431,1.82E-12,1.73E-12,*,*,*,*,*,*
7.432,5.80E-12,6.54E-13,*,*,*,*,*,*
7.433,9.89E-12,-2.07E-12,*,*,*,*,*,*
7.434,-1.00E-11,1.42E-12,*,*,*,*,*,*
7.435,-7.28E-12,9.66E-13,*,*,*,*,*,*
7.436,3.07E-12,2.05E-12,*,*,*,*,*,*
7.437,3.41E-12,-9.09E-13,*,*,*,*,*,*
7.438,-7.73E-12,2.73E-12,*,*,*,*,*,*
7.439,5.46E-12,3.69E-13,*,*,*,*,*,*
7.44,6.48E-12,-2.27E-13,*,*,*,*,*,*
7.441,-3.41E-13,2.84E-12,*,*,*,*,*,*
7.442,-8.07E-12,-1.62E-12,*,*,*,*,*,*
7.443,-5.91E-12,-3.47E-12,*,*,*,*,*,*
7.444,1.22E-11,1.45E-12,*,*,*,*,*,*
7.445,-3.98E-12,-2.27E-12,*,*,*,*,*,*
7.446,-1.14E-12,-1.51E-12,*,*,*,*,*,*
7.447,-5.80E-12,0,*,*,*,*,*,*
7.448,-1.59E-12,1.42E-13,*,*,*,*,*,*
7.449,9.32E-12,4.32E-12,*,*,*,*,*,*
7.45,-2.73E-12,3.69E-13,*,*,*,*,*,*
7.451,1.14E-12,1.56E-12,*,*,*,*,*,*
7.452,-2.39E-12,-1.14E-13,*,*,*,*,*,*
7.453,1.14E-13,-1.99E-12,*,*,*,*,*,*
7.454,1.30E-11,1.42E-13,*,*,*,*,*,*
7.455,-5.68E-13,2.96E-12,*,*,*,*,*,*
7.456,8.98E-12,2.30E-12,*,*,*,*,*,*
7.457,0,9.95E-13,*,*,*,*,*,*
7.458,-3.64E-12,9.38E-13,*,*,*,*,*,*
7.459,1.10E-11,-2.13E-12,*,*,*,*,*,*
7.46,6.71E-12,4.75E-12,*,*,*,*,*,*
7.461,3.18E-12,-1.42E-13,*,*,*,*,*,*
7.462,-4.21E-12,2.96E-12,*,*,*,*,*,*
7.463,-1.13E-11,-2.90E-12,*,*,*,*,*,*
7.464,1.02E-12,1.17E-12,*,*,*,*,*,*
7.465,5.00E-12,1.08E-12,*,*,*,*,*,*
7.466,1.31E-11,1.25E-12,*,*,*,*,*,*
7.467,9.55E-12,1.96E-12,*,*,*,*,*,*
7.468,-5.57E-12,9.38E-13,*,*,*,*,*,*
7.469,-5.00E-12,2.44E-12,*,*,*,*,*,*
7.47,-1.21E-11,-1.99E-13,*,*,*,*,*,*
7.471,-3.30E-12,6.25E-13,*,*,*,*,*,*
7.472,1.02E-12,1.88E-12,*,*,*,*,*,*
7.473,7.73E-12,-3.98E-13,*,*,*,*,*,*
7.474,3.41E-12,-1.39E-12,*,*,*,*,*,*
7.475,7.96E-12,2.84E-14,*,*,*,*,*,*
7.476,-1.08E-11,-1.02E-12,*,*,*,*,*,*
7.477,1.71E-12,-2.70E-12,*,*,*,*,*,*
7.478,3.98E-12,3.69E-13,*,*,*,*,*,*
7.479,-3.30E-12,8.53E-14,*,*,*,*,*,*
7.48,1.00E-11,-4.55E-13,*,*,*,*,*,*
7.481,9.78E-12,3.13E-13,*,*,*,*,*,*
7.482,8.98E-12,-1.53E-12,*,*,*,*,*,*
7.483,1.10E-11,-1.71E-12,*,*,*,*,*,*
7.484,5.23E-12,6.54E-13,*,*,*,*,*,*
7.485,-3.07E-12,-2.05E-12,*,*,*,*,*,*
7.486,-1.02E-12,0,*,*,*,*,*,*
7.487,3.07E-12,3.69E-13,*,*,*,*,*,*
7.488,5.34E-12,-5.40E-12,*,*,*,*,*,*
7.489,-6.82E-13,5.12E-13,*,*,*,*,*,*
7.49,-1.13E-11,1.88E-12,*,*,*,*,*,*
7.491,6.14E-12,1.79E-12,*,*,*,*,*,*
7.492,-4.43E-12,6.54E-13,*,*,*,*,*,*
7.493,7.96E-13,1.17E-12,*,*,*,*,*,*
7.494,-9.55E-12,-1.14E-13,*,*,*,*,*,*
7.495,-1.93E-12,1.59E-12,*,*,*,*,*,*
7.496,1.14E-11,1.19E-12,*,*,*,*,*,*
7.497,1.82E-12,-4.29E-12,*,*,*,*,*,*
7.498,-7.50E-12,1.11E-12,*,*,*,*,*,*
7.499,-4.55E-13,2.76E-12,*,*,*,*,*,*
7.5,1.75E-11,-2.27E-13,*,*,*,*,*,*
7.501,3.52E-12,-1.42E-13,*,*,*,*,*,*
7.502,-2.16E-12,1.65E-12,*,*,*,*,*,*
7.503,-3.41E-12,8.24E-13,*,*,*,*,*,*
7.504,1.26E-11,-2.00E-12,*,*,*,*,*,*
7.505,-1.14E-13,-1.66E-12,*,*,*,*,*,*
7.506,1.52E-11,1.48E-12,*,*,*,*,*,*
7.507,1.48E-12,3.08E-12,*,*,*,*,*,*
7.508,-9.09E-13,-1.07E-12,*,*,*,*,*,*
7.509,6.59E-12,-3.30E-12,*,*,*,*,*,*
7.51,1.16E-11,-5.71E-12,*,*,*,*,*,*
7.511,4.32E-12,1.07E-12,*,*,*,*,*,*
7.512,6.93E-12,1.14E-12,*,*,*,*,*,*
7.513,1.25E-12,-1.51E-12,*,*,*,*,*,*
7.514,-1.53E-11,-2.57E-12,*,*,*,*,*,*
7.515,8.07E-12,1.83E-12,*,*,*,*,*,*
7.516,1.18E-11,-4.97E-13,*,*,*,*,*,*
7.517,6.03E-12,2.94E-12,*,*,*,*,*,*
7.518,-6.25E-12,1.48E-12,*,*,*,*,*,*
7.519,1.66E-11,1.17E-12,*,*,*,*,*,*
7.52,-1.64E-11,-5.83E-13,*,*,*,*,*,*
7.521,9.55E-12,-3.07E-12,*,*,*,*,*,*
7.522,-4.77E-12,-4.22E-12,*,*,*,*,*,*
7.523,-3.98E-12,-2.47E-12,*,*,*,*,*,*
7.524,-2.05E-12,-2.20E-12,*,*,*,*,*,*
7.525,1.22E-11,-3.92E-12,*,*,*,*,*,*
7.526,3.41E-12,-3.81E-12,*,*,*,*,*,*
7.527,8.30E-12,1.88E-12,*,*,*,*,*,*
7.528,-2.27E-12,-4.26E-14,*,*,*,*,*,*
7.529,-1.07E-11,-3.28E-12,*,*,*,*,*,*
7.53,-1.43E-11,2.66E-12,*,*,*,*,*,*
7.531,1.02E-12,-2.43E-12,*,*,*,*,*,*
7.532,7.39E-12,2.77E-12,*,*,*,*,*,*
7.533,-8.87E-12,-7.25E-13,*,*,*,*,*,*
7.534,6.82E-12,-2.67E-12,*,*,*,*,*,*
7.535,5.57E-12,4.12E-13,*,*,*,*,*,*
7.536,1.93E-12,-1.62E-12,*,*,*,*,*,*
7.537,8.53E-12,-1.78E-12,*,*,*,*,*,*
7.538,1.21E-11,-2.34E-12,*,*,*,*,*,*
7.539,-1.18E-11,4.55E-13,*,*,*,*,*,*
7.54,-3.41E-13,1.14E-12,*,*,*,*,*,*
7.541,4.32E-12,-1.08E-12,*,*,*,*,*,*
7.542,-6.93E-12,-1.83E-12,*,*,*,*,*,*
7.543,-1.71E-12,-9.09E-13,*,*,*,*,*,*
7.544,7.62E-12,-5.12E-13,*,*,*,*,*,*
7.545,-1.16E-11,6.39E-13,*,*,*,*,*,*
7.546,4.55E-13,1.72E-12,*,*,*,*,*,*
7.547,9.32E-12,1.76E-12,*,*,*,*,*,*
7.548,-2.50E-12,0,*,*,*,*,*,*
7.549,8.87E-12,-5.54E-13,*,*,*,*,*,*
7.55,5.46E-12,1.46E-12,*,*,*,*,*,*
7.551,2.16E-12,2.19E-12,*,*,*,*,*,*
7.552,1.71E-11,-1.68E-12,*,*,*,*,*,*
7.553,1.55E-11,8.53E-14,*,*,*,*,*,*
7.554,-3.41E-13,1.32E-12,*,*,*,*,*,*
7.555,1.14E-12,-1.49E-12,*,*,*,*,*,*
7.556,-6.93E-12,2.26E-12,*,*,*,*,*,*
7.557,-3.41E-12,8.67E-13,*,*,*,*,*,*
7.558,6.93E-12,-1.08E-12,*,*,*,*,*,*
7.559,-4.09E-12,-3.31E-12,*,*,*,*,*,*
7.56,-5.57E-12,-3.65E-12,*,*,*,*,*,*
7.561,6.14E-12,2.43E-12,*,*,*,*,*,*
7.562,8.75E-12,1.61E-12,*,*,*,*,*,*
7.563,-4.55E-12,1.18E-12,*,*,*,*,*,*
7.564,-1.03E-11,-3.78E-12,*,*,*,*,*,*
7.565,-1.13E-11,4.55E-13,*,*,*,*,*,*
7.566,-9.55E-12,2.06E-12,*,*,*,*,*,*
7.567,-7.28E-12,7.25E-13,*,*,*,*,*,*
7.568,9.32E-12,8.53E-13,*,*,*,*,*,*
7.569,1.26E-11,-2.98E-13,*,*,*,*,*,*
7.57,1.63E-11,1.83E-12,*,*,*,*,*,*
7.571,3.75E-12,-2.23E-12,*,*,*,*,*,*
7.572,3.18E-12,-1.26E-12,*,*,*,*,*,*
7.573,-2.05E-12,2.88E-12,*,*,*,*,*,*
7.574,1.40E-11,-1.59E-12,*,*,*,*,*,*
7.575,3.07E-12,-9.66E-13,*,*,*,*,*,*
7.576,-9.66E-12,-3.21E-12,*,*,*,*,*,*
7.577,3.41E-12,8.95E-13,*,*,*,*,*,*
7.578,-1.00E-11,1.15E-12,*,*,*,*,*,*
7.579,-2.61E-12,-9.09E-13,*,*,*,*,*,*
7.58,6.82E-12,2.17E-12,*,*,*,*,*,*
7.581,-8.53E-12,-1.11E-12,*,*,*,*,*,*
7.582,5.57E-12,-2.27E-12,*,*,*,*,*,*
7.583,4.32E-12,1.71E-12,*,*,*,*,*,*
7.584,8.87E-12,8.53E-13,*,*,*,*,*,*
7.585,1.00E-11,-1.24E-12,*,*,*,*,*,*
7.586,7.62E-12,2.69E-12,*,*,*,*,*,*
7.587,-1.28E-11,-4.41E-13,*,*,*,*,*,*
7.588,-6.25E-12,4.86E-12,*,*,*,*,*,*
7.589,6.93E-12,3.27E-13,*,*,*,*,*,*
7.59,1.27E-11,2.66E-12,*,*,*,*,*,*
7.591,-5.91E-12,-7.11E-13,*,*,*,*,*,*
7.592,-2.56E-11,-5.12E-13,*,*,*,*,*,*
7.593,-1.61E-11,-1.76E-12,*,*,*,*,*,*
7.594,-7.96E-13,1.66E-12,*,*,*,*,*,*
7.595,6.93E-12,-5.83E-13,*,*,*,*,*,*
7.596,1.27E-11,2.05E-12,*,*,*,*,*,*
7.597,6.03E-12,-3.28E-12,*,*,*,*,*,*
7.598,3.18E-12,1.08E-12,*,*,*,*,*,*
7.599,2.96E-12,3.11E-12,*,*,*,*,*,*
7.6,8.30E-12,9.38E-13,*,*,*,*,*,*
7.601,-1.01E-11,-3.13E-13,*,*,*,*,*,*
7.602,-1.44E-11,-2.10E-12,*,*,*,*,*,*
7.603,-6.37E-12,-1.79E-12,*,*,*,*,*,*
7.604,-1.93E-12,1.17E-12,*,*,*,*,*,*
7.605,1.82E-12,-2.67E-12,*,*,*,*,*,*
7.606,6.82E-12,5.66E-12,*,*,*,*,*,*
7.607,1.05E-11,3.91E-12,*,*,*,*,*,*
7.608,-2.05E-12,1.42E-13,*,*,*,*,*,*
7.609,-1.36E-12,-8.53E-14,*,*,*,*,*,*
7.61,-1.67E-11,-2.23E-12,*,*,*,*,*,*
7.611,-9.55E-12,1.69E-12,*,*,*,*,*,*
7.612,4.32E-12,-2.13E-13,*,*,*,*,*,*
7.613,-4.66E-12,-3.40E-12,*,*,*,*,*,*
7.614,8.64E-12,9.95E-14,*,*,*,*,*,*
7.615,-4.66E-12,2.59E-12,*,*,*,*,*,*
7.616,1.91E-11,1.68E-12,*,*,*,*,*,*
7.617,1.71E-12,-2.32E-12,*,*,*,*,*,*
7.618,1.73E-11,3.20E-12,*,*,*,*,*,*
7.619,-4.55E-12,-2.93E-12,*,*,*,*,*,*
7.62,1.92E-11,1.19E-12,*,*,*,*,*,*
7.621,-1.82E-12,1.85E-13,*,*,*,*,*,*
7.622,-4.21E-12,-2.27E-13,*,*,*,*,*,*
7.623,1.38E-11,-1.56E-13,*,*,*,*,*,*
7.624,1.91E-11,-1.98E-12,*,*,*,*,*,*
7.625,2.27E-13,3.14E-12,*,*,*,*,*,*
7.626,6.37E-12,1.09E-12,*,*,*,*,*,*
7.627,8.30E-12,2.84E-12,*,*,*,*,*,*
7.628,7.96E-13,-2.34E-12,*,*,*,*,*,*
7.629,7.96E-13,2.13E-13,*,*,*,*,*,*
7.63,6.03E-12,1.62E-12,*,*,*,*,*,*
7.631,-5.91E-12,-1.75E-12,*,*,*,*,*,*
7.632,-3.41E-13,1.63E-12,*,*,*,*,*,*
7.633,7.16E-12,3.54E-12,*,*,*,*,*,*
7.634,-3.87E-12,-2.42E-13,*,*,*,*,*,*
7.635,8.98E-12,8.10E-13,*,*,*,*,*,*
7.636,7.96E-12,-4.69E-12,*,*,*,*,*,*
7.637,-4.32E-12,1.11E-12,*,*,*,*,*,*
7.638,-3.98E-12,-1.02E-12,*,*,*,*,*,*
7.639,2.50E-12,-3.65E-12,*,*,*,*,*,*
7.64,-3.41E-12,-1.75E-12,*,*,*,*,*,*
7.641,-7.96E-13,1.04E-12,*,*,*,*,*,*
7.642,4.89E-12,3.74E-12,*,*,*,*,*,*
7.643,1.51E-11,-2.84E-14,*,*,*,*,*,*
7.644,-4.89E-12,1.56E-12,*,*,*,*,*,*
7.645,-2.96E-12,5.97E-13,*,*,*,*,*,*
7.646,9.09E-12,3.57E-12,*,*,*,*,*,*
7.647,2.84E-12,-5.83E-13,*,*,*,*,*,*
7.648,7.96E-12,4.55E-12,*,*,*,*,*,*
7.649,7.50E-12,-1.26E-12,*,*,*,*,*,*
7.65,6.14E-12,2.84E-14,*,*,*,*,*,*
7.651,-1.02E-11,-1.99E-12,*,*,*,*,*,*
7.652,-1.44E-11,-1.66E-12,*,*,*,*,*,*
7.653,-1.11E-11,2.34E-12,*,*,*,*,*,*
7.654,6.48E-12,4.41E-13,*,*,*,*,*,*
7.655,1.60E-11,1.88E-12,*,*,*,*,*,*
7.656,5.00E-12,-2.42E-13,*,*,*,*,*,*
7.657,8.19E-12,7.11E-13,*,*,*,*,*,*
7.658,-1.02E-11,-3.55E-13,*,*,*,*,*,*
7.659,-5.91E-12,1.26E-12,*,*,*,*,*,*
7.66,4.21E-12,-2.64E-12,*,*,*,*,*,*
7.661,-9.09E-12,9.95E-13,*,*,*,*,*,*
7.662,1.80E-11,2.37E-12,*,*,*,*,*,*
7.663,-3.98E-12,9.24E-13,*,*,*,*,*,*
7.664,-1.93E-12,-2.84E-14,*,*,*,*,*,*
7.665,-1.05E-11,-9.95E-14,*,*,*,*,*,*
7.666,4.89E-12,-2.37E-12,*,*,*,*,*,*
7.667,5.57E-12,2.10E-12,*,*,*,*,*,*
7.668,-6.25E-12,3.52E-12,*,*,*,*,*,*
7.669,1.82E-12,-3.79E-12,*,*,*,*,*,*
7.67,2.27E-13,-2.73E-12,*,*,*,*,*,*
7.671,-3.18E-12,-4.43E-12,*,*,*,*,*,*
7.672,5.68E-13,1.90E-12,*,*,*,*,*,*
7.673,-1.57E-11,3.06E-12,*,*,*,*,*,*
7.674,8.64E-12,1.99E-13,*,*,*,*,*,*
7.675,-1.90E-11,2.93E-12,*,*,*,*,*,*
7.676,9.09E-13,3.30E-12,*,*,*,*,*,*
7.677,-6.14E-12,-3.75E-12,*,*,*,*,*,*
7.678,-1.63E-11,-3.58E-12,*,*,*,*,*,*
7.679,-4.32E-12,-3.75E-12,*,*,*,*,*,*
7.68,1.13E-11,2.91E-12,*,*,*,*,*,*
7.681,-2.27E-13,-1.14E-13,*,*,*,*,*,*
7.682,-6.14E-12,-7.11E-13,*,*,*,*,*,*
7.683,2.81E-11,-2.61E-12,*,*,*,*,*,*
7.684,4.09E-12,3.31E-12,*,*,*,*,*,*
7.685,8.75E-12,1.90E-12,*,*,*,*,*,*
7.686,-9.89E-12,6.25E-13,*,*,*,*,*,*
7.687,-1.34E-11,-2.25E-12,*,*,*,*,*,*
7.688,4.55E-13,-1.46E-12,*,*,*,*,*,*
7.689,1.59E-12,-2.97E-12,*,*,*,*,*,*
7.69,1.16E-11,1.14E-13,*,*,*,*,*,*
7.691,1.26E-11,2.32E-12,*,*,*,*,*,*
7.692,-1.09E-11,-4.21E-12,*,*,*,*,*,*
7.693,1.14E-13,2.96E-12,*,*,*,*,*,*
7.694,-6.82E-12,-1.76E-12,*,*,*,*,*,*
7.695,-7.73E-12,-3.00E-12,*,*,*,*,*,*
7.696,2.73E-12,-2.13E-13,*,*,*,*,*,*
7.697,3.07E-12,3.74E-12,*,*,*,*,*,*
7.698,-6.82E-12,-2.16E-12,*,*,*,*,*,*
7.699,-9.89E-12,1.98E-12,*,*,*,*,*,*
7.7,5.57E-12,2.84E-12,*,*,*,*,*,*
7.701,1.82E-12,2.27E-13,*,*,*,*,*,*
7.702,1.99E-11,-2.59E-12,*,*,*,*,*,*
7.703,6.25E-12,-1.17E-12,*,*,*,*,*,*
7.704,-1.00E-11,-1.14E-12,*,*,*,*,*,*
7.705,5.12E-12,7.25E-13,*,*,*,*,*,*
7.706,-8.87E-12,1.42E-14,*,*,*,*,*,*
7.707,7.28E-12,-2.30E-12,*,*,*,*,*,*
7.708,1.48E-12,8.81E-13,*,*,*,*,*,*
7.709,-1.47E-11,3.13E-13,*,*,*,*,*,*
7.71,-2.61E-12,-2.19E-12,*,*,*,*,*,*
7.711,1.09E-11,1.68E-12,*,*,*,*,*,*
7.712,-7.28E-12,-7.11E-14,*,*,*,*,*,*
7.713,9.21E-12,1.55E-12,*,*,*,*,*,*
7.714,8.41E-12,1.41E-12,*,*,*,*,*,*
7.715,1.39E-11,2.56E-12,*,*,*,*,*,*
7.716,-5.12E-12,-1.46E-12,*,*,*,*,*,*
7.717,3.52E-12,-2.98E-13,*,*,*,*,*,*
7.718,-9.89E-12,3.41E-13,*,*,*,*,*,*
7.719,-1.59E-11,-1.18E-12,*,*,*,*,*,*
7.72,1.05E-11,-1.72E-12,*,*,*,*,*,*
7.721,7.05E-12,-1.08E-12,*,*,*,*,*,*
7.722,3.18E-12,-5.14E-12,*,*,*,*,*,*
7.723,1.93E-12,1.56E-13,*,*,*,*,*,*
7.724,-3.75E-12,-4.60E-12,*,*,*,*,*,*
7.725,3.18E-12,2.06E-12,*,*,*,*,*,*
7.726,1.82E-12,2.69E-12,*,*,*,*,*,*
7.727,3.41E-13,3.78E-12,*,*,*,*,*,*
7.728,8.75E-12,-1.08E-12,*,*,*,*,*,*
7.729,1.11E-11,3.27E-12,*,*,*,*,*,*
7.73,1.51E-11,-2.84E-14,*,*,*,*,*,*
7.731,-1.31E-11,-7.39E-13,*,*,*,*,*,*
7.732,-3.18E-12,1.75E-12,*,*,*,*,*,*
7.733,8.19E-12,-1.41E-12,*,*,*,*,*,*
7.734,7.73E-12,2.12E-12,*,*,*,*,*,*
7.735,3.41E-13,-1.86E-12,*,*,*,*,*,*
7.736,1.40E-11,-1.48E-12,*,*,*,*,*,*
7.737,4.89E-12,-1.12E-12,*,*,*,*,*,*
7.738,-3.41E-12,-9.95E-14,*,*,*,*,*,*
7.739,-2.24E-11,1.41E-12,*,*,*,*,*,*
7.74,-6.25E-12,4.36E-12,*,*,*,*,*,*
7.741,1.31E-11,-5.49E-12,*,*,*,*,*,*
7.742,3.52E-12,-1.96E-12,*,*,*,*,*,*
7.743,-1.92E-11,-9.38E-13,*,*,*,*,*,*
7.744,0,-2.90E-12,*,*,*,*,*,*
7.745,7.16E-12,-2.70E-12,*,*,*,*,*,*
7.746,-9.89E-12,-1.14E-12,*,*,*,*,*,*
7.747,-9.09E-13,1.02E-12,*,*,*,*,*,*
7.748,8.98E-12,2.81E-12,*,*,*,*,*,*
7.749,1.71E-12,-1.99E-13,*,*,*,*,*,*
7.75,-1.14E-11,-5.12E-13,*,*,*,*,*,*
7.751,-4.21E-12,-1.88E-12,*,*,*,*,*,*
7.752,2.39E-12,8.24E-13,*,*,*,*,*,*
7.753,8.87E-12,3.92E-12,*,*,*,*,*,*
7.754,1.31E-11,3.41E-12,*,*,*,*,*,*
7.755,1.39E-11,2.61E-12,*,*,*,*,*,*
7.756,7.73E-12,-8.53E-13,*,*,*,*,*,*
7.757,-8.07E-12,1.59E-12,*,*,*,*,*,*
7.758,-8.87E-12,-5.68E-13,*,*,*,*,*,*
7.759,4.21E-12,1.08E-12,*,*,*,*,*,*
7.76,-1.50E-11,-1.25E-12,*,*,*,*,*,*
7.761,1.48E-12,5.40E-13,*,*,*,*,*,*
7.762,-1.05E-11,1.08E-12,*,*,*,*,*,*
7.763,1.30E-11,3.38E-12,*,*,*,*,*,*
7.764,5.91E-12,-4.26E-13,*,*,*,*,*,*
7.765,7.73E-12,4.55E-13,*,*,*,*,*,*
7.766,-9.44E-12,-2.79E-12,*,*,*,*,*,*
7.767,1.10E-11,-2.42E-12,*,*,*,*,*,*
7.768,-5.68E-12,-2.33E-12,*,*,*,*,*,*
7.769,-8.98E-12,-1.76E-12,*,*,*,*,*,*
7.77,-3.52E-12,-2.90E-12,*,*,*,*,*,*
7.771,1.19E-11,-9.09E-13,*,*,*,*,*,*
7.772,-1.94E-11,-1.73E-12,*,*,*,*,*,*
7.773,5.12E-12,6.82E-13,*,*,*,*,*,*
7.774,-1.47E-11,-2.22E-12,*,*,*,*,*,*
7.775,-4.55E-13,-1.34E-12,*,*,*,*,*,*
7.776,-1.14E-11,-3.15E-12,*,*,*,*,*,*
7.777,5.46E-12,-2.36E-12,*,*,*,*,*,*
7.778,-1.05E-11,6.54E-13,*,*,*,*,*,*
7.779,-6.71E-12,8.53E-13,*,*,*,*,*,*
7.78,-5.80E-12,1.05E-12,*,*,*,*,*,*
7.781,6.03E-12,1.79E-12,*,*,*,*,*,*
7.782,-4.55E-12,-3.27E-12,*,*,*,*,*,*
7.783,-1.44E-11,6.93E-12,*,*,*,*,*,*
7.784,3.30E-12,2.27E-13,*,*,*,*,*,*
7.785,1.59E-12,-2.30E-12,*,*,*,*,*,*
7.786,-1.03E-11,2.25E-12,*,*,*,*,*,*
7.787,1.97E-11,2.19E-12,*,*,*,*,*,*
7.788,1.03E-11,-1.17E-12,*,*,*,*,*,*
7.789,1.96E-11,2.98E-12,*,*,*,*,*,*
7.79,1.30E-11,-3.30E-12,*,*,*,*,*,*
7.791,1.00E-11,5.68E-13,*,*,*,*,*,*
7.792,-9.44E-12,6.25E-13,*,*,*,*,*,*
7.793,1.68E-11,3.69E-13,*,*,*,*,*,*
7.794,6.37E-12,5.97E-13,*,*,*,*,*,*
7.795,-6.82E-12,1.31E-12,*,*,*,*,*,*
7.796,-1.06E-11,-1.11E-12,*,*,*,*,*,*
7.797,2.57E-11,-4.29E-12,*,*,*,*,*,*
7.798,9.78E-12,-6.25E-13,*,*,*,*,*,*
7.799,1.25E-12,-7.11E-13,*,*,*,*,*,*
7.8,-7.84E-12,2.56E-13,*,*,*,*,*,*
7.801,-8.30E-12,-5.97E-13,*,*,*,*,*,*
7.802,-8.75E-12,-6.25E-13,*,*,*,*,*,*
7.803,-3.30E-12,-5.40E-13,*,*,*,*,*,*
7.804,4.43E-12,-4.83E-12,*,*,*,*,*,*
7.805,-2.96E-12,9.09E-13,*,*,*,*,*,*
7.806,-3.18E-12,1.62E-12,*,*,*,*,*,*
7.807,-2.73E-12,-1.62E-12,*,*,*,*,*,*
7.808,2.73E-12,-3.72E-12,*,*,*,*,*,*
7.809,-3.52E-12,-3.01E-12,*,*,*,*,*,*
7.81,-1.69E-11,4.15E-12,*,*,*,*,*,*
7.811,-1.31E-11,-4.63E-12,*,*,*,*,*,*
7.812,-8.98E-12,-1.93E-12,*,*,*,*,*,*
7.813,-1.93E-12,1.99E-12,*,*,*,*,*,*
7.814,3.64E-12,5.12E-13,*,*,*,*,*,*
7.815,-5.80E-12,0,*,*,*,*,*,*
7.816,-1.19E-11,-1.99E-12,*,*,*,*,*,*
7.817,1.43E-11,3.98E-12,*,*,*,*,*,*
7.818,-3.75E-12,7.39E-13,*,*,*,*,*,*
7.819,-2.05E-12,2.42E-12,*,*,*,*,*,*
7.82,2.31E-11,-1.48E-12,*,*,*,*,*,*
7.821,-7.84E-12,-2.33E-12,*,*,*,*,*,*
7.822,3.41E-12,-1.53E-12,*,*,*,*,*,*
7.823,9.32E-12,3.13E-13,*,*,*,*,*,*
7.824,-1.33E-11,-1.59E-12,*,*,*,*,*,*
7.825,1.48E-12,1.99E-12,*,*,*,*,*,*
7.826,8.98E-12,1.22E-12,*,*,*,*,*,*
7.827,5.91E-12,4.23E-12,*,*,*,*,*,*
7.828,-4.09E-12,-8.81E-13,*,*,*,*,*,*
7.829,-7.84E-12,-9.38E-13,*,*,*,*,*,*
7.83,-3.41E-13,-2.53E-12,*,*,*,*,*,*
7.831,-1.96E-11,-4.04E-12,*,*,*,*,*,*
7.832,2.27E-12,-3.55E-12,*,*,*,*,*,*
7.833,-2.08E-11,-1.71E-13,*,*,*,*,*,*
7.834,-1.86E-11,5.68E-13,*,*,*,*,*,*
7.835,1.36E-11,-2.59E-12,*,*,*,*,*,*
7.836,1.98E-11,-1.71E-13,*,*,*,*,*,*
7.837,6.71E-12,8.53E-13,*,*,*,*,*,*
7.838,-1.75E-11,-5.40E-13,*,*,*,*,*,*
7.839,-1.19E-11,1.25E-12,*,*,*,*,*,*
7.84,-1.09E-11,-4.86E-12,*,*,*,*,*,*
7.841,-4.55E-13,1.99E-13,*,*,*,*,*,*
7.842,1.14E-12,-1.02E-12,*,*,*,*,*,*
7.843,4.21E-12,3.21E-12,*,*,*,*,*,*
7.844,1.02E-11,3.61E-12,*,*,*,*,*,*
7.845,5.46E-12,-1.39E-12,*,*,*,*,*,*
7.846,-8.19E-12,1.65E-12,*,*,*,*,*,*
7.847,5.12E-12,-3.69E-13,*,*,*,*,*,*
7.848,-5.68E-13,2.27E-12,*,*,*,*,*,*
7.849,-7.50E-12,-1.17E-12,*,*,*,*,*,*
7.85,-8.41E-12,7.96E-13,*,*,*,*,*,*
7.851,4.43E-12,-2.44E-12,*,*,*,*,*,*
7.852,-9.09E-13,-5.00E-12,*,*,*,*,*,*
7.853,7.16E-12,-4.43E-12,*,*,*,*,*,*
7.854,1.32E-11,5.23E-12,*,*,*,*,*,*
7.855,1.11E-11,-3.98E-13,*,*,*,*,*,*
7.856,-1.83E-11,-1.45E-12,*,*,*,*,*,*
7.857,1.68E-11,3.13E-12,*,*,*,*,*,*
7.858,1.02E-12,1.76E-12,*,*,*,*,*,*
7.859,3.87E-12,-2.84E-13,*,*,*,*,*,*
7.86,-2.05E-11,3.35E-12,*,*,*,*,*,*
7.861,-7.96E-12,-8.24E-13,*,*,*,*,*,*
7.862,2.66E-11,3.95E-12,*,*,*,*,*,*
7.863,2.02E-11,-3.27E-12,*,*,*,*,*,*
7.864,-5.00E-12,3.69E-13,*,*,*,*,*,*
7.865,5.91E-12,-9.66E-13,*,*,*,*,*,*
7.866,2.38E-11,-1.48E-12,*,*,*,*,*,*
7.867,-5.12E-12,-2.02E-12,*,*,*,*,*,*
7.868,-4.66E-12,1.93E-12,*,*,*,*,*,*
7.869,3.41E-12,6.54E-13,*,*,*,*,*,*
7.87,-7.28E-12,-6.25E-13,*,*,*,*,*,*
7.871,-1.82E-12,-2.56E-13,*,*,*,*,*,*
7.872,-9.55E-12,-1.82E-12,*,*,*,*,*,*
7.873,1.36E-12,5.12E-13,*,*,*,*,*,*
7.874,1.02E-12,4.83E-13,*,*,*,*,*,*
7.875,1.46E-11,-1.36E-12,*,*,*,*,*,*
7.876,3.87E-12,-2.79E-12,*,*,*,*,*,*
7.877,3.98E-12,1.85E-12,*,*,*,*,*,*
7.878,-5.80E-12,-4.26E-13,*,*,*,*,*,*
7.879,2.73E-12,-3.72E-12,*,*,*,*,*,*
7.88,6.71E-12,-5.12E-13,*,*,*,*,*,*
7.881,9.66E-12,-4.86E-12,*,*,*,*,*,*
7.882,-8.75E-12,1.53E-12,*,*,*,*,*,*
7.883,8.07E-12,2.25E-12,*,*,*,*,*,*
7.884,1.64E-11,1.25E-12,*,*,*,*,*,*
7.885,-2.50E-12,2.33E-12,*,*,*,*,*,*
7.886,2.16E-12,5.68E-13,*,*,*,*,*,*
7.887,-1.88E-11,1.02E-12,*,*,*,*,*,*
7.888,-7.16E-12,1.19E-12,*,*,*,*,*,*
7.889,-9.09E-13,1.68E-12,*,*,*,*,*,*
7.89,-5.68E-13,-3.52E-12,*,*,*,*,*,*
7.891,1.42E-11,1.62E-12,*,*,*,*,*,*
7.892,-9.55E-12,1.71E-12,*,*,*,*,*,*
7.893,6.37E-12,1.88E-12,*,*,*,*,*,*
7.894,9.32E-12,1.31E-12,*,*,*,*,*,*
7.895,-1.57E-11,-1.65E-12,*,*,*,*,*,*
7.896,-1.36E-12,-2.27E-13,*,*,*,*,*,*
7.897,-1.48E-11,-2.56E-13,*,*,*,*,*,*
7.898,-7.39E-12,-6.25E-13,*,*,*,*,*,*
7.899,-8.64E-12,-1.05E-12,*,*,*,*,*,*
7.9,9.09E-12,2.56E-13,*,*,*,*,*,*
7.901,5.12E-12,-5.68E-14,*,*,*,*,*,*
7.902,7.39E-12,2.98E-12,*,*,*,*,*,*
7.903,-6.93E-12,1.42E-13,*,*,*,*,*,*
7.904,-3.87E-12,-2.16E-12,*,*,*,*,*,*
7.905,-1.22E-11,-1.65E-12,*,*,*,*,*,*
7.906,-2.54E-11,-2.56E-13,*,*,*,*,*,*
7.907,1.64E-11,2.67E-12,*,*,*,*,*,*
7.908,4.43E-12,-1.42E-14,*,*,*,*,*,*
7.909,1.68E-11,1.14E-13,*,*,*,*,*,*
7.91,-1.58E-11,-3.31E-12,*,*,*,*,*,*
7.911,-1.93E-12,1.92E-12,*,*,*,*,*,*
7.912,7.05E-12,-2.10E-12,*,*,*,*,*,*
7.913,-8.19E-12,-2.39E-12,*,*,*,*,*,*
7.914,8.30E-12,2.27E-13,*,*,*,*,*,*
7.915,6.59E-12,1.42E-14,*,*,*,*,*,*
7.916,1.57E-11,1.75E-12,*,*,*,*,*,*
7.917,-5.12E-12,-2.50E-12,*,*,*,*,*,*
7.918,3.52E-12,5.26E-13,*,*,*,*,*,*
7.919,-1.13E-11,9.95E-14,*,*,*,*,*,*
7.92,8.87E-12,-6.39E-13,*,*,*,*,*,*
7.921,-1.90E-11,2.76E-12,*,*,*,*,*,*
7.922,3.87E-12,-2.29E-12,*,*,*,*,*,*
7.923,1.52E-11,-3.04E-12,*,*,*,*,*,*
7.924,-4.77E-12,-1.62E-12,*,*,*,*,*,*
7.925,-1.08E-11,3.40E-12,*,*,*,*,*,*
7.926,-1.25E-12,3.87E-12,*,*,*,*,*,*
7.927,0,-1.26E-12,*,*,*,*,*,*
7.928,-3.64E-12,1.25E-12,*,*,*,*,*,*
7.929,-1.23E-11,-7.11E-13,*,*,*,*,*,*
7.93,1.34E-11,3.41E-13,*,*,*,*,*,*
7.931,1.36E-12,-2.26E-12,*,*,*,*,*,*
7.932,-1.34E-11,3.87E-12,*,*,*,*,*,*
7.933,-6.71E-12,-9.95E-13,*,*,*,*,*,*
7.934,-1.06E-11,-9.38E-13,*,*,*,*,*,*
7.935,2.61E-12,6.03E-12,*,*,*,*,*,*
7.936,1.18E-11,-5.97E-13,*,*,*,*,*,*
7.937,2.27E-12,-1.90E-12,*,*,*,*,*,*
7.938,-1.25E-12,9.81E-13,*,*,*,*,*,*
7.939,-3.75E-12,-1.58E-12,*,*,*,*,*,*
7.94,-1.41E-11,2.43E-12,*,*,*,*,*,*
7.941,1.40E-11,-3.87E-12,*,*,*,*,*,*
7.942,-1.25E-12,4.97E-13,*,*,*,*,*,*
7.943,-1.24E-11,-2.52E-12,*,*,*,*,*,*
7.944,6.71E-12,1.08E-12,*,*,*,*,*,*
7.945,9.21E-12,-1.90E-12,*,*,*,*,*,*
7.946,-4.66E-12,-3.06E-12,*,*,*,*,*,*
7.947,3.52E-12,-1.75E-12,*,*,*,*,*,*
7.948,-6.37E-12,2.76E-12,*,*,*,*,*,*
7.949,2.39E-11,-3.40E-12,*,*,*,*,*,*
7.95,-1.23E-11,9.95E-14,*,*,*,*,*,*
7.951,1.93E-12,-4.06E-12,*,*,*,*,*,*
7.952,1.15E-11,1.52E-12,*,*,*,*,*,*
7.953,2.10E-11,-2.84E-12,*,*,*,*,*,*
7.954,-5.34E-12,-1.98E-12,*,*,*,*,*,*
7.955,-1.07E-11,6.25E-13,*,*,*,*,*,*
7.956,7.96E-12,2.15E-12,*,*,*,*,*,*
7.957,4.89E-12,-1.76E-12,*,*,*,*,*,*
7.958,-6.14E-12,-2.39E-12,*,*,*,*,*,*
7.959,8.53E-12,-2.64E-12,*,*,*,*,*,*
7.96,6.03E-12,-2.76E-12,*,*,*,*,*,*
7.961,6.14E-12,-2.17E-12,*,*,*,*,*,*
7.962,-1.14E-13,-1.75E-12,*,*,*,*,*,*
7.963,-1.80E-11,-3.10E-12,*,*,*,*,*,*
7.964,7.28E-12,4.23E-12,*,*,*,*,*,*
7.965,-3.41E-13,1.96E-12,*,*,*,*,*,*
7.966,-9.32E-12,-4.83E-13,*,*,*,*,*,*
7.967,-5.23E-12,-3.41E-12,*,*,*,*,*,*
7.968,-8.19E-12,-3.25E-12,*,*,*,*,*,*
7.969,-4.77E-12,-5.40E-13,*,*,*,*,*,*
7.97,-6.93E-12,-1.53E-12,*,*,*,*,*,*
7.971,8.75E-12,4.26E-13,*,*,*,*,*,*
7.972,4.55E-12,-2.83E-12,*,*,*,*,*,*
7.973,2.50E-12,3.27E-12,*,*,*,*,*,*
7.974,3.98E-12,-4.69E-13,*,*,*,*,*,*
7.975,5.57E-12,-4.26E-13,*,*,*,*,*,*
7.976,-9.09E-13,1.58E-12,*,*,*,*,*,*
7.977,6.37E-12,5.74E-12,*,*,*,*,*,*
7.978,2.27E-12,-2.16E-12,*,*,*,*,*,*
7.979,-8.98E-12,-1.95E-12,*,*,*,*,*,*
7.98,2.96E-12,-3.98E-13,*,*,*,*,*,*
7.981,-2.71E-11,-2.50E-12,*,*,*,*,*,*
7.982,3.41E-12,2.05E-12,*,*,*,*,*,*
7.983,-7.28E-12,4.43E-12,*,*,*,*,*,*
7.984,-6.82E-12,1.82E-12,*,*,*,*,*,*
7.985,-2.73E-12,-1.11E-12,*,*,*,*,*,*
7.986,-2.73E-12,-2.19E-12,*,*,*,*,*,*
7.987,6.82E-12,3.84E-12,*,*,*,*,*,*
7.988,9.32E-12,3.98E-12,*,*,*,*,*,*
7.989,2.27E-13,2.27E-13,*,*,*,*,*,*
7.99,1.16E-11,3.84E-13,*,*,*,*,*,*
7.991,7.73E-12,-1.56E-13,*,*,*,*,*,*
7.992,3.18E-12,1.19E-12,*,*,*,*,*,*
7.993,7.96E-13,-4.25E-12,*,*,*,*,*,*
7.994,6.48E-12,-1.56E-13,*,*,*,*,*,*
7.995,-7.84E-12,-5.68E-13,*,*,*,*,*,*
7.996,1.82E-12,-4.97E-13,*,*,*,*,*,*
7.997,2.61E-12,1.90E-12,*,*,*,*,*,*
7.998,1.59E-12,-4.70E-12,*,*,*,*,*,*
7.999,-5.34E-12,2.54E-12,*,*,*,*,*,*
8,-2.27E-13,2.34E-12,*,*,*,*,*,*
8.001,6.25E-12,4.73E-12,*,*,*,*,*,*
8.002,-4.43E-12,-3.80E-12,*,*,*,*,*,*
8.003,-1.08E-11,-5.89E-12,*,*,*,*,*,*
8.004,-9.89E-12,-2.60E-12,*,*,*,*,*,*
8.005,-1.19E-11,-1.34E-12,*,*,*,*,*,*
8.006,1.68E-11,4.19E-13,*,*,*,*,*,*
8.007,6.93E-12,-9.31E-13,*,*,*,*,*,*
8.008,-6.14E-12,-1.11E-12,*,*,*,*,*,*
8.009,9.09E-12,-3.23E-12,*,*,*,*,*,*
8.01,-3.41E-12,-9.31E-13,*,*,*,*,*,*
8.011,-5.68E-13,7.03E-13,*,*,*,*,*,*
8.012,1.00E-11,2.79E-12,*,*,*,*,*,*
8.013,1.25E-12,1.73E-12,*,*,*,*,*,*
8.014,-3.41E-13,-5.55E-12,*,*,*,*,*,*
8.015,-1.48E-12,-9.17E-13,*,*,*,*,*,*
8.016,-5.91E-12,-1.62E-12,*,*,*,*,*,*
8.017,1.36E-12,7.96E-13,*,*,*,*,*,*
8.018,1.17E-11,-2.91E-13,*,*,*,*,*,*
8.019,9.32E-12,3.55E-12,*,*,*,*,*,*
8.02,-1.60E-11,-3.85E-12,*,*,*,*,*,*
8.021,-1.17E-11,1.04E-12,*,*,*,*,*,*
8.022,3.98E-12,2.14E-12,*,*,*,*,*,*
8.023,-4.89E-12,-2.27E-13,*,*,*,*,*,*
8.024,-1.25E-12,-1.63E-12,*,*,*,*,*,*
8.025,8.41E-12,-6.39E-13,*,*,*,*,*,*
8.026,-1.46E-11,-1.73E-12,*,*,*,*,*,*
8.027,-7.96E-12,-7.11E-14,*,*,*,*,*,*
8.028,7.96E-13,-1.39E-12,*,*,*,*,*,*
8.029,-5.12E-12,4.26E-14,*,*,*,*,*,*
8.03,7.28E-12,-3.43E-12,*,*,*,*,*,*
8.031,8.41E-12,1.19E-12,*,*,*,*,*,*
8.032,7.16E-12,-3.41E-13,*,*,*,*,*,*
8.033,5.23E-12,-9.24E-14,*,*,*,*,*,*
8.034,-1.63E-11,2.01E-12,*,*,*,*,*,*
8.035,-1.06E-11,6.47E-13,*,*,*,*,*,*
8.036,1.89E-11,-3.68E-12,*,*,*,*,*,*
8.037,4.77E-12,-8.17E-13,*,*,*,*,*,*
8.038,-8.75E-12,-7.67E-13,*,*,*,*,*,*
8.039,-1.83E-11,-2.32E-12,*,*,*,*,*,*
8.04,-9.09E-13,-2.95E-12,*,*,*,*,*,*
8.041,-9.32E-12,-2.91E-13,*,*,*,*,*,*
8.042,-9.44E-12,-1.05E-12,*,*,*,*,*,*
8.043,-6.82E-13,7.11E-15,*,*,*,*,*,*
8.044,-1.75E-11,3.62E-13,*,*,*,*,*,*
8.045,1.19E-11,-2.13E-13,*,*,*,*,*,*
8.046,-7.28E-12,3.38E-12,*,*,*,*,*,*
8.047,4.09E-12,-9.95E-13,*,*,*,*,*,*
8.048,-3.30E-12,-4.14E-12,*,*,*,*,*,*
8.049,8.53E-12,0,*,*,*,*,*,*
8.05,2.27E-13,-1.68E-12,*,*,*,*,*,*
8.051,9.09E-13,7.11E-15,*,*,*,*,*,*
8.052,2.50E-12,5.76E-13,*,*,*,*,*,*
8.053,1.75E-11,-1.34E-12,*,*,*,*,*,*
8.054,1.26E-11,3.13E-13,*,*,*,*,*,*
8.055,-4.09E-12,1.46E-12,*,*,*,*,*,*
8.056,-1.82E-12,8.46E-13,*,*,*,*,*,*
8.057,-6.48E-12,-8.03E-13,*,*,*,*,*,*
8.058,-1.17E-11,-4.48E-12,*,*,*,*,*,*
8.059,-1.28E-11,7.18E-13,*,*,*,*,*,*
8.06,1.51E-11,1.61E-12,*,*,*,*,*,*
8.061,9.55E-12,-2.91E-12,*,*,*,*,*,*
8.062,-4.32E-12,-3.19E-12,*,*,*,*,*,*
8.063,1.00E-11,-2.94E-12,*,*,*,*,*,*
8.064,7.73E-12,1.56E-13,*,*,*,*,*,*
8.065,2.84E-12,4.01E-12,*,*,*,*,*,*
8.066,2.84E-12,1.78E-12,*,*,*,*,*,*
8.067,-1.53E-11,5.33E-13,*,*,*,*,*,*
8.068,-1.48E-12,-6.61E-13,*,*,*,*,*,*
8.069,1.08E-11,3.76E-12,*,*,*,*,*,*
8.07,-3.75E-12,2.42E-12,*,*,*,*,*,*
8.071,-3.98E-12,-3.13E-12,*,*,*,*,*,*
8.072,9.09E-13,-2.62E-12,*,*,*,*,*,*
8.073,-1.14E-12,-9.52E-13,*,*,*,*,*,*
8.074,5.68E-13,3.13E-12,*,*,*,*,*,*
8.075,-7.96E-12,-4.78E-12,*,*,*,*,*,*
8.076,1.36E-12,-1.80E-12,*,*,*,*,*,*
8.077,-1.27E-11,9.38E-13,*,*,*,*,*,*
8.078,-8.53E-12,7.67E-13,*,*,*,*,*,*
8.079,3.75E-12,-1.39E-12,*,*,*,*,*,*
8.08,-1.14E-11,-2.15E-12,*,*,*,*,*,*
8.081,-1.02E-11,-2.12E-12,*,*,*,*,*,*
8.082,-1.51E-11,1.25E-12,*,*,*,*,*,*
8.083,-4.77E-12,-3.07E-12,*,*,*,*,*,*
8.084,1.42E-11,4.83E-13,*,*,*,*,*,*
8.085,-1.60E-11,1.72E-12,*,*,*,*,*,*
8.086,-4.55E-13,-2.20E-12,*,*,*,*,*,*
8.087,-6.48E-12,-2.50E-12,*,*,*,*,*,*
8.088,-7.16E-12,2.34E-12,*,*,*,*,*,*
8.089,-5.91E-12,-3.35E-12,*,*,*,*,*,*
8.09,-1.55E-11,-1.25E-12,*,*,*,*,*,*
8.091,-1.14E-13,2.03E-12,*,*,*,*,*,*
8.092,-1.01E-11,-1.21E-12,*,*,*,*,*,*
8.093,1.59E-11,1.90E-12,*,*,*,*,*,*
8.094,-1.59E-12,2.98E-13,*,*,*,*,*,*
8.095,2.39E-12,-1.73E-12,*,*,*,*,*,*
8.096,-1.16E-11,-2.42E-13,*,*,*,*,*,*
8.097,-1.40E-11,1.66E-12,*,*,*,*,*,*
8.098,-4.55E-12,1.92E-12,*,*,*,*,*,*
8.099,8.41E-12,-2.40E-12,*,*,*,*,*,*
8.1,-2.27E-12,-1.56E-13,*,*,*,*,*,*
8.101,-1.15E-11,-1.32E-12,*,*,*,*,*,*
8.102,2.96E-12,-2.56E-12,*,*,*,*,*,*
8.103,-1.24E-11,7.67E-13,*,*,*,*,*,*
8.104,8.75E-12,2.20E-12,*,*,*,*,*,*
8.105,-3.07E-12,5.68E-13,*,*,*,*,*,*
8.106,4.89E-12,-5.40E-13,*,*,*,*,*,*
8.107,-1.14E-13,-4.02E-12,*,*,*,*,*,*
8.108,-7.16E-12,-2.84E-12,*,*,*,*,*,*
8.109,-6.59E-12,5.12E-13,*,*,*,*,*,*
8.11,4.66E-12,-3.85E-12,*,*,*,*,*,*
8.111,9.21E-12,-3.77E-12,*,*,*,*,*,*
8.112,-9.32E-12,1.58E-12,*,*,*,*,*,*
8.113,-5.23E-12,-4.53E-12,*,*,*,*,*,*
8.114,-1.96E-11,9.52E-13,*,*,*,*,*,*
8.115,4.89E-12,-1.49E-12,*,*,*,*,*,*
8.116,-7.84E-12,6.25E-13,*,*,*,*,*,*
8.117,-7.28E-12,1.82E-12,*,*,*,*,*,*
8.118,-1.14E-11,-6.54E-13,*,*,*,*,*,*
8.119,5.80E-12,1.90E-12,*,*,*,*,*,*
8.12,4.89E-12,2.26E-12,*,*,*,*,*,*
8.121,1.26E-11,-1.99E-12,*,*,*,*,*,*
8.122,1.48E-11,7.11E-14,*,*,*,*,*,*
8.123,2.24E-11,-2.94E-12,*,*,*,*,*,*
8.124,-2.27E-13,-5.83E-13,*,*,*,*,*,*
8.125,-3.98E-12,-7.53E-13,*,*,*,*,*,*
8.126,1.02E-12,4.12E-13,*,*,*,*,*,*
8.127,6.25E-12,-3.21E-12,*,*,*,*,*,*
8.128,7.05E-12,-2.06E-12,*,*,*,*,*,*
8.129,0,-2.27E-13,*,*,*,*,*,*
8.13,1.26E-11,-7.39E-13,*,*,*,*,*,*
8.131,3.07E-12,1.24E-12,*,*,*,*,*,*
8.132,5.12E-12,1.78E-12,*,*,*,*,*,*
8.133,1.82E-12,-1.02E-12,*,*,*,*,*,*
8.134,1.44E-11,1.99E-12,*,*,*,*,*,*
8.135,-9.66E-12,-3.44E-12,*,*,*,*,*,*
8.136,1.48E-12,2.46E-12,*,*,*,*,*,*
8.137,5.68E-13,-3.41E-12,*,*,*,*,*,*
8.138,2.27E-13,-2.80E-12,*,*,*,*,*,*
8.139,3.64E-12,-7.39E-13,*,*,*,*,*,*
8.14,5.80E-12,-4.97E-13,*,*,*,*,*,*
8.141,1.73E-11,2.29E-12,*,*,*,*,*,*
8.142,9.32E-12,-1.99E-13,*,*,*,*,*,*
8.143,5.80E-12,7.96E-13,*,*,*,*,*,*
8.144,2.83E-11,2.60E-12,*,*,*,*,*,*
8.145,2.05E-12,8.53E-14,*,*,*,*,*,*
8.146,-1.93E-12,-3.44E-12,*,*,*,*,*,*
8.147,7.50E-12,5.97E-13,*,*,*,*,*,*
8.148,-2.84E-12,-2.42E-12,*,*,*,*,*,*
8.149,-3.64E-12,1.99E-13,*,*,*,*,*,*
8.15,1.33E-11,9.95E-14,*,*,*,*,*,*
8.151,-2.27E-12,1.17E-12,*,*,*,*,*,*
8.152,1.11E-11,1.24E-12,*,*,*,*,*,*
8.153,1.55E-11,-6.11E-13,*,*,*,*,*,*
8.154,-9.78E-12,-2.64E-12,*,*,*,*,*,*
8.155,4.77E-12,-1.95E-12,*,*,*,*,*,*
8.156,-3.52E-12,-3.13E-13,*,*,*,*,*,*
8.157,-6.93E-12,1.75E-12,*,*,*,*,*,*
8.158,3.52E-12,1.98E-12,*,*,*,*,*,*
8.159,-6.14E-12,1.22E-12,*,*,*,*,*,*
8.16,2.01E-11,1.86E-12,*,*,*,*,*,*
8.161,-1.68E-11,3.33E-12,*,*,*,*,*,*
8.162,-5.68E-12,1.63E-12,*,*,*,*,*,*
8.163,-6.93E-12,-8.81E-13,*,*,*,*,*,*
8.164,4.89E-12,-4.26E-14,*,*,*,*,*,*
8.165,4.66E-12,-5.83E-12,*,*,*,*,*,*
8.166,7.05E-12,-2.77E-12,*,*,*,*,*,*
8.167,3.18E-12,6.54E-13,*,*,*,*,*,*
8.168,-1.15E-11,4.80E-12,*,*,*,*,*,*
8.169,-1.16E-11,1.88E-12,*,*,*,*,*,*
8.17,7.96E-12,-8.53E-14,*,*,*,*,*,*
8.171,-2.39E-11,-5.19E-12,*,*,*,*,*,*
8.172,1.50E-11,3.13E-13,*,*,*,*,*,*
8.173,-1.48E-11,3.04E-12,*,*,*,*,*,*
8.174,-1.05E-11,-1.71E-12,*,*,*,*,*,*
8.175,2.96E-12,-2.22E-12,*,*,*,*,*,*
8.176,9.21E-12,1.56E-12,*,*,*,*,*,*
8.177,-1.16E-11,-1.19E-12,*,*,*,*,*,*
8.178,1.82E-12,-3.69E-12,*,*,*,*,*,*
8.179,-9.89E-12,2.76E-12,*,*,*,*,*,*
8.18,3.98E-12,-1.08E-12,*,*,*,*,*,*
8.181,9.32E-12,-3.58E-12,*,*,*,*,*,*
8.182,-8.19E-12,5.68E-13,*,*,*,*,*,*
8.183,-4.89E-12,-9.09E-13,*,*,*,*,*,*
8.184,-1.39E-11,-2.70E-12,*,*,*,*,*,*
8.185,-5.00E-12,-1.79E-12,*,*,*,*,*,*
8.186,-1.59E-11,-5.03E-12,*,*,*,*,*,*
8.187,-1.57E-11,-6.54E-13,*,*,*,*,*,*
8.188,-1.51E-11,-1.42E-13,*,*,*,*,*,*
8.189,5.57E-12,-1.99E-13,*,*,*,*,*,*
8.19,1.48E-12,-1.39E-12,*,*,*,*,*,*
8.191,-1.55E-11,-1.22E-12,*,*,*,*,*,*
8.192,-5.68E-13,3.52E-12,*,*,*,*,*,*
8.193,-2.73E-12,1.73E-12,*,*,*,*,*,*
8.194,-5.91E-12,-2.73E-12,*,*,*,*,*,*
8.195,1.30E-11,-1.17E-12,*,*,*,*,*,*
8.196,-3.41E-13,1.99E-13,*,*,*,*,*,*
8.197,-2.73E-12,0,*,*,*,*,*,*
8.198,1.43E-11,2.05E-12,*,*,*,*,*,*
8.199,1.23E-11,-1.28E-12,*,*,*,*,*,*
8.2,1.23E-11,-3.04E-12,*,*,*,*,*,*
8.201,-9.78E-12,-1.19E-12,*,*,*,*,*,*
8.202,-5.23E-12,-1.34E-12,*,*,*,*,*,*
8.203,2.05E-12,9.66E-13,*,*,*,*,*,*
8.204,-1.82E-12,-1.17E-12,*,*,*,*,*,*
8.205,1.59E-12,-5.20E-12,*,*,*,*,*,*
8.206,4.77E-12,-1.82E-12,*,*,*,*,*,*
8.207,6.03E-12,9.38E-13,*,*,*,*,*,*
8.208,-1.01E-11,4.55E-13,*,*,*,*,*,*
8.209,-7.84E-12,1.82E-12,*,*,*,*,*,*
8.21,-2.73E-12,-3.27E-12,*,*,*,*,*,*
8.211,5.57E-12,2.50E-12,*,*,*,*,*,*
8.212,5.91E-12,5.40E-13,*,*,*,*,*,*
8.213,6.48E-12,-3.69E-12,*,*,*,*,*,*
8.214,-1.25E-11,1.17E-12,*,*,*,*,*,*
8.215,1.01E-11,-2.07E-12,*,*,*,*,*,*
8.216,2.27E-12,-1.42E-13,*,*,*,*,*,*
8.217,5.80E-12,-4.26E-13,*,*,*,*,*,*
8.218,-7.28E-12,-4.55E-12,*,*,*,*,*,*
8.219,1.25E-12,3.41E-13,*,*,*,*,*,*
8.22,-2.50E-12,-2.30E-12,*,*,*,*,*,*
8.221,1.11E-11,-2.79E-12,*,*,*,*,*,*
8.222,-9.21E-12,1.93E-12,*,*,*,*,*,*
8.223,7.16E-12,-2.10E-12,*,*,*,*,*,*
8.224,-4.55E-12,2.36E-12,*,*,*,*,*,*
8.225,7.50E-12,2.33E-12,*,*,*,*,*,*
8.226,2.16E-12,-1.88E-12,*,*,*,*,*,*
8.227,-2.39E-12,1.79E-12,*,*,*,*,*,*
8.228,-3.41E-12,1.11E-12,*,*,*,*,*,*
8.229,7.96E-12,-1.96E-12,*,*,*,*,*,*
8.23,-1.82E-12,-2.36E-12,*,*,*,*,*,*
8.231,-8.19E-12,-2.76E-12,*,*,*,*,*,*
8.232,-5.68E-13,-3.67E-12,*,*,*,*,*,*
8.233,-4.89E-12,-1.99E-12,*,*,*,*,*,*
8.234,7.39E-12,-4.18E-12,*,*,*,*,*,*
8.235,1.25E-12,8.24E-13,*,*,*,*,*,*
8.236,-9.78E-12,-1.05E-12,*,*,*,*,*,*
8.237,-7.50E-12,1.96E-12,*,*,*,*,*,*
8.238,-4.09E-12,-1.08E-12,*,*,*,*,*,*
8.239,2.61E-12,-1.88E-12,*,*,*,*,*,*
8.24,-3.30E-12,-2.36E-12,*,*,*,*,*,*
8.241,1.08E-11,-2.30E-12,*,*,*,*,*,*
8.242,-4.77E-12,-2.19E-12,*,*,*,*,*,*
8.243,4.21E-12,-1.39E-12,*,*,*,*,*,*
8.244,-3.30E-12,2.10E-12,*,*,*,*,*,*
8.245,-9.09E-13,8.81E-13,*,*,*,*,*,*
8.246,5.12E-12,-2.33E-12,*,*,*,*,*,*
8.247,-6.93E-12,1.88E-12,*,*,*,*,*,*
8.248,5.46E-12,1.53E-12,*,*,*,*,*,*
8.249,-7.39E-12,-1.73E-12,*,*,*,*,*,*
8.25,-6.82E-13,2.56E-13,*,*,*,*,*,*
8.251,-9.09E-13,3.30E-12,*,*,*,*,*,*
8.252,-8.75E-12,-1.36E-12,*,*,*,*,*,*
8.253,4.66E-12,-2.56E-13,*,*,*,*,*,*
8.254,1.53E-11,2.90E-12,*,*,*,*,*,*
8.255,1.82E-11,4.26E-13,*,*,*,*,*,*
8.256,-5.68E-12,-1.25E-12,*,*,*,*,*,*
8.257,7.33E-12,-1.08E-12,*,*,*,*,*,*
8.258,6.08E-12,1.28E-12,*,*,*,*,*,*
8.259,-1.38E-11,-5.68E-14,*,*,*,*,*,*
8.26,2.11E-11,1.34E-12,*,*,*,*,*,*
8.261,8.36E-12,-2.30E-12,*,*,*,*,*,*
8.262,-3.81E-12,-9.38E-13,*,*,*,*,*,*
8.263,7.84E-12,-3.10E-12,*,*,*,*,*,*
8.264,-4.77E-12,-2.25E-12,*,*,*,*,*,*
8.265,-2.84E-12,8.53E-13,*,*,*,*,*,*
8.266,-3.98E-13,5.12E-13,*,*,*,*,*,*
8.267,-9.66E-13,-6.82E-13,*,*,*,*,*,*
8.268,8.01E-12,8.24E-13,*,*,*,*,*,*
8.269,1.53E-12,-9.09E-13,*,*,*,*,*,*
8.27,3.75E-12,-3.41E-13,*,*,*,*,*,*
8.271,6.25E-13,2.56E-13,*,*,*,*,*,*
8.272,6.25E-12,1.19E-12,*,*,*,*,*,*
8.273,6.93E-12,2.93E-12,*,*,*,*,*,*
8.274,-3.24E-12,-7.11E-13,*,*,*,*,*,*
8.275,3.41E-13,-1.85E-12,*,*,*,*,*,*
8.276,-8.58E-12,1.65E-12,*,*,*,*,*,*
8.277,2.27E-13,7.67E-13,*,*,*,*,*,*
8.278,-5.29E-12,-4.18E-12,*,*,*,*,*,*
8.279,-9.38E-12,5.12E-13,*,*,*,*,*,*
8.28,-5.80E-12,-3.04E-12,*,*,*,*,*,*
8.281,-8.24E-12,5.12E-13,*,*,*,*,*,*
